invoice_id,customer_id,issue_date,due_date,amount,status,payment_date
INV000001,C0001,2024-09-16,2024-10-16,523.3,Paid,2024-10-19
INV000002,C0001,2024-10-28,2024-11-27,6281.11,Paid,2025-01-14
INV000003,C0001,2024-11-26,2024-12-26,5353.27,Written Off,
INV000004,C0001,2025-10-03,2025-11-02,697.77,Paid,2025-09-27
INV000005,C0001,2025-10-20,2025-11-19,2136.86,Disputed,
INV000006,C0001,2025-10-30,2025-11-29,6467.42,Paid,2025-12-14
INV000007,C0001,2025-11-08,2025-12-08,5675.53,Written Off,
INV000008,C0001,2026-05-30,2026-06-29,1853.72,Open,
INV000009,C0002,2024-09-11,2024-10-11,7847.58,Written Off,
INV000010,C0002,2024-10-04,2024-11-03,5045.58,Paid,2024-12-22
INV000011,C0002,2024-11-03,2024-12-03,5763.75,Disputed,
INV000012,C0002,2024-12-08,2025-01-07,1713.21,Paid,2025-01-03
INV000013,C0002,2025-01-01,2025-01-31,6337.42,Paid,2025-02-26
INV000014,C0002,2025-02-20,2025-03-22,1417.5,Paid,2025-06-08
INV000015,C0002,2025-06-13,2025-07-13,4750.73,Paid,2025-09-20
INV000016,C0002,2025-11-27,2025-12-27,7542.58,Paid,2026-02-11
INV000017,C0002,2025-12-12,2026-01-11,3411.06,Disputed,
INV000018,C0002,2026-02-01,2026-03-03,1332.53,Paid,2026-04-10
INV000019,C0003,2024-12-07,2025-01-06,4829.96,Written Off,
INV000020,C0003,2025-01-17,2025-02-16,3521.68,Paid,2025-04-17
INV000021,C0003,2025-05-14,2025-06-13,4707.93,Paid,2025-07-04
INV000022,C0003,2025-05-19,2025-06-18,5289.2,Paid,2025-07-05
INV000023,C0003,2025-05-21,2025-06-20,6363.23,Paid,2025-07-29
INV000024,C0003,2025-09-25,2025-10-25,5120.3,Paid,2026-01-10
INV000025,C0003,2025-10-10,2025-11-09,5972.63,Paid,2025-11-23
INV000026,C0003,2026-02-18,2026-03-20,4177.97,Paid,2026-03-28
INV000027,C0003,2026-05-12,2026-06-11,2721.27,Paid,2026-06-02
INV000028,C0004,2024-09-10,2024-11-09,156330.42,Paid,2024-12-31
INV000029,C0004,2024-10-06,2024-12-05,114138.67,Paid,2024-11-11
INV000030,C0004,2024-10-13,2024-12-12,173140.81,Paid,2025-03-01
INV000031,C0004,2024-10-16,2024-12-15,66308.65,Paid,2025-01-12
INV000032,C0004,2024-10-20,2024-12-19,78993.88,Written Off,
INV000033,C0004,2024-12-20,2025-02-18,49494.51,Paid,2025-03-15
INV000034,C0004,2025-02-26,2025-04-27,42374.63,Paid,2025-06-05
INV000035,C0004,2025-03-19,2025-05-18,106734.96,Paid,2025-05-10
INV000036,C0004,2025-04-01,2025-05-31,38363.32,Paid,2025-07-23
INV000037,C0004,2025-06-06,2025-08-05,28208.13,Paid,2025-08-24
INV000038,C0004,2025-07-08,2025-09-06,92438.94,Paid,2025-09-12
INV000039,C0004,2025-08-27,2025-10-26,164672.1,Paid,2025-11-22
INV000040,C0004,2025-12-10,2026-02-08,63189.79,Paid,2026-02-09
INV000041,C0004,2025-12-18,2026-02-16,96392.85,Paid,2026-02-11
INV000042,C0004,2026-02-06,2026-04-07,154192.08,Paid,2026-04-29
INV000043,C0004,2026-02-19,2026-04-20,125583.54,Disputed,
INV000044,C0004,2026-03-08,2026-05-07,75490.38,Paid,2026-06-10
INV000045,C0004,2026-03-30,2026-05-29,154339.01,Paid,2026-06-28
INV000046,C0005,2024-09-14,2024-10-29,36941.49,Paid,2024-11-02
INV000047,C0005,2024-11-06,2024-12-21,15537.66,Written Off,
INV000048,C0005,2024-11-16,2024-12-31,37316.04,Paid,2025-01-14
INV000049,C0005,2025-03-14,2025-04-28,25143.66,Paid,2025-04-29
INV000050,C0005,2025-04-05,2025-05-20,29012.24,Paid,2025-05-26
INV000051,C0005,2025-04-24,2025-06-08,25953.24,Paid,2025-07-06
INV000052,C0005,2025-05-03,2025-06-17,36423.13,Paid,2025-05-01
INV000053,C0005,2025-06-02,2025-07-17,31934.19,Paid,2025-06-27
INV000054,C0005,2025-07-15,2025-08-29,30099.3,Paid,2025-08-07
INV000055,C0005,2025-07-19,2025-09-02,27201.79,Paid,2025-10-08
INV000056,C0005,2025-07-27,2025-09-10,13664.45,Paid,2025-10-20
INV000057,C0005,2025-08-05,2025-09-19,15820.24,Disputed,
INV000058,C0005,2025-09-07,2025-10-22,31761.7,Paid,2025-10-14
INV000059,C0005,2025-09-09,2025-10-24,20204.02,Paid,2025-09-20
INV000060,C0005,2026-02-23,2026-04-09,32366.24,Paid,2026-05-08
INV000061,C0005,2026-02-24,2026-04-10,32676.21,Paid,2026-04-24
INV000062,C0005,2026-04-03,2026-05-18,4367.92,Disputed,
INV000063,C0006,2025-11-05,2025-12-05,6257.65,Paid,2025-11-25
INV000064,C0006,2025-12-30,2026-01-29,6466.71,Paid,2026-02-12
INV000065,C0006,2026-04-17,2026-05-17,5088.61,Written Off,
INV000066,C0007,2024-09-19,2024-11-03,17686.78,Paid,2024-11-03
INV000067,C0007,2025-01-30,2025-03-16,9940.97,Paid,2025-04-05
INV000068,C0007,2025-02-10,2025-03-27,29552.65,Paid,2025-04-18
INV000069,C0007,2025-02-15,2025-04-01,13965.4,Paid,2025-03-31
INV000070,C0007,2025-03-10,2025-04-24,24270.26,Paid,2025-03-23
INV000071,C0007,2025-04-10,2025-05-25,36866.05,Paid,2025-07-12
INV000072,C0007,2025-05-14,2025-06-28,16519.0,Paid,2025-06-10
INV000073,C0007,2025-05-23,2025-07-07,3653.74,Paid,2025-06-24
INV000074,C0007,2025-07-31,2025-09-14,15701.82,Paid,2025-09-13
INV000075,C0007,2025-08-04,2025-09-18,30822.64,Paid,2025-09-04
INV000076,C0007,2025-09-24,2025-11-08,36188.88,Paid,2025-10-07
INV000077,C0007,2025-11-02,2025-12-17,36635.4,Paid,2025-12-12
INV000078,C0007,2025-11-06,2025-12-21,24857.56,Paid,2026-01-03
INV000079,C0007,2025-11-20,2026-01-04,11930.77,Paid,2026-01-29
INV000080,C0007,2025-11-27,2026-01-11,35349.63,Paid,2026-01-26
INV000081,C0007,2025-12-28,2026-02-11,32303.05,Paid,2026-02-14
INV000082,C0007,2026-01-10,2026-02-24,20621.52,Paid,2026-03-31
INV000083,C0007,2026-02-26,2026-04-12,33141.62,Paid,2026-04-07
INV000084,C0007,2026-02-26,2026-04-12,9851.64,Paid,2026-05-06
INV000085,C0007,2026-03-25,2026-05-09,27158.12,Paid,2026-05-06
INV000086,C0007,2026-03-29,2026-05-13,19019.98,Paid,2026-06-10
INV000087,C0008,2024-09-27,2024-10-27,804.58,Paid,2024-10-17
INV000088,C0008,2024-10-03,2024-11-02,2706.79,Paid,2024-11-10
INV000089,C0008,2025-03-07,2025-04-06,3260.68,Paid,2025-05-17
INV000090,C0009,2025-03-12,2025-04-11,3507.89,Paid,2025-05-01
INV000091,C0009,2025-05-10,2025-06-09,6943.29,Paid,2025-06-29
INV000092,C0009,2025-07-10,2025-08-09,4069.17,Paid,2025-07-16
INV000093,C0009,2026-05-16,2026-06-15,6310.47,Paid,2026-06-06
INV000094,C0010,2025-01-24,2025-02-23,2846.67,Disputed,
INV000095,C0010,2025-02-02,2025-03-04,3847.93,Paid,2025-04-03
INV000096,C0010,2025-04-01,2025-05-01,664.78,Paid,2025-05-14
INV000097,C0010,2025-07-03,2025-08-02,371.3,Written Off,
INV000098,C0010,2025-11-10,2025-12-10,1151.85,Paid,2025-10-27
INV000099,C0010,2026-03-04,2026-04-03,4682.93,Paid,2026-03-24
INV000100,C0010,2026-04-06,2026-05-06,336.51,Paid,2026-06-18
INV000101,C0011,2025-02-06,2025-03-23,39432.03,Paid,2025-04-22
INV000102,C0011,2025-02-09,2025-03-26,14780.77,Paid,2025-04-14
INV000103,C0011,2025-03-05,2025-04-19,11005.16,Paid,2025-05-08
INV000104,C0011,2025-06-17,2025-08-01,5890.01,Paid,2025-08-13
INV000105,C0011,2025-08-21,2025-10-05,3704.26,Paid,2025-09-28
INV000106,C0011,2026-01-06,2026-02-20,29199.38,Paid,2026-04-03
INV000107,C0011,2026-02-27,2026-04-13,35930.72,Paid,2026-05-17
INV000108,C0011,2026-04-09,2026-05-24,8317.59,Paid,2026-05-05
INV000109,C0011,2026-05-10,2026-06-24,21769.83,Written Off,
INV000110,C0011,2026-05-27,2026-07-11,3613.45,Open,
INV000111,C0012,2024-10-03,2024-11-17,13905.94,Paid,2024-12-02
INV000112,C0012,2024-10-29,2024-12-13,3671.94,Paid,2025-01-10
INV000113,C0012,2024-12-15,2025-01-29,35333.87,Paid,2025-02-05
INV000114,C0012,2024-12-26,2025-02-09,23481.01,Paid,2025-02-23
INV000115,C0012,2025-02-22,2025-04-08,29853.48,Paid,2025-05-08
INV000116,C0012,2025-05-23,2025-07-07,39386.43,Paid,2025-07-06
INV000117,C0012,2025-06-12,2025-07-27,3461.39,Paid,2025-07-20
INV000118,C0012,2025-08-08,2025-09-22,18094.57,Paid,2025-09-14
INV000119,C0012,2025-08-31,2025-10-15,17615.27,Paid,2025-10-26
INV000120,C0012,2025-10-02,2025-11-16,38577.34,Paid,2025-11-11
INV000121,C0012,2025-12-04,2026-01-18,34782.37,Paid,2026-01-31
INV000122,C0012,2026-03-15,2026-04-29,20382.63,Paid,2026-03-25
INV000123,C0012,2026-03-26,2026-05-10,17024.95,Paid,2026-05-13
INV000124,C0013,2024-11-06,2024-12-06,6445.35,Paid,2024-12-15
INV000125,C0013,2025-06-11,2025-07-11,6025.72,Paid,2025-07-19
INV000126,C0013,2025-08-07,2025-09-06,3204.01,Paid,2025-11-10
INV000127,C0013,2025-08-30,2025-09-29,3338.65,Paid,2025-10-26
INV000128,C0013,2025-11-20,2025-12-20,4773.62,Paid,2025-12-18
INV000129,C0013,2026-01-10,2026-02-09,7502.44,Paid,2026-02-13
INV000130,C0013,2026-01-12,2026-02-11,3204.49,Paid,2026-03-08
INV000131,C0013,2026-03-30,2026-04-29,1554.11,Paid,2026-05-28
INV000132,C0013,2026-04-28,2026-05-28,7652.72,Paid,2026-05-19
INV000133,C0014,2024-10-07,2024-11-21,20815.18,Paid,2024-12-11
INV000134,C0014,2024-11-21,2025-01-05,21333.74,Paid,2024-11-28
INV000135,C0014,2024-12-28,2025-02-11,13906.64,Paid,2025-02-13
INV000136,C0014,2025-01-07,2025-02-21,36360.75,Paid,2025-03-17
INV000137,C0014,2025-02-13,2025-03-30,38260.97,Paid,2025-03-11
INV000138,C0014,2025-02-25,2025-04-11,14265.26,Paid,2025-04-06
INV000139,C0014,2025-04-08,2025-05-23,34294.49,Paid,2025-05-09
INV000140,C0014,2025-06-17,2025-08-01,9116.52,Paid,2025-08-06
INV000141,C0014,2025-07-02,2025-08-16,34521.53,Paid,2025-08-06
INV000142,C0014,2025-07-03,2025-08-17,13953.22,Paid,2025-07-19
INV000143,C0014,2025-07-30,2025-09-13,31120.55,Paid,2025-09-14
INV000144,C0014,2025-09-08,2025-10-23,37836.94,Paid,2025-12-10
INV000145,C0014,2026-03-16,2026-04-30,6714.64,Paid,2026-05-06
INV000146,C0014,2026-05-15,2026-06-29,9641.21,Open,
INV000147,C0015,2024-11-25,2025-01-09,12191.04,Paid,2024-12-05
INV000148,C0015,2025-04-05,2025-05-20,37780.7,Paid,2025-06-03
INV000149,C0015,2025-08-05,2025-09-19,22153.48,Paid,2025-11-15
INV000150,C0015,2025-08-07,2025-09-21,22853.02,Paid,2025-09-27
INV000151,C0015,2025-09-01,2025-10-16,7649.56,Paid,2025-11-07
INV000152,C0015,2025-11-27,2026-01-11,38268.6,Paid,2026-01-30
INV000153,C0015,2025-12-20,2026-02-03,10685.54,Written Off,
INV000154,C0015,2026-02-25,2026-04-11,7401.27,Paid,2026-04-28
INV000155,C0015,2026-03-12,2026-04-26,25500.78,Paid,2026-06-06
INV000156,C0015,2026-03-14,2026-04-28,22679.79,Paid,2026-05-18
INV000157,C0016,2024-10-02,2024-11-16,32364.51,Paid,2024-12-24
INV000158,C0016,2024-10-05,2024-11-19,19205.62,Written Off,
INV000159,C0016,2024-10-07,2024-11-21,39754.63,Disputed,
INV000160,C0016,2024-12-07,2025-01-21,19955.7,Paid,2025-01-26
INV000161,C0016,2025-04-06,2025-05-21,26394.46,Paid,2025-05-30
INV000162,C0016,2025-04-07,2025-05-22,14808.79,Paid,2025-05-04
INV000163,C0016,2025-04-25,2025-06-09,27418.2,Paid,2025-05-14
INV000164,C0016,2025-06-26,2025-08-10,38152.26,Paid,2025-07-12
INV000165,C0016,2025-08-23,2025-10-07,28089.48,Disputed,
INV000166,C0016,2025-10-02,2025-11-16,19636.41,Paid,2025-11-27
INV000167,C0016,2025-10-24,2025-12-08,39696.89,Paid,2025-12-05
INV000168,C0016,2025-11-09,2025-12-24,14191.77,Paid,2026-01-28
INV000169,C0016,2025-12-17,2026-01-31,30324.9,Paid,2026-02-01
INV000170,C0016,2025-12-23,2026-02-06,29631.95,Paid,2026-02-12
INV000171,C0016,2026-01-20,2026-03-06,18514.14,Paid,2026-03-09
INV000172,C0016,2026-02-10,2026-03-27,18101.8,Paid,2026-04-13
INV000173,C0016,2026-02-17,2026-04-03,6393.78,Paid,2026-04-21
INV000174,C0016,2026-04-10,2026-05-25,27527.66,Paid,2026-06-06
INV000175,C0016,2026-04-17,2026-06-01,10318.96,Paid,2026-05-25
INV000176,C0017,2024-11-22,2025-01-06,36682.1,Paid,2025-01-20
INV000177,C0017,2024-11-28,2025-01-12,28951.47,Paid,2025-01-09
INV000178,C0017,2024-12-19,2025-02-02,12438.96,Paid,2025-02-07
INV000179,C0017,2025-02-23,2025-04-09,39116.75,Paid,2025-04-18
INV000180,C0017,2025-02-26,2025-04-12,3859.42,Paid,2025-04-05
INV000181,C0017,2025-02-27,2025-04-13,25578.42,Paid,2025-04-06
INV000182,C0017,2025-02-28,2025-04-14,34597.42,Paid,2025-03-29
INV000183,C0017,2025-10-31,2025-12-15,21123.5,Paid,2025-12-22
INV000184,C0017,2025-11-04,2025-12-19,12035.59,Paid,2025-12-12
INV000185,C0017,2026-01-01,2026-02-15,34202.95,Paid,2026-03-01
INV000186,C0017,2026-03-09,2026-04-23,31292.69,Paid,2026-04-30
INV000187,C0018,2025-02-01,2025-03-03,3456.86,Paid,2025-04-20
INV000188,C0018,2025-02-12,2025-03-14,6926.39,Written Off,
INV000189,C0018,2025-03-04,2025-04-03,2888.2,Paid,2025-04-27
INV000190,C0018,2025-03-14,2025-04-13,1365.13,Paid,2025-04-20
INV000191,C0018,2025-06-22,2025-07-22,3303.48,Paid,2025-06-25
INV000192,C0018,2025-09-22,2025-10-22,1485.52,Paid,2025-12-06
INV000193,C0018,2025-10-09,2025-11-08,7483.34,Disputed,
INV000194,C0018,2025-10-16,2025-11-15,1362.58,Paid,2025-12-08
INV000195,C0019,2024-11-11,2024-12-26,28388.03,Paid,2024-12-31
INV000196,C0019,2024-12-09,2025-01-23,39978.61,Paid,2025-01-23
INV000197,C0019,2024-12-22,2025-02-05,29930.2,Paid,2025-02-26
INV000198,C0019,2025-01-21,2025-03-07,20064.73,Disputed,
INV000199,C0019,2025-02-03,2025-03-20,27873.78,Paid,2025-02-27
INV000200,C0019,2025-05-28,2025-07-12,33788.44,Paid,2025-06-28
INV000201,C0019,2025-06-16,2025-07-31,14897.19,Paid,2025-09-01
INV000202,C0019,2025-07-16,2025-08-30,21176.53,Paid,2025-08-27
INV000203,C0019,2025-07-20,2025-09-03,35525.54,Paid,2025-09-27
INV000204,C0019,2025-08-18,2025-10-02,22752.08,Disputed,
INV000205,C0019,2025-09-02,2025-10-17,3019.19,Paid,2025-10-03
INV000206,C0019,2025-10-28,2025-12-12,4289.02,Paid,2025-12-08
INV000207,C0019,2025-11-27,2026-01-11,9216.03,Paid,2026-01-08
INV000208,C0019,2026-02-13,2026-03-30,33455.61,Paid,2026-03-26
INV000209,C0020,2025-01-07,2025-02-21,30759.84,Paid,2025-04-12
INV000210,C0020,2025-02-11,2025-03-28,11110.0,Paid,2025-03-25
INV000211,C0020,2025-03-28,2025-05-12,7399.68,Paid,2025-06-02
INV000212,C0020,2025-05-10,2025-06-24,9487.82,Paid,2025-07-28
INV000213,C0020,2025-07-19,2025-09-02,39644.37,Paid,2025-09-18
INV000214,C0020,2025-08-14,2025-09-28,19602.99,Paid,2025-10-10
INV000215,C0020,2025-09-10,2025-10-25,39097.04,Paid,2025-09-06
INV000216,C0020,2025-12-14,2026-01-28,11169.52,Paid,2026-01-29
INV000217,C0020,2025-12-24,2026-02-07,30184.83,Paid,2026-01-24
INV000218,C0021,2024-09-17,2024-10-17,4932.0,Paid,2024-09-11
INV000219,C0021,2024-10-02,2024-11-01,3523.65,Paid,2024-11-06
INV000220,C0021,2025-06-23,2025-07-23,4621.42,Paid,2025-08-03
INV000221,C0021,2025-08-04,2025-09-03,4318.77,Paid,2025-08-11
INV000222,C0021,2025-11-27,2025-12-27,5510.22,Written Off,
INV000223,C0022,2024-12-19,2025-01-18,3918.66,Paid,2025-03-05
INV000224,C0022,2025-10-17,2025-11-16,758.05,Paid,2026-01-26
INV000225,C0022,2026-01-06,2026-02-05,1805.25,Paid,2026-01-29
INV000226,C0022,2026-01-09,2026-02-08,1063.51,Paid,2026-01-21
INV000227,C0022,2026-02-17,2026-03-19,1656.26,Paid,2026-04-03
INV000228,C0022,2026-03-22,2026-04-21,2767.06,Disputed,
INV000229,C0022,2026-03-24,2026-04-23,3051.75,Paid,2026-05-19
INV000230,C0023,2024-09-21,2024-10-21,1239.16,Paid,2024-12-11
INV000231,C0023,2024-10-03,2024-11-02,6612.53,Paid,2024-11-29
INV000232,C0023,2024-11-03,2024-12-03,640.15,Paid,2025-01-02
INV000233,C0023,2024-11-08,2024-12-08,7604.57,Paid,2025-01-08
INV000234,C0023,2024-11-13,2024-12-13,1611.63,Paid,2024-11-29
INV000235,C0023,2025-06-20,2025-07-20,4101.27,Paid,2025-06-05
INV000236,C0023,2025-11-20,2025-12-20,3360.94,Paid,2025-12-15
INV000237,C0023,2025-12-24,2026-01-23,2772.36,Paid,2026-02-25
INV000238,C0023,2026-03-20,2026-04-19,6969.31,Paid,2026-04-08
INV000239,C0023,2026-04-16,2026-05-16,3446.75,Paid,2026-06-29
INV000240,C0024,2025-02-20,2025-03-22,5372.4,Paid,2025-03-10
INV000241,C0024,2025-03-29,2025-04-28,2962.13,Paid,2025-05-01
INV000242,C0024,2025-05-03,2025-06-02,1578.68,Paid,2025-06-27
INV000243,C0024,2025-05-08,2025-06-07,1951.95,Paid,2025-06-01
INV000244,C0024,2025-06-15,2025-07-15,2282.15,Paid,2025-07-01
INV000245,C0024,2025-08-28,2025-09-27,4899.94,Disputed,
INV000246,C0024,2025-12-10,2026-01-09,7580.5,Paid,2026-01-05
INV000247,C0024,2026-01-06,2026-02-05,4758.13,Disputed,
INV000248,C0024,2026-01-24,2026-02-23,5539.22,Written Off,
INV000249,C0024,2026-04-18,2026-05-18,6024.64,Paid,2026-04-06
INV000250,C0024,2026-05-11,2026-06-10,3886.33,Paid,2026-06-15
INV000251,C0025,2025-04-26,2025-05-26,2381.63,Paid,2025-05-31
INV000252,C0025,2026-02-25,2026-03-27,4123.75,Paid,2026-04-20
INV000253,C0025,2026-03-14,2026-04-13,7719.57,Paid,2026-04-12
INV000254,C0025,2026-03-15,2026-04-14,4875.9,Paid,2026-05-02
INV000255,C0025,2026-05-23,2026-06-22,1078.52,Open,
INV000256,C0026,2025-05-29,2025-06-28,3515.67,Paid,2025-06-08
INV000257,C0026,2025-09-22,2025-10-22,6750.42,Paid,2025-11-06
INV000258,C0026,2025-10-12,2025-11-11,7032.37,Paid,2025-11-13
INV000259,C0026,2025-12-09,2026-01-08,3870.3,Paid,2026-02-10
INV000260,C0026,2026-04-03,2026-05-03,5446.15,Paid,2026-05-09
INV000261,C0026,2026-04-19,2026-05-19,608.73,Paid,2026-06-16
INV000262,C0026,2026-05-19,2026-06-18,1950.31,Paid,2026-06-22
INV000263,C0027,2024-10-22,2024-12-06,35242.14,Paid,2024-12-14
INV000264,C0027,2024-11-01,2024-12-16,18949.83,Paid,2025-01-10
INV000265,C0027,2024-12-28,2025-02-11,39761.09,Written Off,
INV000266,C0027,2025-01-05,2025-02-19,29114.49,Paid,2025-03-28
INV000267,C0027,2025-01-22,2025-03-08,4669.25,Paid,2025-04-05
INV000268,C0027,2025-02-04,2025-03-21,7347.66,Paid,2025-04-22
INV000269,C0027,2025-05-16,2025-06-30,8763.03,Paid,2025-07-04
INV000270,C0027,2025-05-23,2025-07-07,23995.58,Paid,2025-07-14
INV000271,C0027,2025-07-24,2025-09-07,5335.34,Paid,2025-08-07
INV000272,C0027,2025-09-07,2025-10-22,10006.45,Paid,2025-11-14
INV000273,C0027,2025-10-21,2025-12-05,6488.58,Paid,2026-01-20
INV000274,C0027,2026-01-29,2026-03-15,33710.71,Paid,2026-04-19
INV000275,C0027,2026-04-27,2026-06-11,37905.15,Paid,2026-06-24
INV000276,C0027,2026-05-14,2026-06-28,23190.0,Open,
INV000277,C0028,2024-10-20,2024-12-04,25652.18,Paid,2024-12-03
INV000278,C0028,2024-10-28,2024-12-12,10615.33,Paid,2025-02-08
INV000279,C0028,2024-11-12,2024-12-27,22082.96,Paid,2025-01-22
INV000280,C0028,2025-01-02,2025-02-16,11745.34,Paid,2025-02-20
INV000281,C0028,2025-01-03,2025-02-17,5343.15,Paid,2025-02-15
INV000282,C0028,2025-02-26,2025-04-12,36760.61,Paid,2025-05-10
INV000283,C0028,2025-04-19,2025-06-03,10469.09,Paid,2025-06-05
INV000284,C0028,2025-05-05,2025-06-19,34973.06,Paid,2025-08-01
INV000285,C0028,2025-05-08,2025-06-22,6351.43,Paid,2025-08-29
INV000286,C0028,2025-06-12,2025-07-27,37990.67,Paid,2025-08-09
INV000287,C0028,2025-06-18,2025-08-02,22997.64,Paid,2025-08-24
INV000288,C0028,2025-06-18,2025-08-02,27168.1,Paid,2025-07-22
INV000289,C0028,2025-07-05,2025-08-19,11459.89,Paid,2025-09-16
INV000290,C0028,2025-08-28,2025-10-12,37656.78,Paid,2025-10-01
INV000291,C0028,2025-11-23,2026-01-07,21412.96,Paid,2026-01-25
INV000292,C0028,2025-12-06,2026-01-20,19156.7,Paid,2025-11-20
INV000293,C0028,2025-12-06,2026-01-20,20684.02,Disputed,
INV000294,C0028,2025-12-31,2026-02-14,24939.4,Paid,2026-04-03
INV000295,C0028,2026-01-10,2026-02-24,4880.84,Paid,2026-05-05
INV000296,C0028,2026-03-04,2026-04-18,36179.95,Disputed,
INV000297,C0028,2026-04-16,2026-05-31,33421.9,Paid,2026-06-10
INV000298,C0029,2025-01-01,2025-01-31,5401.48,Paid,2025-03-26
INV000299,C0029,2025-03-12,2025-04-11,3156.02,Paid,2025-05-20
INV000300,C0029,2025-10-07,2025-11-06,4194.37,Paid,2025-10-23
INV000301,C0029,2025-10-12,2025-11-11,1959.31,Paid,2025-10-13
INV000302,C0029,2026-01-04,2026-02-03,1829.09,Paid,2026-02-27
INV000303,C0029,2026-02-28,2026-03-30,7189.1,Disputed,
INV000304,C0030,2024-12-08,2025-01-22,31140.2,Paid,2025-02-18
INV000305,C0030,2024-12-30,2025-02-13,16234.26,Paid,2025-01-21
INV000306,C0030,2025-01-04,2025-02-18,13116.9,Paid,2025-02-12
INV000307,C0030,2025-02-28,2025-04-14,23358.87,Disputed,
INV000308,C0030,2025-03-05,2025-04-19,20801.55,Paid,2025-05-05
INV000309,C0030,2025-03-28,2025-05-12,33157.7,Paid,2025-04-23
INV000310,C0030,2025-05-10,2025-06-24,11907.86,Paid,2025-08-03
INV000311,C0030,2025-08-04,2025-09-18,20296.93,Paid,2025-10-09
INV000312,C0030,2026-01-25,2026-03-11,30815.89,Paid,2026-05-06
INV000313,C0031,2024-09-10,2024-10-10,3143.4,Paid,2024-09-12
INV000314,C0031,2025-06-07,2025-07-07,7461.03,Paid,2025-08-29
INV000315,C0031,2025-11-21,2025-12-21,6977.23,Paid,2025-12-04
INV000316,C0032,2024-09-11,2024-10-11,3974.44,Paid,2024-11-13
INV000317,C0032,2024-10-22,2024-11-21,4674.89,Paid,2025-01-03
INV000318,C0032,2025-04-17,2025-05-17,1136.66,Paid,2025-05-08
INV000319,C0032,2025-06-21,2025-07-21,6828.34,Paid,2025-07-13
INV000320,C0032,2025-07-19,2025-08-18,7152.22,Paid,2025-09-26
INV000321,C0032,2025-11-27,2025-12-27,2364.26,Paid,2026-02-18
INV000322,C0032,2025-12-29,2026-01-28,2953.73,Paid,2026-01-23
INV000323,C0032,2026-01-18,2026-02-17,1607.46,Disputed,
INV000324,C0032,2026-02-13,2026-03-15,7609.56,Paid,2026-03-22
INV000325,C0032,2026-04-02,2026-05-02,5546.24,Paid,2026-04-29
INV000326,C0033,2024-11-29,2024-12-29,2426.8,Paid,2024-12-16
INV000327,C0033,2025-01-28,2025-02-27,3610.67,Paid,2025-02-02
INV000328,C0033,2025-02-16,2025-03-18,6273.59,Paid,2025-04-17
INV000329,C0033,2025-03-10,2025-04-09,6730.47,Written Off,
INV000330,C0033,2025-05-26,2025-06-25,4697.99,Written Off,
INV000331,C0033,2025-11-06,2025-12-06,1901.59,Paid,2025-12-22
INV000332,C0033,2026-01-04,2026-02-03,985.62,Paid,2026-02-20
INV000333,C0033,2026-02-01,2026-03-03,3160.88,Paid,2026-04-19
INV000334,C0033,2026-04-05,2026-05-05,3457.38,Paid,2026-04-16
INV000335,C0033,2026-04-10,2026-05-10,5245.34,Paid,2026-05-09
INV000336,C0033,2026-05-30,2026-06-29,3471.19,Open,
INV000337,C0034,2024-10-26,2024-12-25,147448.9,Paid,2025-01-21
INV000338,C0034,2024-11-02,2025-01-01,57030.18,Paid,2025-01-22
INV000339,C0034,2024-11-23,2025-01-22,81337.89,Paid,2025-05-02
INV000340,C0034,2024-12-20,2025-02-18,80867.22,Paid,2025-02-16
INV000341,C0034,2024-12-28,2025-02-26,120476.31,Paid,2025-04-07
INV000342,C0034,2025-01-01,2025-03-02,166370.27,Paid,2025-04-21
INV000343,C0034,2025-01-06,2025-03-07,52564.09,Paid,2025-04-05
INV000344,C0034,2025-01-13,2025-03-14,65457.04,Paid,2025-03-10
INV000345,C0034,2025-01-30,2025-03-31,36168.39,Paid,2025-04-27
INV000346,C0034,2025-03-04,2025-05-03,135181.87,Paid,2025-06-18
INV000347,C0034,2025-05-16,2025-07-15,102030.51,Paid,2025-06-23
INV000348,C0034,2025-05-22,2025-07-21,138643.22,Paid,2025-07-27
INV000349,C0034,2025-06-23,2025-08-22,54325.86,Paid,2025-09-11
INV000350,C0034,2025-06-26,2025-08-25,111136.32,Paid,2025-09-08
INV000351,C0034,2025-12-09,2026-02-07,165670.37,Paid,2026-04-02
INV000352,C0034,2025-12-25,2026-02-23,126865.36,Paid,2026-03-07
INV000353,C0034,2026-01-21,2026-03-22,146213.32,Paid,2026-02-20
INV000354,C0034,2026-04-02,2026-06-01,166446.9,Open,
INV000355,C0034,2026-05-11,2026-07-10,120306.89,Open,
INV000356,C0035,2024-11-01,2024-12-16,39259.21,Paid,2025-01-03
INV000357,C0035,2025-02-28,2025-04-14,31497.15,Paid,2025-03-18
INV000358,C0035,2025-05-02,2025-06-16,27363.79,Written Off,
INV000359,C0035,2025-05-21,2025-07-05,11145.84,Paid,2025-06-23
INV000360,C0035,2025-07-27,2025-09-10,21337.39,Paid,2025-09-08
INV000361,C0035,2025-09-18,2025-11-02,35008.71,Paid,2025-11-23
INV000362,C0035,2025-09-28,2025-11-12,37970.49,Paid,2025-11-13
INV000363,C0035,2026-01-15,2026-03-01,12531.67,Paid,2026-02-08
INV000364,C0035,2026-03-12,2026-04-26,35771.09,Paid,2026-04-08
INV000365,C0036,2024-09-18,2024-11-02,26696.25,Paid,2024-11-30
INV000366,C0036,2024-11-05,2024-12-20,33034.84,Paid,2024-11-06
INV000367,C0036,2024-11-08,2024-12-23,8218.01,Paid,2024-12-07
INV000368,C0036,2024-11-18,2025-01-02,37110.21,Paid,2024-12-27
INV000369,C0036,2025-01-25,2025-03-11,10835.57,Paid,2025-04-09
INV000370,C0036,2025-02-04,2025-03-21,5638.27,Disputed,
INV000371,C0036,2025-04-05,2025-05-20,7904.06,Paid,2025-05-05
INV000372,C0036,2025-04-25,2025-06-09,31653.44,Paid,2025-06-16
INV000373,C0036,2025-05-18,2025-07-02,26623.3,Paid,2025-07-03
INV000374,C0036,2025-06-09,2025-07-24,19553.53,Paid,2025-08-19
INV000375,C0036,2025-07-01,2025-08-15,9279.42,Paid,2025-08-03
INV000376,C0036,2025-08-05,2025-09-19,8680.67,Paid,2025-10-27
INV000377,C0036,2025-10-10,2025-11-24,15217.45,Paid,2025-12-15
INV000378,C0036,2025-11-27,2026-01-11,5876.55,Paid,2026-01-24
INV000379,C0036,2025-12-18,2026-02-01,11015.03,Paid,2026-01-21
INV000380,C0036,2026-01-20,2026-03-06,13915.71,Paid,2026-02-27
INV000381,C0036,2026-04-15,2026-05-30,23508.57,Open,
INV000382,C0036,2026-05-04,2026-06-18,26071.22,Paid,2026-06-25
INV000383,C0037,2024-10-03,2024-11-17,11771.3,Paid,2024-11-21
INV000384,C0037,2024-10-18,2024-12-02,31135.6,Paid,2024-11-12
INV000385,C0037,2024-10-26,2024-12-10,25929.62,Paid,2024-12-28
INV000386,C0037,2025-01-20,2025-03-06,22560.33,Paid,2025-02-18
INV000387,C0037,2025-03-30,2025-05-14,5658.46,Paid,2025-05-28
INV000388,C0037,2025-05-19,2025-07-03,37102.34,Paid,2025-07-31
INV000389,C0037,2025-06-05,2025-07-20,38601.4,Paid,2025-06-22
INV000390,C0037,2025-06-08,2025-07-23,11025.9,Written Off,
INV000391,C0037,2025-06-12,2025-07-27,18981.99,Paid,2025-07-31
INV000392,C0037,2025-08-23,2025-10-07,4189.52,Paid,2025-10-10
INV000393,C0037,2025-09-24,2025-11-08,37819.82,Paid,2025-11-08
INV000394,C0037,2025-11-09,2025-12-24,15070.82,Paid,2025-12-28
INV000395,C0037,2025-12-18,2026-02-01,31106.79,Paid,2025-12-27
INV000396,C0037,2025-12-23,2026-02-06,21507.76,Paid,2026-02-18
INV000397,C0037,2026-02-13,2026-03-30,39956.66,Paid,2026-02-21
INV000398,C0037,2026-05-28,2026-07-12,12266.02,Open,
INV000399,C0038,2024-11-09,2024-12-09,5220.51,Paid,2024-10-31
INV000400,C0038,2026-05-24,2026-06-23,1869.73,Open,
INV000401,C0039,2024-09-25,2024-11-24,35992.28,Paid,2025-01-08
INV000402,C0039,2024-10-22,2024-12-21,88636.59,Paid,2024-11-13
INV000403,C0039,2024-12-21,2025-02-19,106406.89,Paid,2025-02-28
INV000404,C0039,2025-02-01,2025-04-02,44205.23,Paid,2025-04-29
INV000405,C0039,2025-02-19,2025-04-20,25716.22,Paid,2025-05-24
INV000406,C0039,2025-03-24,2025-05-23,18584.37,Paid,2025-07-12
INV000407,C0039,2025-04-01,2025-05-31,115083.45,Paid,2025-07-09
INV000408,C0039,2025-05-19,2025-07-18,26846.53,Paid,2025-09-05
INV000409,C0039,2025-05-21,2025-07-20,16817.75,Paid,2025-08-03
INV000410,C0039,2025-05-29,2025-07-28,105666.45,Paid,2025-08-24
INV000411,C0039,2025-06-08,2025-08-07,123897.73,Paid,2025-08-10
INV000412,C0039,2025-06-13,2025-08-12,172269.48,Paid,2025-07-11
INV000413,C0039,2025-07-20,2025-09-18,93743.43,Paid,2025-11-18
INV000414,C0039,2025-08-15,2025-10-14,22583.94,Paid,2025-12-14
INV000415,C0039,2025-08-24,2025-10-23,18042.24,Paid,2025-09-16
INV000416,C0039,2025-09-02,2025-11-01,115716.68,Paid,2025-11-27
INV000417,C0039,2025-09-06,2025-11-05,132431.46,Paid,2025-12-24
INV000418,C0039,2025-10-11,2025-12-10,114561.98,Written Off,
INV000419,C0039,2025-10-11,2025-12-10,51892.4,Paid,2025-11-16
INV000420,C0039,2025-11-07,2026-01-06,44150.05,Paid,2025-12-27
INV000421,C0039,2025-12-22,2026-02-20,48222.47,Written Off,
INV000422,C0039,2026-01-22,2026-03-23,167618.81,Written Off,
INV000423,C0039,2026-01-28,2026-03-29,140898.18,Paid,2026-04-05
INV000424,C0039,2026-04-01,2026-05-31,175167.18,Disputed,
INV000425,C0039,2026-04-09,2026-06-08,155215.22,Open,
INV000426,C0039,2026-04-21,2026-06-20,83846.85,Open,
INV000427,C0039,2026-05-05,2026-07-04,137062.05,Paid,2026-06-23
INV000428,C0039,2026-05-21,2026-07-20,155081.44,Open,
INV000429,C0039,2026-05-21,2026-07-20,66515.36,Open,
INV000430,C0040,2024-12-21,2025-01-20,7557.78,Paid,2025-03-21
INV000431,C0040,2025-01-18,2025-02-17,6918.62,Paid,2025-03-10
INV000432,C0040,2025-04-29,2025-05-29,2161.09,Paid,2025-05-28
INV000433,C0040,2025-12-08,2026-01-07,2285.78,Paid,2025-12-24
INV000434,C0040,2026-05-11,2026-06-10,1459.61,Paid,2026-05-10
INV000435,C0041,2024-09-17,2024-11-01,27079.4,Paid,2024-10-19
INV000436,C0041,2024-09-23,2024-11-07,21102.81,Paid,2024-10-30
INV000437,C0041,2024-10-16,2024-11-30,28438.76,Paid,2024-12-06
INV000438,C0041,2024-11-29,2025-01-13,8172.14,Paid,2025-01-03
INV000439,C0041,2025-03-01,2025-04-15,22309.43,Disputed,
INV000440,C0041,2025-03-17,2025-05-01,25732.29,Paid,2025-04-04
INV000441,C0041,2025-03-22,2025-05-06,7020.68,Paid,2025-05-07
INV000442,C0041,2025-04-02,2025-05-17,19892.25,Paid,2025-05-17
INV000443,C0041,2025-05-23,2025-07-07,16979.99,Paid,2025-06-30
INV000444,C0041,2025-06-12,2025-07-27,3807.76,Paid,2025-07-28
INV000445,C0041,2025-06-30,2025-08-14,18587.36,Paid,2025-07-18
INV000446,C0041,2025-07-23,2025-09-06,37868.96,Paid,2025-09-08
INV000447,C0041,2025-07-29,2025-09-12,31262.23,Paid,2025-09-17
INV000448,C0041,2025-12-10,2026-01-24,26397.14,Paid,2026-01-12
INV000449,C0041,2025-12-25,2026-02-08,4566.81,Paid,2026-01-24
INV000450,C0041,2025-12-25,2026-02-08,8429.5,Paid,2026-01-11
INV000451,C0041,2026-01-24,2026-03-10,3600.53,Paid,2026-02-15
INV000452,C0041,2026-02-19,2026-04-05,14984.35,Paid,2026-03-10
INV000453,C0041,2026-02-21,2026-04-07,20570.44,Paid,2026-04-04
INV000454,C0041,2026-05-01,2026-06-15,12834.95,Paid,2026-06-12
INV000455,C0042,2025-12-10,2026-01-09,7777.74,Paid,2026-02-04
INV000456,C0042,2026-04-16,2026-05-16,6918.39,Paid,2026-04-25
INV000457,C0043,2024-09-20,2024-11-04,10406.79,Paid,2024-11-11
INV000458,C0043,2024-12-28,2025-02-11,27968.07,Paid,2025-03-11
INV000459,C0043,2025-01-06,2025-02-20,15907.84,Paid,2025-05-05
INV000460,C0043,2025-01-23,2025-03-09,16368.06,Paid,2025-03-01
INV000461,C0043,2025-03-11,2025-04-25,10911.74,Paid,2025-05-18
INV000462,C0043,2025-03-29,2025-05-13,4442.24,Paid,2025-04-28
INV000463,C0043,2025-05-07,2025-06-21,11823.26,Paid,2025-07-21
INV000464,C0043,2025-05-15,2025-06-29,37665.57,Paid,2025-05-29
INV000465,C0043,2025-08-05,2025-09-19,29402.7,Paid,2025-08-29
INV000466,C0043,2025-11-25,2026-01-09,9025.69,Paid,2026-02-08
INV000467,C0043,2026-03-04,2026-04-18,9582.76,Written Off,
INV000468,C0043,2026-04-04,2026-05-19,37323.73,Written Off,
INV000469,C0043,2026-05-16,2026-06-30,7005.23,Paid,2026-05-25
INV000470,C0044,2024-09-17,2024-11-01,39659.96,Paid,2024-12-23
INV000471,C0044,2024-10-28,2024-12-12,22677.48,Paid,2024-12-19
INV000472,C0044,2025-01-01,2025-02-15,31296.0,Paid,2025-04-03
INV000473,C0044,2025-01-07,2025-02-21,19070.92,Paid,2025-03-23
INV000474,C0044,2025-01-22,2025-03-08,14413.01,Disputed,
INV000475,C0044,2025-02-21,2025-04-07,39787.96,Disputed,
INV000476,C0044,2025-02-25,2025-04-11,27280.5,Paid,2025-06-02
INV000477,C0044,2025-03-05,2025-04-19,32571.25,Paid,2025-06-30
INV000478,C0044,2025-03-28,2025-05-12,6621.68,Paid,2025-06-15
INV000479,C0044,2025-03-28,2025-05-12,4570.94,Paid,2025-07-07
INV000480,C0044,2025-04-04,2025-05-19,17531.2,Paid,2025-06-07
INV000481,C0044,2025-04-06,2025-05-21,13002.62,Paid,2025-06-24
INV000482,C0044,2025-04-13,2025-05-28,15128.89,Paid,2025-06-26
INV000483,C0044,2025-04-30,2025-06-14,12522.78,Paid,2025-07-10
INV000484,C0044,2025-05-04,2025-06-18,16021.41,Paid,2025-06-29
INV000485,C0044,2025-05-25,2025-07-09,33484.76,Paid,2025-08-08
INV000486,C0044,2025-09-20,2025-11-04,32034.71,Paid,2025-12-12
INV000487,C0044,2026-04-05,2026-05-20,8257.85,Paid,2026-06-24
INV000488,C0044,2026-05-18,2026-07-02,33274.41,Open,
INV000489,C0045,2024-10-08,2024-11-22,33188.34,Paid,2024-11-22
INV000490,C0045,2024-11-13,2024-12-28,12566.62,Paid,2025-01-22
INV000491,C0045,2025-02-13,2025-03-30,37670.9,Paid,2025-04-12
INV000492,C0045,2025-04-03,2025-05-18,14960.84,Paid,2025-05-07
INV000493,C0045,2025-04-14,2025-05-29,19378.27,Paid,2025-05-25
INV000494,C0045,2025-05-03,2025-06-17,39991.32,Paid,2025-07-08
INV000495,C0045,2025-08-26,2025-10-10,20847.91,Paid,2025-11-01
INV000496,C0045,2025-09-16,2025-10-31,7218.71,Paid,2025-09-30
INV000497,C0045,2025-12-04,2026-01-18,14644.55,Paid,2026-01-06
INV000498,C0045,2026-04-22,2026-06-06,18397.98,Paid,2026-05-17
INV000499,C0046,2024-09-25,2024-10-25,2910.42,Paid,2024-11-13
INV000500,C0046,2024-10-13,2024-11-12,7613.86,Paid,2024-10-12
INV000501,C0046,2024-11-14,2024-12-14,1350.82,Paid,2024-12-15
INV000502,C0046,2025-09-12,2025-10-12,4436.23,Disputed,
INV000503,C0046,2025-09-26,2025-10-26,3140.36,Paid,2025-11-09
INV000504,C0046,2025-11-24,2025-12-24,1816.59,Paid,2026-01-01
INV000505,C0047,2025-02-03,2025-03-05,3217.28,Paid,2025-03-31
INV000506,C0047,2025-04-09,2025-05-09,4319.25,Paid,2025-05-09
INV000507,C0047,2025-08-07,2025-09-06,752.13,Paid,2025-09-07
INV000508,C0047,2025-11-16,2025-12-16,7897.68,Paid,2026-01-28
INV000509,C0047,2026-05-29,2026-06-28,4627.47,Open,
INV000510,C0048,2024-10-22,2024-11-21,6110.19,Paid,2024-11-16
INV000511,C0048,2025-09-17,2025-10-17,580.51,Paid,2025-11-06
INV000512,C0048,2025-10-06,2025-11-05,6924.66,Paid,2025-11-28
INV000513,C0048,2025-12-05,2026-01-04,1748.4,Paid,2025-12-17
INV000514,C0048,2026-02-14,2026-03-16,1873.57,Paid,2026-03-04
INV000515,C0048,2026-03-08,2026-04-07,6184.42,Paid,2026-03-30
INV000516,C0048,2026-04-14,2026-05-14,7784.94,Paid,2026-05-08
INV000517,C0049,2024-09-04,2024-11-03,179176.55,Paid,2024-10-22
INV000518,C0049,2024-09-26,2024-11-25,44816.52,Paid,2024-12-11
INV000519,C0049,2024-09-28,2024-11-27,43798.63,Paid,2024-11-28
INV000520,C0049,2024-10-17,2024-12-16,166675.52,Disputed,
INV000521,C0049,2024-10-29,2024-12-28,81540.14,Paid,2025-01-22
INV000522,C0049,2025-01-13,2025-03-14,177694.91,Paid,2025-02-19
INV000523,C0049,2025-01-31,2025-04-01,109650.71,Paid,2025-02-22
INV000524,C0049,2025-03-06,2025-05-05,77161.32,Paid,2025-06-03
INV000525,C0049,2025-03-10,2025-05-09,85684.79,Paid,2025-05-22
INV000526,C0049,2025-03-19,2025-05-18,75979.32,Disputed,
INV000527,C0049,2025-03-26,2025-05-25,43102.65,Paid,2025-06-24
INV000528,C0049,2025-06-02,2025-08-01,62529.89,Disputed,
INV000529,C0049,2025-06-05,2025-08-04,157320.39,Paid,2025-07-24
INV000530,C0049,2025-06-28,2025-08-27,18919.82,Paid,2025-08-22
INV000531,C0049,2025-07-07,2025-09-05,53726.08,Paid,2025-09-01
INV000532,C0049,2025-07-30,2025-09-28,146261.71,Paid,2025-11-15
INV000533,C0049,2025-08-23,2025-10-22,178200.17,Paid,2025-11-02
INV000534,C0049,2025-09-17,2025-11-16,23538.71,Paid,2025-12-21
INV000535,C0049,2025-09-22,2025-11-21,124760.3,Paid,2025-12-04
INV000536,C0049,2025-09-28,2025-11-27,84064.84,Paid,2026-01-20
INV000537,C0049,2025-10-09,2025-12-08,91267.61,Paid,2026-01-10
INV000538,C0049,2025-11-17,2026-01-16,56390.73,Paid,2025-11-30
INV000539,C0049,2025-12-09,2026-02-07,158897.21,Paid,2026-03-16
INV000540,C0049,2025-12-09,2026-02-07,129486.79,Paid,2026-01-24
INV000541,C0049,2025-12-26,2026-02-24,39849.1,Disputed,
INV000542,C0049,2026-01-15,2026-03-16,140771.47,Disputed,
INV000543,C0049,2026-03-10,2026-05-09,138431.71,Paid,2026-06-02
INV000544,C0049,2026-03-27,2026-05-26,139752.42,Written Off,
INV000545,C0049,2026-04-28,2026-06-27,113206.24,Paid,2026-06-11
INV000546,C0049,2026-05-02,2026-07-01,46266.06,Open,
INV000547,C0049,2026-05-23,2026-07-22,113413.44,Open,
INV000548,C0050,2025-01-08,2025-02-22,39059.85,Paid,2025-02-17
INV000549,C0050,2025-02-05,2025-03-22,21023.27,Paid,2025-04-23
INV000550,C0050,2025-03-09,2025-04-23,22522.55,Paid,2025-04-07
INV000551,C0050,2025-03-30,2025-05-14,7582.22,Paid,2025-05-11
INV000552,C0050,2025-05-07,2025-06-21,6586.58,Paid,2025-06-16
INV000553,C0050,2025-08-02,2025-09-16,5538.97,Paid,2025-09-04
INV000554,C0050,2025-08-07,2025-09-21,31021.93,Paid,2025-09-17
INV000555,C0050,2025-08-10,2025-09-24,24688.52,Paid,2025-09-15
INV000556,C0050,2025-08-21,2025-10-05,38407.95,Paid,2025-09-04
INV000557,C0050,2025-11-09,2025-12-24,19173.74,Paid,2025-12-25
INV000558,C0050,2025-12-20,2026-02-03,8934.4,Paid,2026-01-02
INV000559,C0050,2026-01-27,2026-03-13,20810.89,Disputed,
INV000560,C0050,2026-03-10,2026-04-24,17958.23,Paid,2026-04-13
INV000561,C0050,2026-04-17,2026-06-01,27321.36,Paid,2026-06-23
INV000562,C0051,2024-09-10,2024-11-09,112920.28,Paid,2024-10-21
INV000563,C0051,2024-09-17,2024-11-16,88631.25,Paid,2024-10-02
INV000564,C0051,2024-10-28,2024-12-27,100759.35,Disputed,
INV000565,C0051,2024-11-04,2025-01-03,38596.22,Paid,2025-01-14
INV000566,C0051,2024-11-06,2025-01-05,170783.7,Paid,2024-12-28
INV000567,C0051,2024-12-26,2025-02-24,32448.77,Paid,2025-03-05
INV000568,C0051,2025-01-20,2025-03-21,78251.56,Paid,2025-03-10
INV000569,C0051,2025-02-22,2025-04-23,33285.43,Paid,2025-03-20
INV000570,C0051,2025-03-30,2025-05-29,81352.78,Paid,2025-06-07
INV000571,C0051,2025-05-12,2025-07-11,160804.94,Paid,2025-07-13
INV000572,C0051,2025-08-02,2025-10-01,49937.28,Paid,2025-10-07
INV000573,C0051,2025-08-09,2025-10-08,20589.84,Paid,2025-09-23
INV000574,C0051,2025-08-20,2025-10-19,151809.83,Disputed,
INV000575,C0051,2025-09-13,2025-11-12,170157.98,Paid,2025-10-22
INV000576,C0051,2025-09-22,2025-11-21,120982.37,Paid,2025-11-30
INV000577,C0051,2025-10-03,2025-12-02,34708.99,Paid,2025-10-25
INV000578,C0051,2025-11-07,2026-01-06,153045.72,Paid,2025-12-27
INV000579,C0051,2025-12-12,2026-02-10,105521.32,Paid,2026-01-21
INV000580,C0051,2026-01-09,2026-03-10,107947.18,Paid,2026-03-13
INV000581,C0051,2026-02-20,2026-04-21,165513.88,Paid,2026-04-07
INV000582,C0051,2026-03-11,2026-05-10,163910.84,Paid,2026-04-18
INV000583,C0051,2026-03-27,2026-05-26,117324.2,Paid,2026-05-22
INV000584,C0051,2026-04-27,2026-06-26,17719.56,Open,
INV000585,C0051,2026-05-15,2026-07-14,143941.86,Written Off,
INV000586,C0052,2024-09-01,2024-10-16,23102.44,Paid,2025-01-06
INV000587,C0052,2024-09-30,2024-11-14,38150.07,Paid,2024-11-18
INV000588,C0052,2024-11-27,2025-01-11,3926.49,Paid,2025-02-06
INV000589,C0052,2024-12-20,2025-02-03,4146.81,Paid,2025-03-29
INV000590,C0052,2025-02-07,2025-03-24,30629.07,Paid,2025-04-23
INV000591,C0052,2025-03-21,2025-05-05,17654.41,Disputed,
INV000592,C0052,2025-03-23,2025-05-07,27234.85,Written Off,
INV000593,C0052,2025-04-05,2025-05-20,23630.59,Paid,2025-06-09
INV000594,C0052,2025-04-28,2025-06-12,23172.58,Paid,2025-05-14
INV000595,C0052,2025-06-06,2025-07-21,34781.75,Paid,2025-08-03
INV000596,C0052,2025-06-11,2025-07-26,5839.4,Written Off,
INV000597,C0052,2025-07-21,2025-09-04,19474.5,Paid,2025-10-24
INV000598,C0052,2025-07-28,2025-09-11,19690.34,Paid,2025-10-16
INV000599,C0052,2025-08-03,2025-09-17,36045.82,Paid,2025-10-02
INV000600,C0052,2025-09-28,2025-11-12,13929.46,Disputed,
INV000601,C0052,2026-02-11,2026-03-28,18053.67,Paid,2026-05-04
INV000602,C0052,2026-03-20,2026-05-04,18214.52,Paid,2026-05-14
INV000603,C0052,2026-04-21,2026-06-05,30878.04,Paid,2026-06-11
INV000604,C0052,2026-05-11,2026-06-25,25725.36,Paid,2026-05-27
INV000605,C0053,2025-03-12,2025-04-11,6251.29,Paid,2025-04-26
INV000606,C0053,2025-08-03,2025-09-02,1820.61,Paid,2025-11-13
INV000607,C0053,2026-02-04,2026-03-06,7246.55,Paid,2026-04-03
INV000608,C0053,2026-03-19,2026-04-18,2058.19,Paid,2026-06-20
INV000609,C0053,2026-04-10,2026-05-10,3553.21,Paid,2026-06-20
INV000610,C0054,2024-10-23,2024-12-22,157382.85,Paid,2025-02-11
INV000611,C0054,2024-12-27,2025-02-25,135352.73,Paid,2025-03-28
INV000612,C0054,2025-01-05,2025-03-06,154646.6,Paid,2025-05-29
INV000613,C0054,2025-01-12,2025-03-13,149296.09,Paid,2025-02-16
INV000614,C0054,2025-02-01,2025-04-02,167946.58,Paid,2025-05-02
INV000615,C0054,2025-02-01,2025-04-02,32480.49,Paid,2025-04-08
INV000616,C0054,2025-02-06,2025-04-07,80431.2,Paid,2025-05-05
INV000617,C0054,2025-04-29,2025-06-28,96115.71,Paid,2025-06-21
INV000618,C0054,2025-06-01,2025-07-31,26568.88,Paid,2025-07-14
INV000619,C0054,2025-06-23,2025-08-22,116356.51,Paid,2025-08-26
INV000620,C0054,2025-07-14,2025-09-12,92860.32,Paid,2025-09-14
INV000621,C0054,2025-07-29,2025-09-27,92903.83,Paid,2025-09-26
INV000622,C0054,2025-08-13,2025-10-12,71327.45,Paid,2025-10-14
INV000623,C0054,2025-09-02,2025-11-01,40326.21,Paid,2025-11-07
INV000624,C0054,2025-09-11,2025-11-10,136963.43,Paid,2026-01-13
INV000625,C0054,2025-09-27,2025-11-26,57095.57,Paid,2025-12-20
INV000626,C0054,2025-10-07,2025-12-06,77915.74,Paid,2025-12-28
INV000627,C0054,2025-11-01,2025-12-31,159350.39,Paid,2026-02-11
INV000628,C0054,2025-11-20,2026-01-19,20304.65,Paid,2026-02-03
INV000629,C0054,2025-11-29,2026-01-28,128644.12,Paid,2026-03-08
INV000630,C0054,2025-12-01,2026-01-30,149029.0,Paid,2026-01-24
INV000631,C0054,2025-12-29,2026-02-27,162259.92,Paid,2026-05-07
INV000632,C0054,2026-02-07,2026-04-08,121062.62,Open,
INV000633,C0054,2026-02-09,2026-04-10,56195.61,Paid,2026-05-06
INV000634,C0054,2026-02-13,2026-04-14,52355.59,Paid,2026-05-05
INV000635,C0054,2026-03-20,2026-05-19,17003.25,Paid,2026-05-13
INV000636,C0054,2026-05-25,2026-07-24,148228.82,Open,
INV000637,C0054,2026-05-26,2026-07-25,42709.77,Open,
INV000638,C0055,2024-09-02,2024-10-17,15361.47,Paid,2024-10-14
INV000639,C0055,2025-01-04,2025-02-18,9716.36,Paid,2025-03-05
INV000640,C0055,2025-03-10,2025-04-24,24285.91,Paid,2025-03-22
INV000641,C0055,2025-05-09,2025-06-23,9474.18,Paid,2025-06-25
INV000642,C0055,2025-07-27,2025-09-10,31962.17,Paid,2025-08-15
INV000643,C0055,2025-08-20,2025-10-04,21389.96,Paid,2025-10-06
INV000644,C0055,2025-11-25,2026-01-09,29788.45,Paid,2025-12-18
INV000645,C0055,2026-03-23,2026-05-07,35636.88,Paid,2026-05-06
INV000646,C0055,2026-03-27,2026-05-11,28841.86,Paid,2026-05-29
INV000647,C0056,2024-09-18,2024-11-02,8985.95,Paid,2024-10-22
INV000648,C0056,2024-10-06,2024-11-20,4808.39,Paid,2024-11-10
INV000649,C0056,2024-10-17,2024-12-01,26998.08,Paid,2024-11-23
INV000650,C0056,2024-10-27,2024-12-11,8003.19,Paid,2024-12-18
INV000651,C0056,2024-11-04,2024-12-19,26598.23,Paid,2024-12-30
INV000652,C0056,2025-03-21,2025-05-05,28599.75,Paid,2025-04-17
INV000653,C0056,2025-06-11,2025-07-26,37593.44,Paid,2025-07-14
INV000654,C0056,2025-07-20,2025-09-03,5780.16,Paid,2025-08-07
INV000655,C0056,2025-09-10,2025-10-25,34324.13,Paid,2025-10-09
INV000656,C0056,2025-09-12,2025-10-27,16071.71,Paid,2025-10-03
INV000657,C0056,2025-09-26,2025-11-10,39934.45,Paid,2025-11-22
INV000658,C0056,2025-11-05,2025-12-20,25046.74,Paid,2025-11-28
INV000659,C0056,2026-02-03,2026-03-20,15164.86,Paid,2026-03-29
INV000660,C0056,2026-02-18,2026-04-04,9132.86,Paid,2026-03-23
INV000661,C0056,2026-04-09,2026-05-24,28659.7,Disputed,
INV000662,C0056,2026-04-25,2026-06-09,23670.95,Paid,2026-06-02
INV000663,C0056,2026-05-25,2026-07-09,19080.35,Open,
INV000664,C0057,2024-10-05,2024-11-04,1993.95,Paid,2024-11-07
INV000665,C0057,2024-10-07,2024-11-06,2009.05,Paid,2024-12-24
INV000666,C0057,2025-12-15,2026-01-14,6663.36,Paid,2026-02-23
INV000667,C0057,2026-03-14,2026-04-13,5303.67,Paid,2026-04-23
INV000668,C0057,2026-04-15,2026-05-15,651.6,Paid,2026-05-24
INV000669,C0057,2026-05-02,2026-06-01,3674.44,Open,
INV000670,C0057,2026-05-14,2026-06-13,4826.23,Disputed,
INV000671,C0057,2026-05-18,2026-06-17,6209.81,Open,
INV000672,C0058,2025-02-22,2025-04-08,30668.22,Paid,2025-04-11
INV000673,C0058,2025-03-18,2025-05-02,22435.48,Paid,2025-06-05
INV000674,C0058,2025-03-24,2025-05-08,18349.52,Paid,2025-06-22
INV000675,C0058,2025-05-21,2025-07-05,23606.55,Written Off,
INV000676,C0058,2025-06-23,2025-08-07,25993.96,Written Off,
INV000677,C0058,2025-08-08,2025-09-22,12233.28,Paid,2025-09-25
INV000678,C0058,2025-10-26,2025-12-10,13159.1,Paid,2025-12-17
INV000679,C0058,2025-12-27,2026-02-10,3036.63,Disputed,
INV000680,C0058,2026-02-02,2026-03-19,23337.92,Paid,2026-04-27
INV000681,C0058,2026-04-22,2026-06-06,11207.46,Open,
INV000682,C0058,2026-05-03,2026-06-17,7007.4,Open,
INV000683,C0059,2024-10-27,2024-11-26,5097.65,Paid,2024-12-29
INV000684,C0059,2025-05-08,2025-06-07,7470.57,Paid,2025-07-03
INV000685,C0059,2025-05-16,2025-06-15,3219.26,Paid,2025-06-30
INV000686,C0059,2025-08-13,2025-09-12,743.53,Paid,2025-10-22
INV000687,C0059,2025-08-29,2025-09-28,5723.86,Paid,2025-10-02
INV000688,C0059,2025-09-24,2025-10-24,5486.06,Paid,2025-12-10
INV000689,C0059,2025-09-29,2025-10-29,2179.72,Written Off,
INV000690,C0059,2025-10-17,2025-11-16,5758.24,Written Off,
INV000691,C0059,2025-12-12,2026-01-11,1540.05,Disputed,
INV000692,C0059,2026-05-14,2026-06-13,4841.38,Open,
INV000693,C0059,2026-05-22,2026-06-21,3111.92,Paid,2026-06-10
INV000694,C0060,2025-08-25,2025-09-24,5434.62,Paid,2025-08-21
INV000695,C0060,2025-12-02,2026-01-01,961.32,Written Off,
INV000696,C0060,2026-03-16,2026-04-15,7897.02,Paid,2026-03-25
INV000697,C0060,2026-04-05,2026-05-05,1598.57,Paid,2026-05-27
INV000698,C0061,2024-09-14,2024-11-13,55911.25,Paid,2024-11-13
INV000699,C0061,2024-10-30,2024-12-29,175015.96,Paid,2024-12-13
INV000700,C0061,2024-12-04,2025-02-02,57429.83,Paid,2025-01-27
INV000701,C0061,2024-12-07,2025-02-05,61771.82,Paid,2025-01-15
INV000702,C0061,2024-12-10,2025-02-08,92407.02,Paid,2025-02-14
INV000703,C0061,2024-12-29,2025-02-27,168548.05,Paid,2025-03-17
INV000704,C0061,2025-01-04,2025-03-05,122894.4,Paid,2025-03-09
INV000705,C0061,2025-04-03,2025-06-02,159391.48,Paid,2025-04-20
INV000706,C0061,2025-06-26,2025-08-25,31419.09,Disputed,
INV000707,C0061,2025-07-27,2025-09-25,54813.42,Paid,2025-11-06
INV000708,C0061,2025-08-01,2025-09-30,41455.79,Paid,2025-09-13
INV000709,C0061,2025-10-19,2025-12-18,150610.32,Paid,2026-01-29
INV000710,C0061,2025-11-13,2026-01-12,107896.78,Paid,2025-12-24
INV000711,C0061,2026-01-08,2026-03-09,49664.38,Disputed,
INV000712,C0061,2026-01-20,2026-03-21,151821.49,Paid,2026-03-18
INV000713,C0061,2026-01-22,2026-03-23,138036.38,Paid,2026-05-18
INV000714,C0061,2026-03-12,2026-05-11,112347.56,Disputed,
INV000715,C0061,2026-04-05,2026-06-04,138888.0,Paid,2026-06-13
INV000716,C0061,2026-04-16,2026-06-15,140742.05,Open,
INV000717,C0061,2026-05-04,2026-07-03,131975.85,Disputed,
INV000718,C0062,2025-01-28,2025-02-27,3951.67,Paid,2025-02-15
INV000719,C0062,2025-04-12,2025-05-12,1387.93,Paid,2025-05-31
INV000720,C0062,2025-05-09,2025-06-08,4938.61,Paid,2025-06-21
INV000721,C0062,2025-05-12,2025-06-11,796.32,Paid,2025-06-26
INV000722,C0062,2025-06-05,2025-07-05,7887.31,Paid,2025-07-01
INV000723,C0063,2024-12-27,2025-01-26,5193.67,Paid,2025-02-06
INV000724,C0063,2025-03-12,2025-04-11,6188.38,Paid,2025-05-01
INV000725,C0064,2025-03-20,2025-04-19,7373.72,Paid,2025-07-24
INV000726,C0064,2025-06-21,2025-07-21,1051.09,Paid,2025-08-09
INV000727,C0064,2025-10-15,2025-11-14,5032.47,Paid,2025-11-25
INV000728,C0065,2024-09-05,2024-11-04,115453.29,Paid,2024-11-11
INV000729,C0065,2024-09-08,2024-11-07,33794.7,Paid,2024-11-12
INV000730,C0065,2024-09-11,2024-11-10,140557.24,Paid,2024-12-20
INV000731,C0065,2024-10-12,2024-12-11,89846.34,Paid,2025-01-22
INV000732,C0065,2024-10-15,2024-12-14,159345.82,Paid,2024-12-15
INV000733,C0065,2024-10-16,2024-12-15,174155.9,Disputed,
INV000734,C0065,2024-11-01,2024-12-31,28787.74,Paid,2025-01-10
INV000735,C0065,2024-11-28,2025-01-27,43040.2,Paid,2025-03-01
INV000736,C0065,2024-12-01,2025-01-30,173297.58,Paid,2025-02-20
INV000737,C0065,2024-12-14,2025-02-12,126543.13,Paid,2025-01-26
INV000738,C0065,2024-12-25,2025-02-23,45804.2,Paid,2025-03-22
INV000739,C0065,2025-01-25,2025-03-26,57105.77,Paid,2025-03-19
INV000740,C0065,2025-02-03,2025-04-04,89464.32,Paid,2025-04-15
INV000741,C0065,2025-02-19,2025-04-20,126099.17,Paid,2025-05-09
INV000742,C0065,2025-03-21,2025-05-20,41759.69,Paid,2025-06-17
INV000743,C0065,2025-03-23,2025-05-22,89939.54,Paid,2025-07-01
INV000744,C0065,2025-04-03,2025-06-02,104386.86,Paid,2025-06-14
INV000745,C0065,2025-04-27,2025-06-26,170751.28,Paid,2025-06-29
INV000746,C0065,2025-05-19,2025-07-18,31222.24,Paid,2025-07-24
INV000747,C0065,2025-06-09,2025-08-08,140568.56,Disputed,
INV000748,C0065,2025-06-12,2025-08-11,143189.66,Paid,2025-08-25
INV000749,C0065,2025-06-13,2025-08-12,43548.95,Disputed,
INV000750,C0065,2025-08-05,2025-10-04,151456.32,Paid,2025-10-24
INV000751,C0065,2025-08-10,2025-10-09,132433.32,Paid,2025-11-25
INV000752,C0065,2025-09-16,2025-11-15,15136.06,Paid,2025-10-16
INV000753,C0065,2025-10-20,2025-12-19,35424.91,Paid,2025-12-21
INV000754,C0065,2025-10-25,2025-12-24,26588.51,Paid,2025-12-25
INV000755,C0065,2025-12-05,2026-02-03,66496.95,Paid,2026-01-18
INV000756,C0065,2025-12-11,2026-02-09,38524.26,Paid,2026-03-20
INV000757,C0065,2026-01-25,2026-03-26,128956.77,Paid,2026-05-03
INV000758,C0065,2026-02-02,2026-04-03,27645.38,Paid,2026-03-19
INV000759,C0065,2026-03-08,2026-05-07,125877.45,Open,
INV000760,C0065,2026-03-17,2026-05-16,126871.91,Paid,2026-05-17
INV000761,C0065,2026-04-01,2026-05-31,75171.92,Paid,2026-06-12
INV000762,C0065,2026-04-06,2026-06-05,169607.48,Paid,2026-06-23
INV000763,C0065,2026-05-08,2026-07-07,43673.19,Disputed,
INV000764,C0066,2024-12-01,2024-12-31,4561.42,Paid,2024-12-09
INV000765,C0066,2024-12-01,2024-12-31,3288.01,Paid,2025-01-20
INV000766,C0066,2024-12-03,2025-01-02,1488.14,Paid,2025-01-19
INV000767,C0066,2025-01-03,2025-02-02,7405.09,Paid,2025-01-22
INV000768,C0066,2025-03-03,2025-04-02,7447.44,Written Off,
INV000769,C0066,2025-03-05,2025-04-04,781.8,Paid,2025-03-29
INV000770,C0066,2025-09-02,2025-10-02,3008.11,Paid,2025-10-30
INV000771,C0066,2025-09-23,2025-10-23,4844.64,Paid,2025-10-24
INV000772,C0066,2026-03-05,2026-04-04,3031.97,Paid,2026-04-04
INV000773,C0067,2024-09-22,2024-11-06,32889.85,Paid,2024-10-20
INV000774,C0067,2024-12-29,2025-02-12,26979.48,Paid,2025-02-01
INV000775,C0067,2025-02-22,2025-04-08,7148.56,Paid,2025-04-04
INV000776,C0067,2025-03-03,2025-04-17,9077.38,Paid,2025-04-17
INV000777,C0067,2025-08-10,2025-09-24,13539.99,Paid,2025-10-08
INV000778,C0067,2025-11-18,2026-01-02,36235.27,Paid,2025-12-17
INV000779,C0067,2025-12-29,2026-02-12,14097.22,Paid,2026-01-20
INV000780,C0067,2026-01-31,2026-03-17,15784.87,Paid,2026-04-06
INV000781,C0067,2026-02-15,2026-04-01,20485.22,Paid,2026-02-26
INV000782,C0068,2024-09-24,2024-10-24,6490.81,Paid,2024-09-29
INV000783,C0068,2025-07-09,2025-08-08,4652.94,Disputed,
INV000784,C0068,2025-11-04,2025-12-04,5660.1,Paid,2025-11-29
INV000785,C0068,2026-04-28,2026-05-28,2907.96,Paid,2026-05-05
INV000786,C0069,2024-11-29,2024-12-29,4879.67,Paid,2025-01-02
INV000787,C0069,2025-03-27,2025-04-26,5721.72,Paid,2025-04-22
INV000788,C0069,2026-04-21,2026-05-21,4406.86,Paid,2026-06-25
INV000789,C0069,2026-04-30,2026-05-30,5417.73,Paid,2026-06-19
INV000790,C0069,2026-05-05,2026-06-04,1025.57,Paid,2026-05-31
INV000791,C0070,2024-09-07,2024-10-22,30982.89,Paid,2024-09-26
INV000792,C0070,2024-09-25,2024-11-09,3979.73,Paid,2024-11-14
INV000793,C0070,2024-10-28,2024-12-12,12469.75,Disputed,
INV000794,C0070,2024-11-24,2025-01-08,3943.56,Disputed,
INV000795,C0070,2025-01-30,2025-03-16,37535.37,Paid,2025-03-25
INV000796,C0070,2025-04-13,2025-05-28,25815.64,Disputed,
INV000797,C0070,2025-05-27,2025-07-11,30286.04,Disputed,
INV000798,C0070,2025-06-04,2025-07-19,14515.26,Paid,2025-08-19
INV000799,C0070,2025-06-22,2025-08-06,29184.19,Paid,2025-08-04
INV000800,C0070,2025-07-08,2025-08-22,34334.35,Paid,2025-09-19
INV000801,C0070,2025-07-11,2025-08-25,21739.51,Paid,2025-08-06
INV000802,C0070,2025-08-14,2025-09-28,13173.92,Paid,2025-10-31
INV000803,C0070,2025-09-04,2025-10-19,16567.44,Paid,2025-10-16
INV000804,C0070,2025-10-01,2025-11-15,35675.69,Paid,2025-11-06
INV000805,C0070,2025-12-03,2026-01-17,15585.14,Paid,2026-01-25
INV000806,C0070,2025-12-09,2026-01-23,6829.88,Paid,2026-02-14
INV000807,C0071,2024-09-21,2024-10-21,598.16,Paid,2024-11-06
INV000808,C0071,2024-11-27,2024-12-27,3043.64,Paid,2024-12-17
INV000809,C0071,2025-03-29,2025-04-28,5520.16,Paid,2025-04-15
INV000810,C0071,2025-05-09,2025-06-08,2965.85,Paid,2025-06-24
INV000811,C0071,2025-08-01,2025-08-31,2723.19,Paid,2025-08-21
INV000812,C0071,2025-09-11,2025-10-11,5285.06,Paid,2025-10-14
INV000813,C0071,2026-01-06,2026-02-05,7173.84,Paid,2026-01-23
INV000814,C0071,2026-03-17,2026-04-16,1556.47,Paid,2026-04-13
INV000815,C0071,2026-03-22,2026-04-21,378.0,Paid,2026-04-29
INV000816,C0072,2024-09-22,2024-10-22,4527.13,Paid,2024-10-20
INV000817,C0072,2024-11-28,2024-12-28,2367.56,Paid,2025-01-11
INV000818,C0072,2025-01-08,2025-02-07,7800.64,Paid,2025-02-14
INV000819,C0072,2025-03-02,2025-04-01,7437.36,Paid,2025-04-30
INV000820,C0072,2025-07-05,2025-08-04,5628.07,Disputed,
INV000821,C0072,2025-07-27,2025-08-26,6725.06,Paid,2025-09-12
INV000822,C0072,2025-08-21,2025-09-20,7060.53,Paid,2025-09-14
INV000823,C0072,2025-08-25,2025-09-24,2238.17,Paid,2025-10-04
INV000824,C0072,2025-10-29,2025-11-28,5373.12,Paid,2025-12-10
INV000825,C0072,2026-03-06,2026-04-05,718.74,Paid,2026-04-27
INV000826,C0072,2026-04-11,2026-05-11,5074.24,Disputed,
INV000827,C0073,2024-11-09,2024-12-24,8705.06,Paid,2025-01-14
INV000828,C0073,2025-02-22,2025-04-08,35503.47,Paid,2025-04-26
INV000829,C0073,2025-02-28,2025-04-14,23813.54,Paid,2025-04-14
INV000830,C0073,2025-04-07,2025-05-22,12172.36,Paid,2025-06-28
INV000831,C0073,2025-05-15,2025-06-29,15165.07,Written Off,
INV000832,C0073,2025-07-16,2025-08-30,25060.86,Paid,2025-09-12
INV000833,C0073,2025-10-25,2025-12-09,4495.98,Paid,2025-11-18
INV000834,C0073,2026-03-03,2026-04-17,15456.82,Paid,2026-05-02
INV000835,C0074,2024-09-01,2024-10-16,37689.91,Written Off,
INV000836,C0074,2024-09-20,2024-11-04,32298.35,Paid,2024-12-22
INV000837,C0074,2024-09-23,2024-11-07,3248.48,Paid,2024-11-22
INV000838,C0074,2024-09-24,2024-11-08,32341.77,Paid,2024-10-11
INV000839,C0074,2024-12-11,2025-01-25,14483.42,Paid,2024-12-24
INV000840,C0074,2025-08-23,2025-10-07,19543.65,Paid,2025-10-26
INV000841,C0074,2025-10-10,2025-11-24,23448.85,Paid,2025-11-24
INV000842,C0074,2025-10-13,2025-11-27,36634.89,Paid,2025-12-12
INV000843,C0074,2025-11-15,2025-12-30,19359.5,Paid,2026-01-28
INV000844,C0074,2026-01-31,2026-03-17,23830.34,Paid,2026-04-08
INV000845,C0074,2026-02-06,2026-03-23,28026.57,Paid,2026-05-05
INV000846,C0074,2026-05-25,2026-07-09,21439.86,Written Off,
INV000847,C0075,2024-11-22,2024-12-22,3318.73,Paid,2025-01-26
INV000848,C0075,2025-01-26,2025-02-25,4692.92,Paid,2025-03-09
INV000849,C0075,2025-04-24,2025-05-24,5829.95,Paid,2025-05-12
INV000850,C0075,2025-08-04,2025-09-03,6536.51,Paid,2025-09-24
INV000851,C0075,2025-08-31,2025-09-30,7684.86,Paid,2025-10-31
INV000852,C0075,2025-09-24,2025-10-24,7778.71,Paid,2025-10-27
INV000853,C0075,2025-12-01,2025-12-31,4992.61,Paid,2026-01-25
INV000854,C0075,2025-12-21,2026-01-20,6193.4,Paid,2026-01-25
INV000855,C0075,2025-12-28,2026-01-27,1144.35,Paid,2026-02-09
INV000856,C0075,2026-02-03,2026-03-05,3628.9,Paid,2026-04-13
INV000857,C0076,2024-09-03,2024-10-18,14232.56,Paid,2024-10-08
INV000858,C0076,2024-09-11,2024-10-26,35777.88,Paid,2024-09-26
INV000859,C0076,2024-09-17,2024-11-01,20425.23,Paid,2024-11-03
INV000860,C0076,2024-10-02,2024-11-16,7234.48,Paid,2024-10-09
INV000861,C0076,2024-12-08,2025-01-22,23468.35,Paid,2024-12-21
INV000862,C0076,2024-12-14,2025-01-28,13821.31,Paid,2025-01-31
INV000863,C0076,2025-01-24,2025-03-10,37256.16,Paid,2025-01-27
INV000864,C0076,2025-03-09,2025-04-23,29309.57,Paid,2025-04-17
INV000865,C0076,2025-06-29,2025-08-13,9824.5,Paid,2025-08-23
INV000866,C0076,2025-07-06,2025-08-20,34847.13,Paid,2025-09-01
INV000867,C0076,2025-07-06,2025-08-20,14350.64,Paid,2025-08-15
INV000868,C0076,2025-09-13,2025-10-28,14360.92,Paid,2025-10-06
INV000869,C0076,2025-09-23,2025-11-07,17319.63,Paid,2025-11-25
INV000870,C0076,2025-10-05,2025-11-19,30575.4,Paid,2025-12-01
INV000871,C0076,2025-11-24,2026-01-08,32304.86,Paid,2025-12-29
INV000872,C0076,2025-11-28,2026-01-12,36860.12,Paid,2025-12-17
INV000873,C0076,2026-01-20,2026-03-06,20915.9,Paid,2026-02-25
INV000874,C0076,2026-01-31,2026-03-17,32743.66,Paid,2026-02-22
INV000875,C0076,2026-05-17,2026-07-01,6211.62,Paid,2026-06-14
INV000876,C0077,2024-11-22,2024-12-22,4159.31,Paid,2025-01-23
INV000877,C0077,2025-01-31,2025-03-02,330.82,Paid,2025-03-09
INV000878,C0077,2025-02-16,2025-03-18,1831.97,Paid,2025-05-13
INV000879,C0077,2025-03-02,2025-04-01,2821.84,Paid,2025-03-07
INV000880,C0077,2025-03-18,2025-04-17,4939.69,Paid,2025-04-27
INV000881,C0077,2025-06-07,2025-07-07,1529.99,Paid,2025-08-03
INV000882,C0077,2025-11-08,2025-12-08,5087.95,Paid,2025-12-14
INV000883,C0077,2026-03-17,2026-04-16,6733.45,Paid,2026-05-06
INV000884,C0077,2026-04-29,2026-05-29,7115.75,Paid,2026-06-24
INV000885,C0078,2024-11-07,2024-12-07,3500.76,Disputed,
INV000886,C0078,2025-07-27,2025-08-26,6630.38,Paid,2025-07-30
INV000887,C0078,2025-12-25,2026-01-24,4414.71,Written Off,
INV000888,C0078,2026-05-08,2026-06-07,6581.92,Disputed,
INV000889,C0079,2025-01-08,2025-02-22,6068.64,Paid,2025-03-06
INV000890,C0079,2025-01-12,2025-02-26,35540.27,Paid,2025-02-17
INV000891,C0079,2025-01-29,2025-03-15,36608.79,Paid,2025-03-23
INV000892,C0079,2025-02-05,2025-03-22,11897.52,Paid,2025-04-09
INV000893,C0079,2025-02-21,2025-04-07,7757.77,Paid,2025-04-10
INV000894,C0079,2025-02-25,2025-04-11,16317.51,Paid,2025-03-24
INV000895,C0079,2025-03-09,2025-04-23,15796.47,Paid,2025-04-15
INV000896,C0079,2025-03-16,2025-04-30,14915.26,Paid,2025-06-11
INV000897,C0079,2025-04-11,2025-05-26,4973.38,Paid,2025-07-22
INV000898,C0079,2025-05-07,2025-06-21,18751.36,Paid,2025-05-18
INV000899,C0079,2025-06-02,2025-07-17,6498.55,Paid,2025-09-10
INV000900,C0079,2025-08-11,2025-09-25,25760.02,Disputed,
INV000901,C0079,2025-12-30,2026-02-13,25210.11,Paid,2026-03-20
INV000902,C0079,2025-12-30,2026-02-13,30822.17,Paid,2026-03-03
INV000903,C0079,2026-03-02,2026-04-16,4753.22,Paid,2026-04-10
INV000904,C0079,2026-04-04,2026-05-19,35683.78,Paid,2026-04-14
INV000905,C0079,2026-04-24,2026-06-08,28319.32,Paid,2026-05-28
INV000906,C0080,2025-02-01,2025-03-03,6980.5,Paid,2025-03-16
INV000907,C0080,2025-06-07,2025-07-07,6108.58,Paid,2025-06-28
INV000908,C0080,2025-11-01,2025-12-01,5923.05,Paid,2026-01-04
INV000909,C0080,2026-02-02,2026-03-04,3959.1,Paid,2026-03-16
INV000910,C0080,2026-03-16,2026-04-15,6852.98,Paid,2026-04-23
INV000911,C0081,2024-09-18,2024-11-17,99274.82,Paid,2024-12-12
INV000912,C0081,2024-11-04,2025-01-03,56278.22,Paid,2024-12-27
INV000913,C0081,2024-12-16,2025-02-14,48044.69,Paid,2025-02-12
INV000914,C0081,2024-12-30,2025-02-28,89371.7,Paid,2025-02-21
INV000915,C0081,2025-01-13,2025-03-14,71729.63,Paid,2025-03-09
INV000916,C0081,2025-01-13,2025-03-14,168094.9,Paid,2025-03-16
INV000917,C0081,2025-01-19,2025-03-20,68941.71,Paid,2025-04-15
INV000918,C0081,2025-02-06,2025-04-07,24638.37,Paid,2025-03-20
INV000919,C0081,2025-02-10,2025-04-11,70602.79,Paid,2025-04-13
INV000920,C0081,2025-06-09,2025-08-08,170078.89,Paid,2025-07-15
INV000921,C0081,2025-06-13,2025-08-12,149939.63,Paid,2025-08-12
INV000922,C0081,2025-06-23,2025-08-22,131235.62,Paid,2025-08-27
INV000923,C0081,2025-06-30,2025-08-29,173702.45,Paid,2025-07-31
INV000924,C0081,2025-08-13,2025-10-12,168941.7,Paid,2025-09-24
INV000925,C0081,2025-08-25,2025-10-24,168096.61,Paid,2025-09-27
INV000926,C0081,2025-09-01,2025-10-31,72585.7,Paid,2025-10-12
INV000927,C0081,2025-09-04,2025-11-03,68587.15,Paid,2025-10-23
INV000928,C0081,2025-09-23,2025-11-22,107784.37,Paid,2025-11-13
INV000929,C0081,2025-10-17,2025-12-16,143429.48,Paid,2025-12-20
INV000930,C0081,2025-10-26,2025-12-25,17570.82,Paid,2025-12-05
INV000931,C0081,2025-11-27,2026-01-26,44404.13,Paid,2026-01-26
INV000932,C0081,2025-12-06,2026-02-04,124906.43,Paid,2026-01-29
INV000933,C0081,2025-12-09,2026-02-07,146697.77,Paid,2026-02-15
INV000934,C0081,2025-12-27,2026-02-25,108071.85,Paid,2026-02-22
INV000935,C0081,2026-01-19,2026-03-20,79392.67,Paid,2026-03-17
INV000936,C0081,2026-01-20,2026-03-21,128162.02,Paid,2026-04-30
INV000937,C0081,2026-02-27,2026-04-28,118579.1,Disputed,
INV000938,C0081,2026-02-28,2026-04-29,134284.11,Paid,2026-04-11
INV000939,C0081,2026-03-30,2026-05-29,69093.94,Paid,2026-05-10
INV000940,C0081,2026-04-01,2026-05-31,93525.55,Open,
INV000941,C0081,2026-04-20,2026-06-19,92580.08,Paid,2026-06-27
INV000942,C0081,2026-05-04,2026-07-03,128122.72,Paid,2026-06-22
INV000943,C0081,2026-05-06,2026-07-05,61691.62,Open,
INV000944,C0081,2026-05-15,2026-07-14,122683.63,Open,
INV000945,C0082,2024-10-17,2024-11-16,3123.92,Paid,2024-12-17
INV000946,C0082,2025-01-29,2025-02-28,1993.15,Paid,2025-04-18
INV000947,C0082,2025-02-24,2025-03-26,5738.08,Paid,2025-04-14
INV000948,C0082,2025-02-28,2025-03-30,517.29,Paid,2025-05-21
INV000949,C0082,2025-05-29,2025-06-28,7609.25,Paid,2025-06-30
INV000950,C0082,2025-07-20,2025-08-19,2281.88,Paid,2025-07-19
INV000951,C0082,2025-08-03,2025-09-02,3153.84,Disputed,
INV000952,C0083,2024-09-02,2024-10-02,453.85,Paid,2024-10-10
INV000953,C0083,2024-12-09,2025-01-08,7342.41,Paid,2025-02-20
INV000954,C0083,2025-01-10,2025-02-09,7803.2,Paid,2025-03-21
INV000955,C0083,2025-05-21,2025-06-20,6840.31,Paid,2025-08-05
INV000956,C0083,2025-10-14,2025-11-13,1396.93,Paid,2025-11-13
INV000957,C0083,2026-05-01,2026-05-31,4328.39,Open,
INV000958,C0083,2026-05-30,2026-06-29,2695.19,Open,
INV000959,C0084,2024-11-06,2024-12-21,33077.5,Paid,2025-01-02
INV000960,C0084,2024-12-01,2025-01-15,33335.75,Paid,2025-01-21
INV000961,C0084,2025-01-28,2025-03-14,35020.98,Paid,2025-03-26
INV000962,C0084,2025-04-27,2025-06-11,14281.72,Paid,2025-06-18
INV000963,C0084,2025-07-20,2025-09-03,27437.06,Paid,2025-09-23
INV000964,C0084,2025-08-04,2025-09-18,35073.16,Paid,2025-11-25
INV000965,C0084,2025-11-24,2026-01-08,10672.07,Paid,2026-02-27
INV000966,C0084,2025-12-13,2026-01-27,33659.97,Paid,2026-02-06
INV000967,C0084,2025-12-28,2026-02-11,22662.84,Paid,2026-01-20
INV000968,C0084,2026-01-30,2026-03-16,4332.92,Paid,2026-05-16
INV000969,C0085,2025-03-04,2025-04-03,862.42,Paid,2025-05-18
INV000970,C0085,2025-05-16,2025-06-15,4983.92,Paid,2025-07-01
INV000971,C0085,2025-07-15,2025-08-14,1915.16,Paid,2025-08-05
INV000972,C0085,2025-10-19,2025-11-18,2574.02,Paid,2025-12-27
INV000973,C0085,2026-01-22,2026-02-21,7571.64,Disputed,
INV000974,C0086,2024-10-08,2024-12-07,97164.65,Paid,2024-12-01
INV000975,C0086,2024-10-28,2024-12-27,38651.47,Paid,2024-12-03
INV000976,C0086,2024-11-07,2025-01-06,101111.38,Paid,2025-02-06
INV000977,C0086,2024-11-22,2025-01-21,48380.92,Paid,2025-01-08
INV000978,C0086,2024-11-22,2025-01-21,96424.89,Paid,2025-01-15
INV000979,C0086,2024-11-24,2025-01-23,87768.07,Paid,2024-12-31
INV000980,C0086,2025-01-07,2025-03-08,76392.94,Paid,2025-02-17
INV000981,C0086,2025-02-22,2025-04-23,92014.23,Paid,2025-03-28
INV000982,C0086,2025-03-20,2025-05-19,176637.58,Paid,2025-05-28
INV000983,C0086,2025-04-02,2025-06-01,68389.62,Written Off,
INV000984,C0086,2025-04-04,2025-06-03,30713.55,Paid,2025-07-25
INV000985,C0086,2025-04-08,2025-06-07,44758.36,Paid,2025-05-19
INV000986,C0086,2025-05-11,2025-07-10,155558.2,Paid,2025-08-31
INV000987,C0086,2025-08-03,2025-10-02,45382.97,Paid,2025-08-20
INV000988,C0086,2025-10-31,2025-12-30,41660.47,Paid,2025-12-19
INV000989,C0086,2025-11-17,2026-01-16,43440.59,Disputed,
INV000990,C0086,2026-04-17,2026-06-16,108249.44,Open,
INV000991,C0086,2026-04-27,2026-06-26,89707.34,Open,
INV000992,C0086,2026-05-24,2026-07-23,51580.03,Open,
INV000993,C0086,2026-05-24,2026-07-23,163891.04,Open,
INV000994,C0087,2024-10-10,2024-11-24,14593.04,Paid,2025-01-08
INV000995,C0087,2024-11-19,2025-01-03,33397.54,Paid,2024-11-27
INV000996,C0087,2024-12-24,2025-02-07,8005.43,Paid,2025-02-02
INV000997,C0087,2025-01-13,2025-02-27,12612.54,Paid,2025-03-02
INV000998,C0087,2025-04-15,2025-05-30,16568.79,Paid,2025-04-23
INV000999,C0087,2025-05-07,2025-06-21,27754.38,Paid,2025-06-18
INV001000,C0087,2025-05-09,2025-06-23,33643.2,Paid,2025-08-10
INV001001,C0087,2025-07-03,2025-08-17,38276.55,Paid,2025-08-24
INV001002,C0087,2025-07-23,2025-09-06,38772.34,Paid,2025-08-24
INV001003,C0087,2025-08-14,2025-09-28,24687.07,Paid,2025-09-02
INV001004,C0087,2025-09-19,2025-11-03,13408.66,Paid,2025-12-30
INV001005,C0087,2025-10-13,2025-11-27,9697.36,Paid,2025-12-18
INV001006,C0087,2025-10-18,2025-12-02,18527.37,Written Off,
INV001007,C0087,2025-10-28,2025-12-12,18044.13,Paid,2025-12-16
INV001008,C0087,2026-01-05,2026-02-19,8780.93,Paid,2026-02-17
INV001009,C0087,2026-01-31,2026-03-17,13145.49,Paid,2026-04-30
INV001010,C0087,2026-03-31,2026-05-15,22985.25,Paid,2026-05-02
INV001011,C0088,2024-10-17,2024-11-16,1077.32,Paid,2024-11-11
INV001012,C0088,2024-12-23,2025-01-22,1735.71,Paid,2025-01-27
INV001013,C0088,2025-11-02,2025-12-02,4851.3,Paid,2026-01-15
INV001014,C0089,2024-10-02,2024-11-16,33626.4,Paid,2024-11-24
INV001015,C0089,2024-10-31,2024-12-15,31410.72,Paid,2025-01-11
INV001016,C0089,2025-03-07,2025-04-21,35011.79,Paid,2025-04-14
INV001017,C0089,2025-03-14,2025-04-28,38188.66,Paid,2025-06-01
INV001018,C0089,2025-03-19,2025-05-03,17254.14,Paid,2025-04-17
INV001019,C0089,2025-03-20,2025-05-04,22194.51,Paid,2025-06-06
INV001020,C0089,2025-06-07,2025-07-22,36618.86,Paid,2025-10-07
INV001021,C0089,2025-06-27,2025-08-11,18814.88,Paid,2025-08-23
INV001022,C0089,2025-07-09,2025-08-23,3753.63,Paid,2025-09-08
INV001023,C0089,2025-07-28,2025-09-11,29243.14,Paid,2025-09-24
INV001024,C0089,2025-08-23,2025-10-07,22572.01,Paid,2025-10-19
INV001025,C0089,2025-09-11,2025-10-26,20553.39,Written Off,
INV001026,C0089,2025-09-11,2025-10-26,28545.1,Paid,2025-11-28
INV001027,C0089,2025-10-25,2025-12-09,12249.51,Paid,2025-12-16
INV001028,C0089,2025-11-05,2025-12-20,20537.43,Written Off,
INV001029,C0089,2025-11-28,2026-01-12,36584.75,Paid,2026-02-27
INV001030,C0089,2025-12-08,2026-01-22,10672.8,Paid,2026-02-13
INV001031,C0089,2026-04-02,2026-05-17,34820.24,Paid,2026-06-01
INV001032,C0089,2026-04-07,2026-05-22,12208.55,Paid,2026-06-02
INV001033,C0089,2026-05-06,2026-06-20,22850.0,Open,
INV001034,C0090,2024-11-21,2024-12-21,7891.07,Paid,2025-01-04
INV001035,C0090,2025-02-09,2025-03-11,5888.28,Paid,2025-03-22
INV001036,C0090,2025-03-07,2025-04-06,4029.23,Paid,2025-04-07
INV001037,C0090,2025-03-11,2025-04-10,1101.84,Disputed,
INV001038,C0090,2025-04-09,2025-05-09,4097.99,Paid,2025-06-03
INV001039,C0090,2025-08-20,2025-09-19,4553.16,Paid,2025-10-21
INV001040,C0090,2025-11-29,2025-12-29,4297.38,Paid,2026-01-24
INV001041,C0090,2026-01-16,2026-02-15,1647.54,Paid,2026-04-13
INV001042,C0090,2026-05-28,2026-06-27,6507.98,Paid,2026-05-10
INV001043,C0091,2024-10-10,2024-12-09,17325.62,Paid,2025-01-07
INV001044,C0091,2024-10-13,2024-12-12,51037.87,Paid,2024-11-27
INV001045,C0091,2024-10-16,2024-12-15,44115.51,Paid,2024-12-29
INV001046,C0091,2024-10-23,2024-12-22,176073.14,Paid,2024-12-15
INV001047,C0091,2024-10-25,2024-12-24,142544.51,Paid,2024-12-08
INV001048,C0091,2024-11-12,2025-01-11,78410.6,Paid,2025-04-04
INV001049,C0091,2024-12-28,2025-02-26,144197.12,Paid,2025-04-05
INV001050,C0091,2024-12-31,2025-03-01,98950.87,Paid,2025-04-20
INV001051,C0091,2025-01-01,2025-03-02,155990.81,Paid,2025-02-27
INV001052,C0091,2025-01-07,2025-03-08,147032.99,Paid,2025-02-24
INV001053,C0091,2025-01-25,2025-03-26,45814.53,Paid,2025-04-09
INV001054,C0091,2025-01-31,2025-04-01,26657.37,Paid,2025-04-17
INV001055,C0091,2025-02-10,2025-04-11,172770.92,Paid,2025-04-29
INV001056,C0091,2025-02-14,2025-04-15,161467.39,Paid,2025-04-28
INV001057,C0091,2025-04-04,2025-06-03,128168.1,Paid,2025-06-07
INV001058,C0091,2025-04-16,2025-06-15,149557.95,Paid,2025-07-05
INV001059,C0091,2025-06-13,2025-08-12,179712.23,Paid,2025-07-30
INV001060,C0091,2025-06-14,2025-08-13,157308.93,Disputed,
INV001061,C0091,2025-06-26,2025-08-25,81783.49,Paid,2025-07-16
INV001062,C0091,2025-08-09,2025-10-08,130501.68,Paid,2025-10-16
INV001063,C0091,2025-08-23,2025-10-22,116560.25,Paid,2025-10-28
INV001064,C0091,2025-08-28,2025-10-27,40785.21,Paid,2025-10-25
INV001065,C0091,2025-11-07,2026-01-06,179055.98,Paid,2026-02-03
INV001066,C0091,2025-11-08,2026-01-07,25770.74,Paid,2025-12-22
INV001067,C0091,2025-11-11,2026-01-10,148580.57,Paid,2026-01-22
INV001068,C0091,2025-11-20,2026-01-19,112232.47,Paid,2026-02-01
INV001069,C0091,2025-12-19,2026-02-17,92844.64,Paid,2026-03-07
INV001070,C0091,2025-12-23,2026-02-21,72799.14,Paid,2026-02-21
INV001071,C0091,2025-12-30,2026-02-28,106329.84,Paid,2026-03-31
INV001072,C0091,2026-04-07,2026-06-06,118528.6,Paid,2026-06-19
INV001073,C0091,2026-05-15,2026-07-14,57667.33,Open,
INV001074,C0092,2024-09-13,2024-10-13,753.65,Paid,2024-09-26
INV001075,C0092,2024-09-27,2024-10-27,752.77,Paid,2024-11-24
INV001076,C0092,2025-05-11,2025-06-10,7386.79,Paid,2025-06-25
INV001077,C0092,2025-08-17,2025-09-16,820.67,Paid,2025-10-05
INV001078,C0092,2025-09-11,2025-10-11,841.4,Disputed,
INV001079,C0092,2025-12-26,2026-01-25,4236.78,Paid,2026-01-31
INV001080,C0092,2026-01-15,2026-02-14,1259.5,Paid,2026-01-21
INV001081,C0092,2026-02-01,2026-03-03,5922.65,Paid,2026-02-13
INV001082,C0092,2026-02-08,2026-03-10,7054.25,Paid,2026-03-09
INV001083,C0092,2026-02-26,2026-03-28,1708.35,Paid,2026-04-17
INV001084,C0092,2026-04-01,2026-05-01,700.03,Paid,2026-05-04
INV001085,C0093,2025-02-02,2025-03-04,7836.83,Paid,2025-03-08
INV001086,C0093,2025-03-19,2025-04-18,4833.54,Paid,2025-04-22
INV001087,C0093,2025-07-07,2025-08-06,2486.84,Paid,2025-09-22
INV001088,C0093,2025-07-26,2025-08-25,1575.37,Paid,2025-08-12
INV001089,C0093,2025-08-12,2025-09-11,5871.68,Paid,2025-10-08
INV001090,C0093,2025-10-05,2025-11-04,501.81,Paid,2025-11-14
INV001091,C0093,2025-11-20,2025-12-20,2033.09,Paid,2026-02-12
INV001092,C0093,2025-11-27,2025-12-27,7347.63,Paid,2025-12-31
INV001093,C0093,2025-12-17,2026-01-16,5845.08,Paid,2026-01-13
INV001094,C0093,2025-12-26,2026-01-25,6154.28,Paid,2026-02-21
INV001095,C0093,2026-04-16,2026-05-16,3066.91,Paid,2026-05-09
INV001096,C0094,2024-12-10,2025-01-09,2403.13,Paid,2025-02-15
INV001097,C0094,2025-04-01,2025-05-01,7378.01,Paid,2025-05-12
INV001098,C0094,2025-07-22,2025-08-21,1558.41,Disputed,
INV001099,C0094,2025-11-08,2025-12-08,6017.17,Paid,2025-12-26
INV001100,C0094,2025-12-20,2026-01-19,6269.3,Written Off,
INV001101,C0094,2026-01-09,2026-02-08,317.21,Paid,2026-02-17
INV001102,C0094,2026-01-10,2026-02-09,1688.4,Paid,2026-01-28
INV001103,C0094,2026-01-22,2026-02-21,4860.0,Paid,2026-03-06
INV001104,C0094,2026-02-23,2026-03-25,1363.41,Written Off,
INV001105,C0095,2024-09-04,2024-11-03,21743.55,Paid,2024-11-05
INV001106,C0095,2024-11-03,2025-01-02,165477.96,Paid,2024-11-25
INV001107,C0095,2025-01-29,2025-03-30,77922.57,Paid,2025-04-01
INV001108,C0095,2025-03-08,2025-05-07,18342.7,Paid,2025-04-28
INV001109,C0095,2025-03-12,2025-05-11,122811.79,Paid,2025-06-08
INV001110,C0095,2025-03-17,2025-05-16,70155.11,Paid,2025-06-02
INV001111,C0095,2025-04-09,2025-06-08,22415.33,Paid,2025-06-03
INV001112,C0095,2025-04-25,2025-06-24,83434.45,Paid,2025-06-27
INV001113,C0095,2025-05-03,2025-07-02,43861.3,Paid,2025-07-25
INV001114,C0095,2025-08-28,2025-10-27,123657.03,Paid,2025-09-15
INV001115,C0095,2025-09-02,2025-11-01,164426.87,Paid,2025-11-11
INV001116,C0095,2025-12-20,2026-02-18,21682.33,Paid,2026-01-23
INV001117,C0095,2026-01-24,2026-03-25,103492.76,Paid,2026-05-24
INV001118,C0095,2026-01-26,2026-03-27,175072.52,Paid,2026-03-02
INV001119,C0095,2026-01-26,2026-03-27,145418.19,Paid,2026-03-07
INV001120,C0095,2026-02-10,2026-04-11,61233.15,Paid,2026-05-08
INV001121,C0095,2026-02-12,2026-04-13,62583.81,Paid,2026-04-17
INV001122,C0095,2026-03-29,2026-05-28,155321.15,Paid,2026-04-30
INV001123,C0096,2024-09-13,2024-10-28,19835.81,Paid,2024-10-15
INV001124,C0096,2024-09-16,2024-10-31,7833.87,Paid,2024-10-31
INV001125,C0096,2024-10-28,2024-12-12,9945.49,Paid,2024-12-22
INV001126,C0096,2025-01-18,2025-03-04,24792.53,Paid,2025-03-22
INV001127,C0096,2025-04-16,2025-05-31,7514.55,Paid,2025-07-17
INV001128,C0096,2025-06-12,2025-07-27,18954.95,Paid,2025-07-20
INV001129,C0096,2025-07-03,2025-08-17,12074.84,Paid,2025-09-28
INV001130,C0096,2025-07-12,2025-08-26,31615.03,Paid,2025-10-10
INV001131,C0096,2026-01-04,2026-02-18,23641.81,Paid,2026-01-26
INV001132,C0096,2026-02-28,2026-04-14,11671.57,Paid,2026-05-14
INV001133,C0096,2026-05-28,2026-07-12,14733.46,Open,
INV001134,C0097,2024-09-14,2024-10-14,6965.79,Paid,2024-11-07
INV001135,C0097,2024-10-28,2024-11-27,674.74,Paid,2024-12-04
INV001136,C0097,2025-10-30,2025-11-29,4099.73,Paid,2025-11-21
INV001137,C0098,2024-09-02,2024-10-17,3905.89,Paid,2024-11-12
INV001138,C0098,2024-10-15,2024-11-29,11977.14,Paid,2024-12-04
INV001139,C0098,2024-11-20,2025-01-04,8934.68,Paid,2025-01-25
INV001140,C0098,2024-12-08,2025-01-22,4374.94,Paid,2025-01-18
INV001141,C0098,2025-01-18,2025-03-04,14227.39,Paid,2025-03-15
INV001142,C0098,2025-01-28,2025-03-14,16475.2,Paid,2025-03-05
INV001143,C0098,2025-02-07,2025-03-24,33390.84,Paid,2025-05-18
INV001144,C0098,2025-02-08,2025-03-25,5787.23,Paid,2025-04-18
INV001145,C0098,2025-02-28,2025-04-14,34444.77,Paid,2025-05-14
INV001146,C0098,2025-04-08,2025-05-23,31455.29,Paid,2025-06-02
INV001147,C0098,2025-06-22,2025-08-06,26819.06,Paid,2025-08-19
INV001148,C0098,2025-06-29,2025-08-13,21379.3,Paid,2025-07-30
INV001149,C0098,2025-07-01,2025-08-15,10819.57,Paid,2025-10-08
INV001150,C0098,2025-07-28,2025-09-11,9727.17,Paid,2025-08-30
INV001151,C0098,2025-11-05,2025-12-20,26054.15,Paid,2025-12-20
INV001152,C0098,2025-11-10,2025-12-25,27112.85,Paid,2025-12-24
INV001153,C0098,2025-12-06,2026-01-20,34714.87,Paid,2025-12-30
INV001154,C0098,2025-12-07,2026-01-21,39010.47,Paid,2026-03-12
INV001155,C0098,2025-12-20,2026-02-03,27981.32,Paid,2026-01-23
INV001156,C0098,2026-01-04,2026-02-18,13610.65,Paid,2026-02-25
INV001157,C0098,2026-03-03,2026-04-17,19524.08,Paid,2026-04-30
INV001158,C0099,2024-11-09,2024-12-09,2848.09,Paid,2025-01-16
INV001159,C0099,2025-02-24,2025-03-26,2401.59,Paid,2025-05-26
INV001160,C0099,2025-07-20,2025-08-19,2388.81,Written Off,
INV001161,C0099,2025-10-02,2025-11-01,2920.8,Paid,2025-12-28
INV001162,C0099,2025-10-10,2025-11-09,2001.14,Written Off,
INV001163,C0099,2025-10-12,2025-11-11,3948.01,Paid,2025-11-10
INV001164,C0099,2026-02-24,2026-03-26,7959.99,Paid,2026-05-15
INV001165,C0099,2026-03-28,2026-04-27,2687.02,Paid,2026-03-27
INV001166,C0099,2026-04-11,2026-05-11,6480.37,Paid,2026-06-09
INV001167,C0100,2024-11-08,2024-12-23,19826.46,Paid,2025-03-01
INV001168,C0100,2024-11-10,2024-12-25,18115.12,Paid,2025-02-07
INV001169,C0100,2024-12-09,2025-01-23,35371.2,Paid,2025-02-04
INV001170,C0100,2025-03-04,2025-04-18,14339.77,Paid,2025-05-18
INV001171,C0100,2025-05-18,2025-07-02,27424.35,Paid,2025-07-26
INV001172,C0100,2025-06-15,2025-07-30,7898.26,Paid,2025-09-08
INV001173,C0100,2025-09-01,2025-10-16,37932.26,Paid,2025-11-19
INV001174,C0100,2025-11-12,2025-12-27,30274.61,Paid,2026-01-26
INV001175,C0100,2026-02-06,2026-03-23,34693.28,Paid,2026-04-24
INV001176,C0100,2026-03-09,2026-04-23,12048.83,Paid,2026-04-30
INV001177,C0100,2026-03-16,2026-04-30,17798.2,Paid,2026-06-13
INV001178,C0100,2026-04-07,2026-05-22,20704.26,Paid,2026-06-04
INV001179,C0100,2026-05-26,2026-07-10,39167.72,Open,
INV001180,C0101,2024-11-25,2024-12-25,3594.79,Paid,2024-12-11
INV001181,C0101,2025-03-09,2025-04-08,6410.55,Paid,2025-04-11
INV001182,C0101,2026-02-01,2026-03-03,7239.1,Paid,2026-02-27
INV001183,C0101,2026-02-19,2026-03-21,2954.7,Paid,2026-03-23
INV001184,C0102,2024-12-28,2025-01-27,2358.46,Disputed,
INV001185,C0102,2025-05-25,2025-06-24,2891.87,Paid,2025-06-24
INV001186,C0102,2025-06-12,2025-07-12,4959.86,Paid,2025-07-12
INV001187,C0103,2024-11-19,2024-12-19,1310.28,Paid,2025-01-13
INV001188,C0103,2024-12-28,2025-01-27,2037.41,Paid,2025-03-03
INV001189,C0103,2025-01-29,2025-02-28,851.22,Paid,2025-03-02
INV001190,C0103,2025-04-07,2025-05-07,5051.89,Paid,2025-04-14
INV001191,C0103,2025-05-01,2025-05-31,1814.38,Paid,2025-07-02
INV001192,C0103,2025-10-12,2025-11-11,4015.54,Paid,2025-11-03
INV001193,C0103,2025-11-09,2025-12-09,3496.43,Disputed,
INV001194,C0103,2025-12-20,2026-01-19,7477.27,Paid,2026-02-11
INV001195,C0103,2025-12-26,2026-01-25,7399.13,Paid,2026-02-15
INV001196,C0103,2026-03-18,2026-04-17,2398.16,Paid,2026-05-03
INV001197,C0103,2026-04-03,2026-05-03,1950.46,Paid,2026-06-08
INV001198,C0104,2024-09-03,2024-10-03,877.49,Disputed,
INV001199,C0104,2024-09-11,2024-10-11,2422.62,Paid,2024-11-02
INV001200,C0104,2025-06-12,2025-07-12,7981.89,Paid,2025-08-11
INV001201,C0104,2025-10-18,2025-11-17,7745.49,Paid,2026-01-09
INV001202,C0104,2026-04-29,2026-05-29,6071.89,Paid,2026-06-05
INV001203,C0105,2024-09-11,2024-10-26,34178.02,Paid,2024-11-09
INV001204,C0105,2024-12-25,2025-02-08,10722.89,Paid,2025-02-04
INV001205,C0105,2024-12-29,2025-02-12,33146.69,Paid,2025-01-18
INV001206,C0105,2025-01-27,2025-03-13,25004.0,Paid,2025-04-21
INV001207,C0105,2025-02-22,2025-04-08,22147.69,Paid,2025-04-01
INV001208,C0105,2025-03-21,2025-05-05,37802.61,Written Off,
INV001209,C0105,2025-06-12,2025-07-27,11745.82,Paid,2025-08-08
INV001210,C0105,2025-07-03,2025-08-17,23438.24,Paid,2025-07-15
INV001211,C0105,2025-07-17,2025-08-31,27601.44,Paid,2025-09-26
INV001212,C0105,2025-12-25,2026-02-08,17880.26,Paid,2026-01-31
INV001213,C0105,2026-02-02,2026-03-19,32112.2,Paid,2026-03-17
INV001214,C0105,2026-04-17,2026-06-01,14076.7,Paid,2026-05-29
INV001215,C0105,2026-05-02,2026-06-16,15291.87,Disputed,
INV001216,C0105,2026-05-30,2026-07-14,3397.89,Paid,2026-05-19
INV001217,C0106,2024-09-04,2024-11-03,135676.27,Paid,2024-11-04
INV001218,C0106,2024-11-15,2025-01-14,29313.05,Paid,2025-02-14
INV001219,C0106,2024-11-27,2025-01-26,118988.86,Paid,2025-01-29
INV001220,C0106,2024-11-27,2025-01-26,98390.61,Paid,2025-02-03
INV001221,C0106,2025-01-07,2025-03-08,142906.57,Paid,2025-04-05
INV001222,C0106,2025-02-21,2025-04-22,63406.9,Paid,2025-03-21
INV001223,C0106,2025-02-23,2025-04-24,119830.15,Paid,2025-05-16
INV001224,C0106,2025-03-12,2025-05-11,129820.0,Paid,2025-05-06
INV001225,C0106,2025-05-10,2025-07-09,106479.23,Paid,2025-06-25
INV001226,C0106,2025-05-29,2025-07-28,78937.59,Paid,2025-10-14
INV001227,C0106,2025-05-31,2025-07-30,113478.16,Paid,2025-09-06
INV001228,C0106,2025-06-01,2025-07-31,156875.26,Paid,2025-09-04
INV001229,C0106,2025-09-12,2025-11-11,129681.33,Paid,2025-11-26
INV001230,C0106,2025-10-17,2025-12-16,52128.9,Paid,2025-12-18
INV001231,C0106,2025-10-23,2025-12-22,59338.0,Paid,2026-01-18
INV001232,C0106,2025-11-15,2026-01-14,51445.01,Paid,2026-01-22
INV001233,C0106,2025-12-21,2026-02-19,145745.28,Paid,2026-03-30
INV001234,C0106,2026-01-07,2026-03-08,44681.27,Paid,2026-03-19
INV001235,C0107,2024-09-26,2024-11-10,33151.38,Paid,2024-12-18
INV001236,C0107,2024-11-16,2024-12-31,18093.21,Paid,2025-01-16
INV001237,C0107,2024-11-17,2025-01-01,35551.73,Paid,2025-02-11
INV001238,C0107,2025-01-17,2025-03-03,10996.15,Paid,2025-05-10
INV001239,C0107,2025-01-18,2025-03-04,13607.6,Paid,2025-03-18
INV001240,C0107,2025-02-06,2025-03-23,32139.81,Paid,2025-04-07
INV001241,C0107,2025-05-05,2025-06-19,8688.21,Paid,2025-05-03
INV001242,C0107,2025-06-18,2025-08-02,26371.73,Paid,2025-09-02
INV001243,C0107,2025-06-24,2025-08-08,4973.99,Paid,2025-08-06
INV001244,C0107,2025-07-24,2025-09-07,22665.68,Paid,2025-10-13
INV001245,C0107,2025-11-09,2025-12-24,31974.27,Paid,2026-01-02
INV001246,C0107,2026-01-22,2026-03-08,11429.01,Paid,2026-02-17
INV001247,C0107,2026-03-10,2026-04-24,39283.69,Paid,2026-04-18
INV001248,C0107,2026-03-15,2026-04-29,34770.91,Paid,2026-03-22
INV001249,C0107,2026-04-03,2026-05-18,29441.69,Paid,2026-06-13
INV001250,C0107,2026-04-23,2026-06-07,20995.26,Paid,2026-05-13
INV001251,C0108,2024-09-08,2024-10-08,2750.53,Paid,2024-11-04
INV001252,C0108,2025-04-24,2025-05-24,5125.24,Paid,2025-05-28
INV001253,C0109,2024-10-09,2024-11-23,15313.8,Paid,2024-12-05
INV001254,C0109,2024-11-08,2024-12-23,37017.69,Written Off,
INV001255,C0109,2024-12-12,2025-01-26,34632.97,Paid,2025-02-09
INV001256,C0109,2025-01-11,2025-02-25,25033.49,Paid,2025-02-10
INV001257,C0109,2025-01-21,2025-03-07,20432.52,Paid,2025-03-30
INV001258,C0109,2025-02-04,2025-03-21,11071.52,Paid,2025-03-18
INV001259,C0109,2025-03-12,2025-04-26,9165.54,Paid,2025-04-29
INV001260,C0109,2025-03-17,2025-05-01,31638.89,Paid,2025-05-16
INV001261,C0109,2025-05-20,2025-07-04,17905.06,Paid,2025-08-11
INV001262,C0109,2025-05-21,2025-07-05,10561.53,Paid,2025-06-19
INV001263,C0109,2025-06-24,2025-08-08,13776.74,Paid,2025-08-16
INV001264,C0109,2025-07-24,2025-09-07,25231.43,Paid,2025-09-24
INV001265,C0109,2025-09-06,2025-10-21,34077.56,Paid,2025-11-01
INV001266,C0109,2025-10-20,2025-12-04,26495.29,Paid,2026-02-02
INV001267,C0109,2026-01-03,2026-02-17,14917.92,Written Off,
INV001268,C0109,2026-01-03,2026-02-17,3275.89,Disputed,
INV001269,C0109,2026-01-23,2026-03-09,22417.42,Paid,2026-02-21
INV001270,C0109,2026-01-31,2026-03-17,36142.04,Paid,2026-02-14
INV001271,C0109,2026-04-04,2026-05-19,31230.64,Paid,2026-06-21
INV001272,C0109,2026-04-06,2026-05-21,14700.61,Paid,2026-06-04
INV001273,C0110,2024-12-11,2025-01-10,4600.94,Paid,2025-03-03
INV001274,C0110,2025-01-22,2025-02-21,2415.08,Paid,2025-02-15
INV001275,C0110,2025-01-25,2025-02-24,4940.33,Paid,2025-03-23
INV001276,C0110,2025-09-17,2025-10-17,1541.18,Paid,2025-10-15
INV001277,C0110,2025-10-13,2025-11-12,7398.79,Paid,2025-11-18
INV001278,C0110,2026-01-27,2026-02-26,3052.66,Paid,2026-03-17
INV001279,C0110,2026-01-29,2026-02-28,2566.29,Paid,2026-04-06
INV001280,C0110,2026-02-12,2026-03-14,4194.15,Paid,2026-02-09
INV001281,C0110,2026-03-23,2026-04-22,4057.42,Paid,2026-05-04
INV001282,C0110,2026-05-09,2026-06-08,5823.29,Paid,2026-05-28
INV001283,C0110,2026-05-18,2026-06-17,3508.6,Open,
INV001284,C0111,2025-03-05,2025-04-19,31077.98,Paid,2025-03-19
INV001285,C0111,2025-05-24,2025-07-08,39808.46,Paid,2025-06-22
INV001286,C0111,2025-07-27,2025-09-10,26808.1,Paid,2025-09-10
INV001287,C0111,2025-12-22,2026-02-05,23840.48,Disputed,
INV001288,C0111,2026-01-13,2026-02-27,25732.92,Paid,2026-03-19
INV001289,C0111,2026-02-03,2026-03-20,9094.13,Paid,2026-03-17
INV001290,C0111,2026-02-11,2026-03-28,33957.21,Paid,2026-04-01
INV001291,C0111,2026-04-21,2026-06-05,30874.64,Paid,2026-05-18
INV001292,C0111,2026-05-22,2026-07-06,37276.49,Open,
INV001293,C0112,2025-05-18,2025-06-17,5094.25,Paid,2025-06-20
INV001294,C0112,2025-07-20,2025-08-19,4568.1,Disputed,
INV001295,C0113,2024-09-25,2024-11-24,69644.41,Paid,2024-11-13
INV001296,C0113,2024-09-26,2024-11-25,94750.28,Paid,2024-12-10
INV001297,C0113,2024-10-06,2024-12-05,123641.52,Paid,2024-11-01
INV001298,C0113,2024-12-21,2025-02-19,50859.75,Written Off,
INV001299,C0113,2024-12-24,2025-02-22,68584.1,Paid,2025-01-31
INV001300,C0113,2025-01-15,2025-03-16,64791.93,Paid,2025-02-17
INV001301,C0113,2025-01-18,2025-03-19,35732.8,Paid,2025-03-14
INV001302,C0113,2025-01-23,2025-03-24,136025.98,Paid,2025-02-12
INV001303,C0113,2025-03-10,2025-05-09,35484.75,Paid,2025-04-29
INV001304,C0113,2025-03-23,2025-05-22,118237.66,Disputed,
INV001305,C0113,2025-03-30,2025-05-29,43774.63,Paid,2025-07-16
INV001306,C0113,2025-04-05,2025-06-04,15706.66,Paid,2025-06-22
INV001307,C0113,2025-04-18,2025-06-17,123552.14,Written Off,
INV001308,C0113,2025-07-02,2025-08-31,126192.04,Paid,2025-10-10
INV001309,C0113,2025-07-16,2025-09-14,18737.91,Paid,2025-09-24
INV001310,C0113,2025-07-21,2025-09-19,109460.78,Paid,2025-11-01
INV001311,C0113,2025-08-01,2025-09-30,35197.46,Paid,2025-10-05
INV001312,C0113,2025-08-24,2025-10-23,175746.44,Paid,2025-11-02
INV001313,C0113,2025-08-25,2025-10-24,139296.09,Paid,2025-11-23
INV001314,C0113,2025-10-01,2025-11-30,43406.05,Paid,2025-11-29
INV001315,C0113,2025-10-26,2025-12-25,43070.53,Disputed,
INV001316,C0113,2025-11-29,2026-01-28,168430.95,Disputed,
INV001317,C0113,2025-12-19,2026-02-17,89446.09,Paid,2026-01-27
INV001318,C0113,2026-01-11,2026-03-12,165312.66,Paid,2026-04-12
INV001319,C0113,2026-02-19,2026-04-20,76893.75,Paid,2026-05-22
INV001320,C0113,2026-02-28,2026-04-29,35241.12,Open,
INV001321,C0113,2026-03-12,2026-05-11,31296.2,Paid,2026-05-05
INV001322,C0113,2026-04-07,2026-06-06,87976.59,Written Off,
INV001323,C0113,2026-04-16,2026-06-15,46840.78,Open,
INV001324,C0113,2026-04-16,2026-06-15,166047.33,Open,
INV001325,C0113,2026-05-13,2026-07-12,132559.41,Open,
INV001326,C0113,2026-05-16,2026-07-15,32768.71,Open,
INV001327,C0114,2024-09-26,2024-11-25,139034.84,Paid,2024-11-28
INV001328,C0114,2024-09-28,2024-11-27,84779.48,Paid,2024-11-23
INV001329,C0114,2024-10-10,2024-12-09,122381.83,Paid,2024-11-29
INV001330,C0114,2024-10-29,2024-12-28,161134.38,Disputed,
INV001331,C0114,2024-11-05,2025-01-04,69100.35,Paid,2024-12-03
INV001332,C0114,2024-11-09,2025-01-08,95915.74,Paid,2024-12-26
INV001333,C0114,2025-01-07,2025-03-08,151163.07,Paid,2025-04-13
INV001334,C0114,2025-02-12,2025-04-13,139817.38,Paid,2025-05-13
INV001335,C0114,2025-02-14,2025-04-15,44334.71,Paid,2025-04-04
INV001336,C0114,2025-03-06,2025-05-05,64939.45,Paid,2025-03-25
INV001337,C0114,2025-03-14,2025-05-13,47954.38,Paid,2025-06-17
INV001338,C0114,2025-05-07,2025-07-06,106546.19,Paid,2025-06-24
INV001339,C0114,2025-05-24,2025-07-23,69796.7,Paid,2025-08-15
INV001340,C0114,2025-06-21,2025-08-20,125247.47,Paid,2025-08-20
INV001341,C0114,2025-07-03,2025-09-01,178580.68,Paid,2025-10-16
INV001342,C0114,2025-07-22,2025-09-20,30272.22,Paid,2025-10-21
INV001343,C0114,2025-08-17,2025-10-16,134783.66,Written Off,
INV001344,C0114,2025-10-22,2025-12-21,119317.87,Paid,2026-02-23
INV001345,C0114,2025-10-23,2025-12-22,61491.55,Paid,2026-01-06
INV001346,C0114,2025-11-19,2026-01-18,72248.4,Paid,2026-01-23
INV001347,C0114,2026-02-06,2026-04-07,80349.73,Paid,2026-04-20
INV001348,C0114,2026-03-03,2026-05-02,82136.18,Paid,2026-06-02
INV001349,C0114,2026-03-29,2026-05-28,119640.23,Disputed,
INV001350,C0114,2026-05-22,2026-07-21,38969.96,Open,
INV001351,C0115,2024-09-27,2024-11-26,134362.57,Paid,2024-12-19
INV001352,C0115,2024-12-03,2025-02-01,48623.86,Paid,2025-02-06
INV001353,C0115,2024-12-12,2025-02-10,123529.79,Paid,2025-02-15
INV001354,C0115,2025-01-29,2025-03-30,168170.68,Paid,2025-02-27
INV001355,C0115,2025-02-05,2025-04-06,75016.11,Paid,2025-03-23
INV001356,C0115,2025-02-14,2025-04-15,27748.89,Paid,2025-04-19
INV001357,C0115,2025-02-19,2025-04-20,160942.19,Paid,2025-05-04
INV001358,C0115,2025-02-24,2025-04-25,144370.05,Paid,2025-05-08
INV001359,C0115,2025-02-26,2025-04-27,38980.72,Paid,2025-06-24
INV001360,C0115,2025-02-28,2025-04-29,122285.03,Paid,2025-04-11
INV001361,C0115,2025-03-09,2025-05-08,134060.58,Paid,2025-06-07
INV001362,C0115,2025-03-31,2025-05-30,51154.25,Paid,2025-05-05
INV001363,C0115,2025-04-05,2025-06-04,46176.05,Paid,2025-05-05
INV001364,C0115,2025-04-08,2025-06-07,29189.83,Paid,2025-06-22
INV001365,C0115,2025-04-16,2025-06-15,168480.02,Paid,2025-05-26
INV001366,C0115,2025-04-29,2025-06-28,176431.09,Paid,2025-05-20
INV001367,C0115,2025-05-16,2025-07-15,82921.31,Paid,2025-07-29
INV001368,C0115,2025-06-06,2025-08-05,128493.11,Paid,2025-08-14
INV001369,C0115,2025-06-12,2025-08-11,48198.74,Paid,2025-08-11
INV001370,C0115,2025-09-07,2025-11-06,106203.92,Paid,2025-12-11
INV001371,C0115,2025-09-08,2025-11-07,41963.74,Paid,2025-10-17
INV001372,C0115,2025-09-27,2025-11-26,59162.04,Paid,2025-12-01
INV001373,C0115,2025-10-30,2025-12-29,46140.87,Paid,2026-01-13
INV001374,C0115,2025-11-17,2026-01-16,20160.75,Paid,2025-12-28
INV001375,C0115,2025-11-19,2026-01-18,73312.15,Paid,2026-01-18
INV001376,C0115,2025-11-26,2026-01-25,144598.26,Paid,2026-01-22
INV001377,C0115,2025-12-03,2026-02-01,121588.26,Paid,2026-01-16
INV001378,C0115,2025-12-18,2026-02-16,168093.31,Paid,2026-03-08
INV001379,C0115,2026-01-01,2026-03-02,88080.82,Paid,2026-03-02
INV001380,C0115,2026-01-04,2026-03-05,135726.01,Paid,2026-03-16
INV001381,C0115,2026-01-08,2026-03-09,48691.13,Paid,2026-03-16
INV001382,C0115,2026-02-11,2026-04-12,36312.09,Paid,2026-04-30
INV001383,C0115,2026-02-23,2026-04-24,136895.3,Paid,2026-03-17
INV001384,C0115,2026-03-08,2026-05-07,151397.04,Paid,2026-04-07
INV001385,C0115,2026-03-12,2026-05-11,88524.0,Paid,2026-05-09
INV001386,C0116,2024-09-12,2024-10-12,1777.8,Paid,2024-12-15
INV001387,C0116,2024-12-21,2025-01-20,1152.35,Paid,2025-03-01
INV001388,C0116,2024-12-22,2025-01-21,725.06,Paid,2025-03-11
INV001389,C0116,2024-12-23,2025-01-22,1388.73,Disputed,
INV001390,C0116,2025-08-04,2025-09-03,5170.8,Paid,2025-09-03
INV001391,C0116,2025-09-28,2025-10-28,1899.53,Paid,2025-11-29
INV001392,C0116,2026-03-24,2026-04-23,1913.89,Paid,2026-05-19
INV001393,C0116,2026-04-17,2026-05-17,7991.25,Written Off,
INV001394,C0116,2026-05-03,2026-06-02,2997.83,Paid,2026-04-28
INV001395,C0117,2024-12-01,2024-12-31,2126.0,Paid,2024-12-30
INV001396,C0117,2025-03-19,2025-04-18,2228.92,Paid,2025-06-15
INV001397,C0117,2025-05-21,2025-06-20,481.17,Paid,2025-07-01
INV001398,C0117,2025-07-17,2025-08-16,4202.57,Paid,2025-09-20
INV001399,C0117,2025-10-04,2025-11-03,7036.72,Paid,2025-12-21
INV001400,C0117,2025-10-06,2025-11-05,3380.19,Paid,2025-12-13
INV001401,C0117,2025-12-20,2026-01-19,1078.8,Paid,2026-01-15
INV001402,C0117,2026-01-07,2026-02-06,2818.76,Paid,2026-03-20
INV001403,C0117,2026-02-05,2026-03-07,1655.53,Paid,2026-02-24
INV001404,C0117,2026-03-15,2026-04-14,4690.49,Paid,2026-03-22
INV001405,C0117,2026-04-07,2026-05-07,3606.56,Paid,2026-04-29
INV001406,C0118,2024-09-01,2024-10-31,113741.38,Paid,2024-12-10
INV001407,C0118,2024-10-29,2024-12-28,62857.89,Paid,2025-02-08
INV001408,C0118,2024-11-24,2025-01-23,125702.02,Paid,2025-02-24
INV001409,C0118,2024-11-27,2025-01-26,25617.58,Paid,2025-02-27
INV001410,C0118,2025-01-05,2025-03-06,124244.56,Paid,2025-03-15
INV001411,C0118,2025-01-18,2025-03-19,69925.63,Paid,2025-03-12
INV001412,C0118,2025-03-09,2025-05-08,168357.18,Paid,2025-07-11
INV001413,C0118,2025-03-15,2025-05-14,43822.86,Paid,2025-04-28
INV001414,C0118,2025-04-07,2025-06-06,124274.35,Paid,2025-05-31
INV001415,C0118,2025-04-09,2025-06-08,160074.31,Written Off,
INV001416,C0118,2025-04-24,2025-06-23,97703.48,Paid,2025-06-01
INV001417,C0118,2025-04-28,2025-06-27,36146.77,Paid,2025-08-03
INV001418,C0118,2025-05-22,2025-07-21,155363.95,Paid,2025-07-30
INV001419,C0118,2025-06-16,2025-08-15,78453.07,Paid,2025-08-20
INV001420,C0118,2025-07-01,2025-08-30,133257.65,Paid,2025-08-15
INV001421,C0118,2025-07-03,2025-09-01,63612.48,Paid,2025-07-29
INV001422,C0118,2025-07-28,2025-09-26,85410.42,Paid,2025-10-27
INV001423,C0118,2025-08-17,2025-10-16,16556.9,Paid,2025-09-30
INV001424,C0118,2025-09-22,2025-11-21,166018.11,Paid,2025-12-12
INV001425,C0118,2025-10-28,2025-12-27,93374.58,Disputed,
INV001426,C0118,2025-12-09,2026-02-07,163051.81,Paid,2026-02-05
INV001427,C0118,2025-12-18,2026-02-16,106831.66,Paid,2026-03-04
INV001428,C0118,2025-12-24,2026-02-22,85810.05,Disputed,
INV001429,C0118,2026-01-30,2026-03-31,132296.47,Paid,2026-04-25
INV001430,C0118,2026-02-01,2026-04-02,118475.79,Paid,2026-05-15
INV001431,C0118,2026-02-16,2026-04-17,152879.49,Disputed,
INV001432,C0118,2026-02-17,2026-04-18,88079.96,Paid,2026-04-10
INV001433,C0118,2026-02-18,2026-04-19,116403.05,Paid,2026-04-24
INV001434,C0118,2026-03-17,2026-05-16,136250.19,Disputed,
INV001435,C0118,2026-04-16,2026-06-15,65103.64,Open,
INV001436,C0118,2026-05-02,2026-07-01,84421.09,Paid,2026-05-19
INV001437,C0118,2026-05-06,2026-07-05,125334.64,Open,
INV001438,C0119,2024-12-17,2025-01-16,6436.68,Paid,2025-01-22
INV001439,C0119,2025-05-08,2025-06-07,5094.9,Paid,2025-06-30
INV001440,C0119,2025-08-25,2025-09-24,925.74,Paid,2025-09-15
INV001441,C0120,2024-11-24,2025-01-08,22549.59,Paid,2025-01-16
INV001442,C0120,2024-12-11,2025-01-25,28753.52,Paid,2025-02-01
INV001443,C0120,2024-12-30,2025-02-13,27315.28,Paid,2025-01-26
INV001444,C0120,2025-01-08,2025-02-22,35147.43,Paid,2025-03-16
INV001445,C0120,2025-03-03,2025-04-17,22087.94,Paid,2025-05-04
INV001446,C0120,2025-04-18,2025-06-02,24388.25,Paid,2025-06-09
INV001447,C0120,2025-04-23,2025-06-07,35100.52,Paid,2025-07-08
INV001448,C0120,2025-05-25,2025-07-09,24609.79,Written Off,
INV001449,C0120,2025-06-11,2025-07-26,5584.03,Paid,2025-07-20
INV001450,C0120,2025-07-31,2025-09-14,36005.46,Paid,2025-09-28
INV001451,C0120,2025-09-12,2025-10-27,22773.5,Paid,2025-10-04
INV001452,C0120,2025-11-25,2026-01-09,13770.63,Paid,2026-03-16
INV001453,C0120,2025-12-12,2026-01-26,34601.28,Paid,2026-01-17
INV001454,C0120,2025-12-17,2026-01-31,6596.87,Paid,2026-01-11
INV001455,C0120,2025-12-20,2026-02-03,22843.49,Paid,2026-03-04
INV001456,C0120,2026-01-12,2026-02-26,34054.23,Paid,2026-03-21
INV001457,C0120,2026-01-20,2026-03-06,31573.89,Paid,2026-03-24
INV001458,C0120,2026-01-23,2026-03-09,28383.76,Paid,2026-04-10
INV001459,C0120,2026-04-04,2026-05-19,33571.09,Open,
INV001460,C0120,2026-05-05,2026-06-19,6712.18,Disputed,
INV001461,C0121,2025-03-25,2025-05-09,14052.77,Paid,2025-05-31
INV001462,C0121,2025-05-21,2025-07-05,28190.44,Paid,2025-07-26
INV001463,C0121,2025-10-20,2025-12-04,38234.98,Paid,2026-01-21
INV001464,C0121,2025-11-03,2025-12-18,36820.24,Paid,2025-12-30
INV001465,C0121,2026-01-04,2026-02-18,26692.6,Paid,2026-03-07
INV001466,C0121,2026-01-07,2026-02-21,28162.25,Paid,2026-03-31
INV001467,C0121,2026-01-23,2026-03-09,38297.19,Paid,2026-04-29
INV001468,C0121,2026-03-16,2026-04-30,4361.58,Paid,2026-05-11
INV001469,C0121,2026-03-21,2026-05-05,30856.77,Paid,2026-05-31
INV001470,C0121,2026-04-01,2026-05-16,8286.18,Paid,2026-06-16
INV001471,C0121,2026-05-28,2026-07-12,4966.96,Open,
INV001472,C0121,2026-05-29,2026-07-13,30551.9,Open,
INV001473,C0122,2024-12-10,2025-01-24,22499.82,Disputed,
INV001474,C0122,2025-02-02,2025-03-19,29189.54,Paid,2025-03-05
INV001475,C0122,2025-04-12,2025-05-27,6242.05,Paid,2025-06-18
INV001476,C0122,2025-04-17,2025-06-01,20204.99,Paid,2025-04-30
INV001477,C0122,2025-09-28,2025-11-12,30289.95,Paid,2025-11-06
INV001478,C0122,2025-10-16,2025-11-30,33035.64,Paid,2025-12-06
INV001479,C0122,2025-12-20,2026-02-03,28556.08,Paid,2026-01-24
INV001480,C0122,2026-01-24,2026-03-10,31561.12,Paid,2026-03-03
INV001481,C0122,2026-02-02,2026-03-19,36568.69,Paid,2026-03-16
INV001482,C0122,2026-02-13,2026-03-30,18315.48,Paid,2026-04-09
INV001483,C0122,2026-02-15,2026-04-01,23881.07,Paid,2026-03-22
INV001484,C0122,2026-02-19,2026-04-05,29094.79,Paid,2026-03-20
INV001485,C0122,2026-03-12,2026-04-26,30933.23,Paid,2026-04-14
INV001486,C0123,2025-01-07,2025-02-21,29673.97,Paid,2025-03-26
INV001487,C0123,2025-02-06,2025-03-23,8861.31,Paid,2025-03-07
INV001488,C0123,2025-03-11,2025-04-25,22439.32,Paid,2025-04-21
INV001489,C0123,2025-03-12,2025-04-26,14039.84,Paid,2025-06-11
INV001490,C0123,2025-03-20,2025-05-04,23330.31,Paid,2025-04-23
INV001491,C0123,2025-04-01,2025-05-16,21966.69,Paid,2025-06-10
INV001492,C0123,2025-04-12,2025-05-27,16948.77,Paid,2025-05-09
INV001493,C0123,2025-05-20,2025-07-04,23994.04,Paid,2025-07-14
INV001494,C0123,2025-05-25,2025-07-09,37829.73,Paid,2025-07-28
INV001495,C0123,2025-07-11,2025-08-25,32057.49,Paid,2025-10-18
INV001496,C0123,2025-07-19,2025-09-02,3876.8,Disputed,
INV001497,C0123,2025-07-31,2025-09-14,33368.84,Paid,2025-09-25
INV001498,C0123,2025-09-20,2025-11-04,23514.65,Paid,2025-11-06
INV001499,C0123,2025-11-18,2026-01-02,4134.68,Paid,2026-01-08
INV001500,C0123,2025-12-01,2026-01-15,27901.97,Paid,2026-02-09
INV001501,C0123,2026-01-19,2026-03-05,29475.13,Paid,2026-03-07
INV001502,C0123,2026-02-21,2026-04-07,26573.01,Paid,2026-04-02
INV001503,C0124,2024-09-14,2024-10-29,14527.65,Paid,2024-12-04
INV001504,C0124,2024-11-10,2024-12-25,38513.11,Written Off,
INV001505,C0124,2024-12-15,2025-01-29,12641.06,Paid,2025-03-02
INV001506,C0124,2024-12-22,2025-02-05,6139.6,Paid,2025-03-31
INV001507,C0124,2025-06-08,2025-07-23,22156.37,Written Off,
INV001508,C0124,2025-07-02,2025-08-16,31754.65,Paid,2025-05-31
INV001509,C0124,2025-08-14,2025-09-28,22579.52,Paid,2025-10-02
INV001510,C0124,2025-09-22,2025-11-06,4010.62,Paid,2025-11-30
INV001511,C0124,2025-11-28,2026-01-12,20200.23,Paid,2026-01-30
INV001512,C0124,2026-05-20,2026-07-04,26070.56,Open,
INV001513,C0125,2024-11-06,2024-12-21,20232.8,Paid,2024-12-17
INV001514,C0125,2025-02-02,2025-03-19,14186.7,Paid,2025-02-28
INV001515,C0125,2025-02-16,2025-04-02,33317.78,Paid,2025-04-20
INV001516,C0125,2025-02-21,2025-04-07,4699.67,Paid,2025-04-25
INV001517,C0125,2025-03-06,2025-04-20,14449.05,Paid,2025-05-29
INV001518,C0125,2025-08-03,2025-09-17,11872.99,Paid,2025-09-22
INV001519,C0125,2025-08-18,2025-10-02,33932.97,Paid,2025-10-12
INV001520,C0125,2025-08-19,2025-10-03,8465.96,Disputed,
INV001521,C0125,2025-08-22,2025-10-06,12775.09,Paid,2025-09-23
INV001522,C0125,2025-08-28,2025-10-12,16629.73,Paid,2025-10-18
INV001523,C0125,2025-09-14,2025-10-29,19862.41,Disputed,
INV001524,C0125,2025-10-04,2025-11-18,18918.38,Paid,2025-11-10
INV001525,C0125,2025-10-17,2025-12-01,5785.5,Paid,2025-11-21
INV001526,C0125,2026-01-09,2026-02-23,3534.09,Paid,2026-02-17
INV001527,C0125,2026-01-20,2026-03-06,14484.86,Paid,2026-03-21
INV001528,C0125,2026-01-22,2026-03-08,31593.46,Paid,2026-02-24
INV001529,C0125,2026-03-08,2026-04-22,32571.01,Disputed,
INV001530,C0125,2026-03-17,2026-05-01,22811.48,Paid,2026-03-23
INV001531,C0126,2024-09-09,2024-10-24,33613.53,Paid,2024-11-05
INV001532,C0126,2024-11-25,2025-01-09,16549.08,Paid,2025-01-18
INV001533,C0126,2024-12-12,2025-01-26,38151.28,Paid,2025-02-14
INV001534,C0126,2025-04-08,2025-05-23,28449.59,Paid,2025-05-06
INV001535,C0126,2025-04-19,2025-06-03,24162.55,Paid,2025-06-01
INV001536,C0126,2025-07-17,2025-08-31,33189.45,Paid,2025-09-21
INV001537,C0126,2025-08-10,2025-09-24,19852.63,Disputed,
INV001538,C0126,2025-10-30,2025-12-14,21450.71,Paid,2025-12-07
INV001539,C0126,2025-12-26,2026-02-09,31964.92,Paid,2026-03-18
INV001540,C0126,2026-02-15,2026-04-01,29019.86,Paid,2026-04-03
INV001541,C0126,2026-04-01,2026-05-16,7457.83,Paid,2026-06-04
INV001542,C0127,2025-06-23,2025-07-23,1323.53,Paid,2025-07-18
INV001543,C0127,2025-07-27,2025-08-26,7007.36,Paid,2025-08-29
INV001544,C0127,2025-11-23,2025-12-23,7413.33,Paid,2025-12-15
INV001545,C0127,2025-12-18,2026-01-17,3811.08,Paid,2026-02-18
INV001546,C0127,2026-03-24,2026-04-23,7050.26,Paid,2026-04-15
INV001547,C0127,2026-04-28,2026-05-28,1994.78,Paid,2026-06-01
INV001548,C0127,2026-05-17,2026-06-16,343.12,Paid,2026-06-06
INV001549,C0128,2024-11-01,2024-12-01,4166.42,Paid,2024-11-24
INV001550,C0128,2025-03-22,2025-04-21,6837.81,Written Off,
INV001551,C0128,2025-05-06,2025-06-05,594.34,Paid,2025-06-17
INV001552,C0128,2025-05-09,2025-06-08,6523.02,Paid,2025-06-26
INV001553,C0128,2025-08-31,2025-09-30,3404.2,Paid,2025-10-08
INV001554,C0128,2026-02-09,2026-03-11,2859.6,Paid,2026-06-08
INV001555,C0129,2024-09-16,2024-10-16,7373.11,Written Off,
INV001556,C0129,2024-11-26,2024-12-26,1709.01,Paid,2024-12-27
INV001557,C0129,2025-03-03,2025-04-02,5118.99,Disputed,
INV001558,C0129,2025-09-12,2025-10-12,6892.42,Written Off,
INV001559,C0130,2024-09-22,2024-11-06,25801.7,Paid,2024-09-23
INV001560,C0130,2024-10-03,2024-11-17,16858.33,Paid,2024-11-07
INV001561,C0130,2024-10-13,2024-11-27,26618.83,Paid,2024-12-02
INV001562,C0130,2024-10-24,2024-12-08,10317.38,Paid,2024-11-11
INV001563,C0130,2024-11-01,2024-12-16,18896.28,Paid,2024-11-20
INV001564,C0130,2024-11-09,2024-12-24,7782.29,Paid,2025-02-04
INV001565,C0130,2025-02-01,2025-03-18,6139.0,Paid,2025-03-19
INV001566,C0130,2025-04-11,2025-05-26,38225.86,Paid,2025-06-07
INV001567,C0130,2025-07-11,2025-08-25,17308.1,Paid,2025-08-26
INV001568,C0130,2025-07-29,2025-09-12,3015.43,Paid,2025-09-06
INV001569,C0130,2025-11-10,2025-12-25,28415.24,Disputed,
INV001570,C0130,2025-11-12,2025-12-27,14760.08,Paid,2025-12-25
INV001571,C0130,2025-12-09,2026-01-23,7315.9,Paid,2026-02-06
INV001572,C0130,2026-01-23,2026-03-09,29829.28,Paid,2026-03-15
INV001573,C0130,2026-02-24,2026-04-10,12135.64,Paid,2026-05-01
INV001574,C0130,2026-04-24,2026-06-08,9777.68,Paid,2026-05-22
INV001575,C0131,2024-11-01,2024-12-01,5013.03,Paid,2024-12-19
INV001576,C0131,2025-06-23,2025-07-23,2812.96,Paid,2025-08-20
INV001577,C0131,2026-01-11,2026-02-10,6496.26,Paid,2026-01-29
INV001578,C0132,2024-09-03,2024-11-02,176861.86,Paid,2024-11-01
INV001579,C0132,2024-09-04,2024-11-03,85638.72,Paid,2024-11-07
INV001580,C0132,2024-09-06,2024-11-05,131618.41,Paid,2024-11-21
INV001581,C0132,2024-09-28,2024-11-27,86081.49,Paid,2024-11-13
INV001582,C0132,2024-11-01,2024-12-31,148877.86,Paid,2024-12-30
INV001583,C0132,2024-12-07,2025-02-05,135125.65,Paid,2025-03-01
INV001584,C0132,2025-01-04,2025-03-05,117774.32,Paid,2025-02-03
INV001585,C0132,2025-01-12,2025-03-13,37451.93,Paid,2025-03-17
INV001586,C0132,2025-02-18,2025-04-19,22283.95,Paid,2025-04-07
INV001587,C0132,2025-02-25,2025-04-26,39537.88,Paid,2025-03-29
INV001588,C0132,2025-03-12,2025-05-11,98476.8,Paid,2025-05-12
INV001589,C0132,2025-04-06,2025-06-05,126763.51,Paid,2025-05-23
INV001590,C0132,2025-04-09,2025-06-08,20179.62,Disputed,
INV001591,C0132,2025-05-28,2025-07-27,138747.22,Paid,2025-07-19
INV001592,C0132,2025-06-15,2025-08-14,55866.87,Paid,2025-08-10
INV001593,C0132,2025-06-21,2025-08-20,129776.92,Paid,2025-07-24
INV001594,C0132,2025-07-23,2025-09-21,88368.07,Paid,2025-08-22
INV001595,C0132,2025-08-16,2025-10-15,39079.39,Paid,2025-10-07
INV001596,C0132,2025-08-24,2025-10-23,95114.5,Paid,2025-09-30
INV001597,C0132,2025-08-30,2025-10-29,86568.64,Paid,2025-10-07
INV001598,C0132,2025-09-19,2025-11-18,150052.32,Paid,2025-10-23
INV001599,C0132,2025-10-13,2025-12-12,27389.75,Paid,2025-12-15
INV001600,C0132,2025-10-21,2025-12-20,153297.56,Paid,2025-11-30
INV001601,C0132,2025-11-14,2026-01-13,44249.07,Paid,2025-12-30
INV001602,C0132,2025-11-19,2026-01-18,42561.3,Paid,2026-01-25
INV001603,C0132,2025-12-13,2026-02-11,173981.03,Paid,2026-02-17
INV001604,C0132,2026-02-20,2026-04-21,152484.52,Paid,2026-04-01
INV001605,C0132,2026-02-23,2026-04-24,73907.85,Paid,2026-04-20
INV001606,C0132,2026-03-22,2026-05-21,122396.18,Paid,2026-06-19
INV001607,C0132,2026-04-10,2026-06-09,55479.18,Paid,2026-05-27
INV001608,C0132,2026-04-17,2026-06-16,23961.2,Paid,2026-05-27
INV001609,C0132,2026-05-11,2026-07-10,153330.21,Paid,2026-06-11
INV001610,C0133,2024-09-17,2024-11-16,153373.95,Paid,2024-12-30
INV001611,C0133,2024-09-18,2024-11-17,174811.54,Paid,2024-10-09
INV001612,C0133,2024-09-23,2024-11-22,133748.5,Paid,2025-02-02
INV001613,C0133,2024-10-08,2024-12-07,178519.92,Paid,2024-12-28
INV001614,C0133,2024-10-14,2024-12-13,147741.57,Paid,2024-12-20
INV001615,C0133,2024-10-15,2024-12-14,174249.46,Paid,2025-02-13
INV001616,C0133,2024-12-31,2025-03-01,101045.37,Paid,2025-03-05
INV001617,C0133,2025-01-12,2025-03-13,29663.08,Paid,2025-03-30
INV001618,C0133,2025-01-19,2025-03-20,72650.41,Paid,2025-02-22
INV001619,C0133,2025-02-18,2025-04-19,154581.59,Paid,2025-06-10
INV001620,C0133,2025-05-07,2025-07-06,129156.81,Paid,2025-07-31
INV001621,C0133,2025-05-07,2025-07-06,131570.8,Paid,2025-08-14
INV001622,C0133,2025-05-10,2025-07-09,53098.67,Paid,2025-07-30
INV001623,C0133,2025-05-27,2025-07-26,33133.91,Paid,2025-06-24
INV001624,C0133,2025-06-21,2025-08-20,154679.03,Paid,2025-11-01
INV001625,C0133,2025-06-21,2025-08-20,56221.07,Paid,2025-09-22
INV001626,C0133,2025-09-14,2025-11-13,99019.53,Paid,2025-09-20
INV001627,C0133,2025-09-28,2025-11-27,77542.77,Paid,2026-01-14
INV001628,C0133,2025-10-24,2025-12-23,39901.76,Paid,2026-02-13
INV001629,C0133,2025-10-24,2025-12-23,164422.79,Paid,2026-01-17
INV001630,C0133,2025-10-28,2025-12-27,61870.92,Paid,2026-01-14
INV001631,C0133,2025-11-18,2026-01-17,134963.36,Paid,2026-02-02
INV001632,C0133,2025-12-08,2026-02-06,140930.6,Paid,2026-03-26
INV001633,C0133,2025-12-22,2026-02-20,97480.47,Paid,2026-02-14
INV001634,C0133,2025-12-27,2026-02-25,98814.36,Paid,2026-05-03
INV001635,C0133,2026-01-04,2026-03-05,120502.15,Paid,2026-03-22
INV001636,C0133,2026-02-01,2026-04-02,158419.29,Paid,2026-06-05
INV001637,C0133,2026-02-04,2026-04-05,48935.06,Paid,2026-04-09
INV001638,C0134,2024-10-03,2024-11-02,2579.88,Paid,2024-11-20
INV001639,C0134,2025-01-09,2025-02-08,3863.72,Paid,2025-02-07
INV001640,C0134,2025-02-25,2025-03-27,5371.0,Paid,2025-04-15
INV001641,C0134,2025-03-01,2025-03-31,7056.04,Paid,2025-04-10
INV001642,C0134,2025-03-18,2025-04-17,7817.08,Paid,2025-04-17
INV001643,C0134,2025-03-25,2025-04-24,5120.36,Paid,2025-06-05
INV001644,C0134,2025-10-15,2025-11-14,4928.63,Paid,2025-11-28
INV001645,C0134,2025-11-23,2025-12-23,1497.45,Paid,2025-12-05
INV001646,C0134,2026-02-20,2026-03-22,1540.37,Written Off,
INV001647,C0134,2026-05-14,2026-06-13,4339.68,Open,
INV001648,C0135,2025-01-11,2025-02-10,1931.13,Paid,2025-02-23
INV001649,C0135,2025-06-18,2025-07-18,3641.84,Paid,2025-08-17
INV001650,C0135,2025-10-19,2025-11-18,1512.62,Paid,2025-12-16
INV001651,C0136,2024-11-15,2024-12-15,917.13,Paid,2024-12-29
INV001652,C0136,2025-04-06,2025-05-06,3341.47,Paid,2025-06-17
INV001653,C0136,2025-05-22,2025-06-21,3465.88,Paid,2025-07-14
INV001654,C0136,2025-08-03,2025-09-02,7358.28,Paid,2025-12-02
INV001655,C0136,2025-10-01,2025-10-31,4203.19,Paid,2025-12-02
INV001656,C0136,2025-11-01,2025-12-01,4727.62,Paid,2025-10-21
INV001657,C0136,2025-11-15,2025-12-15,6752.44,Paid,2026-01-13
INV001658,C0136,2025-11-17,2025-12-17,1479.05,Paid,2025-11-28
INV001659,C0137,2024-10-05,2024-11-04,2406.33,Paid,2024-11-08
INV001660,C0137,2024-11-11,2024-12-11,3934.7,Paid,2024-11-26
INV001661,C0137,2025-03-01,2025-03-31,5789.11,Paid,2025-04-04
INV001662,C0137,2025-03-08,2025-04-07,5806.45,Paid,2025-04-20
INV001663,C0137,2025-04-21,2025-05-21,6885.9,Paid,2025-08-09
INV001664,C0137,2025-07-10,2025-08-09,3391.7,Paid,2025-10-04
INV001665,C0137,2025-12-29,2026-01-28,4676.97,Written Off,
INV001666,C0137,2026-04-12,2026-05-12,6385.42,Paid,2026-06-17
INV001667,C0138,2024-09-03,2024-10-18,27385.19,Paid,2024-10-22
INV001668,C0138,2024-11-02,2024-12-17,12657.23,Paid,2024-12-08
INV001669,C0138,2025-06-24,2025-08-08,8937.19,Written Off,
INV001670,C0138,2025-12-13,2026-01-27,19353.15,Paid,2025-12-23
INV001671,C0138,2025-12-13,2026-01-27,24696.24,Paid,2026-02-02
INV001672,C0138,2025-12-27,2026-02-10,24432.62,Paid,2026-02-09
INV001673,C0138,2026-01-19,2026-03-05,4507.13,Disputed,
INV001674,C0138,2026-03-08,2026-04-22,24784.06,Paid,2026-05-13
INV001675,C0138,2026-03-20,2026-05-04,8492.39,Paid,2026-05-15
INV001676,C0138,2026-04-02,2026-05-17,8531.68,Paid,2026-04-30
INV001677,C0138,2026-05-14,2026-06-28,27095.95,Open,
INV001678,C0138,2026-05-25,2026-07-09,38852.07,Disputed,
INV001679,C0139,2024-11-03,2024-12-03,2630.72,Paid,2024-12-28
INV001680,C0139,2024-12-01,2024-12-31,943.76,Paid,2025-01-22
INV001681,C0139,2025-04-07,2025-05-07,5725.72,Paid,2025-05-09
INV001682,C0139,2026-05-30,2026-06-29,1621.61,Open,
INV001683,C0140,2024-12-08,2025-01-07,6812.55,Paid,2024-12-26
INV001684,C0140,2024-12-28,2025-01-27,5856.49,Paid,2025-02-17
INV001685,C0140,2025-02-05,2025-03-07,2150.19,Disputed,
INV001686,C0140,2025-02-12,2025-03-14,1531.44,Paid,2025-03-22
INV001687,C0140,2025-02-21,2025-03-23,1413.31,Paid,2025-04-01
INV001688,C0140,2025-07-27,2025-08-26,3784.31,Paid,2025-10-02
INV001689,C0140,2025-10-31,2025-11-30,7571.18,Paid,2025-12-26
INV001690,C0140,2025-12-01,2025-12-31,4729.56,Paid,2026-01-10
INV001691,C0140,2025-12-18,2026-01-17,7217.24,Paid,2026-02-15
INV001692,C0140,2026-03-23,2026-04-22,5267.93,Paid,2026-04-05
INV001693,C0140,2026-04-11,2026-05-11,5110.68,Paid,2026-06-11
INV001694,C0141,2024-09-03,2024-10-18,12403.63,Paid,2025-01-06
INV001695,C0141,2024-09-20,2024-11-04,32723.93,Paid,2025-01-15
INV001696,C0141,2024-12-23,2025-02-06,6453.81,Written Off,
INV001697,C0141,2025-01-31,2025-03-17,7232.64,Paid,2025-04-28
INV001698,C0141,2025-02-11,2025-03-28,30089.89,Paid,2025-06-03
INV001699,C0141,2025-03-29,2025-05-13,11181.24,Written Off,
INV001700,C0141,2025-04-07,2025-05-22,29462.59,Paid,2025-06-19
INV001701,C0141,2025-04-13,2025-05-28,7129.79,Paid,2025-08-20
INV001702,C0141,2025-07-03,2025-08-17,18241.26,Paid,2025-11-04
INV001703,C0141,2025-07-25,2025-09-08,12877.96,Paid,2025-09-28
INV001704,C0141,2025-08-26,2025-10-10,3106.24,Written Off,
INV001705,C0141,2025-09-19,2025-11-03,36662.31,Paid,2025-11-21
INV001706,C0141,2025-09-24,2025-11-08,10458.81,Paid,2026-01-10
INV001707,C0141,2025-12-18,2026-02-01,5237.15,Paid,2026-03-06
INV001708,C0141,2025-12-22,2026-02-05,32321.27,Disputed,
INV001709,C0141,2026-02-05,2026-03-22,28990.63,Paid,2026-05-15
INV001710,C0141,2026-02-24,2026-04-10,3876.61,Paid,2026-04-07
INV001711,C0141,2026-03-05,2026-04-19,15544.18,Disputed,
INV001712,C0141,2026-04-27,2026-06-11,5663.84,Open,
INV001713,C0141,2026-05-05,2026-06-19,14521.16,Open,
INV001714,C0141,2026-05-09,2026-06-23,27769.68,Open,
INV001715,C0142,2024-09-08,2024-11-07,86888.79,Written Off,
INV001716,C0142,2024-09-28,2024-11-27,90460.82,Paid,2025-01-01
INV001717,C0142,2024-10-19,2024-12-18,112974.73,Paid,2024-11-28
INV001718,C0142,2024-11-26,2025-01-25,73213.56,Paid,2025-03-01
INV001719,C0142,2025-01-01,2025-03-02,107062.24,Paid,2025-04-16
INV001720,C0142,2025-02-04,2025-04-05,24700.29,Paid,2025-05-04
INV001721,C0142,2025-02-07,2025-04-08,90281.44,Paid,2025-05-12
INV001722,C0142,2025-02-10,2025-04-11,35321.5,Paid,2025-04-25
INV001723,C0142,2025-03-24,2025-05-23,53627.06,Paid,2025-07-31
INV001724,C0142,2025-03-28,2025-05-27,35195.2,Paid,2025-05-15
INV001725,C0142,2025-03-31,2025-05-30,42521.54,Paid,2025-06-12
INV001726,C0142,2025-04-23,2025-06-22,40961.85,Paid,2025-08-04
INV001727,C0142,2025-05-25,2025-07-24,66378.93,Paid,2025-08-15
INV001728,C0142,2025-05-29,2025-07-28,153463.19,Paid,2025-05-28
INV001729,C0142,2025-06-05,2025-08-04,118160.44,Paid,2025-07-26
INV001730,C0142,2025-07-01,2025-08-30,77539.91,Paid,2025-09-02
INV001731,C0142,2025-07-04,2025-09-02,84953.13,Written Off,
INV001732,C0142,2025-07-22,2025-09-20,60396.57,Paid,2025-10-13
INV001733,C0142,2025-08-12,2025-10-11,148017.64,Paid,2025-10-20
INV001734,C0142,2025-09-18,2025-11-17,146351.07,Paid,2026-01-13
INV001735,C0142,2025-10-12,2025-12-11,17433.33,Paid,2025-11-27
INV001736,C0142,2025-10-14,2025-12-13,69762.53,Paid,2026-02-18
INV001737,C0142,2025-11-10,2026-01-09,25001.47,Disputed,
INV001738,C0142,2025-11-30,2026-01-29,31237.58,Paid,2026-01-04
INV001739,C0142,2025-12-01,2026-01-30,90151.44,Written Off,
INV001740,C0142,2025-12-03,2026-02-01,59712.27,Paid,2026-02-20
INV001741,C0142,2026-01-14,2026-03-15,87325.54,Paid,2026-04-15
INV001742,C0142,2026-01-15,2026-03-16,161053.12,Paid,2026-04-19
INV001743,C0142,2026-01-17,2026-03-18,22255.33,Paid,2026-05-16
INV001744,C0142,2026-01-27,2026-03-28,126851.52,Paid,2026-04-13
INV001745,C0142,2026-02-08,2026-04-09,152291.29,Paid,2026-06-08
INV001746,C0142,2026-02-21,2026-04-22,79665.1,Paid,2026-06-03
INV001747,C0142,2026-02-24,2026-04-25,91673.26,Paid,2026-04-08
INV001748,C0142,2026-03-17,2026-05-16,78553.38,Paid,2026-06-26
INV001749,C0142,2026-03-19,2026-05-18,73560.49,Paid,2026-05-09
INV001750,C0142,2026-04-19,2026-06-18,78383.82,Disputed,
INV001751,C0142,2026-04-30,2026-06-29,123133.56,Open,
INV001752,C0142,2026-05-04,2026-07-03,133676.74,Open,
INV001753,C0143,2024-10-18,2024-12-17,96356.82,Paid,2024-12-22
INV001754,C0143,2024-11-13,2025-01-12,142516.24,Paid,2025-01-20
INV001755,C0143,2024-12-01,2025-01-30,85020.27,Paid,2025-02-14
INV001756,C0143,2024-12-10,2025-02-08,62155.76,Paid,2025-01-21
INV001757,C0143,2024-12-31,2025-03-01,97797.79,Paid,2025-02-16
INV001758,C0143,2025-01-05,2025-03-06,46365.24,Paid,2025-02-03
INV001759,C0143,2025-03-22,2025-05-21,123609.65,Paid,2025-05-07
INV001760,C0143,2025-03-28,2025-05-27,20511.41,Paid,2025-06-28
INV001761,C0143,2025-05-18,2025-07-17,17470.97,Paid,2025-08-12
INV001762,C0143,2025-07-08,2025-09-06,137874.04,Paid,2025-10-31
INV001763,C0143,2025-07-21,2025-09-19,57482.53,Paid,2025-09-07
INV001764,C0143,2025-08-20,2025-10-19,41783.89,Paid,2025-11-08
INV001765,C0143,2025-08-20,2025-10-19,177257.68,Paid,2025-10-19
INV001766,C0143,2025-09-06,2025-11-05,178448.66,Paid,2025-10-05
INV001767,C0143,2025-10-08,2025-12-07,114200.99,Paid,2025-12-08
INV001768,C0143,2025-10-27,2025-12-26,48300.05,Paid,2026-02-05
INV001769,C0143,2025-11-30,2026-01-29,76204.43,Paid,2026-01-03
INV001770,C0143,2026-01-06,2026-03-07,38019.02,Paid,2026-02-02
INV001771,C0143,2026-01-15,2026-03-16,69132.91,Paid,2026-04-20
INV001772,C0143,2026-04-30,2026-06-29,50875.69,Open,
INV001773,C0143,2026-05-16,2026-07-15,68584.85,Open,
INV001774,C0144,2024-09-28,2024-10-28,4667.89,Paid,2024-10-04
INV001775,C0144,2025-07-02,2025-08-01,2043.55,Written Off,
INV001776,C0144,2025-08-01,2025-08-31,2827.45,Paid,2025-09-23
INV001777,C0144,2025-08-25,2025-09-24,784.26,Paid,2025-09-21
INV001778,C0144,2025-10-19,2025-11-18,6474.05,Paid,2025-11-02
INV001779,C0144,2025-11-03,2025-12-03,3577.06,Paid,2025-12-14
INV001780,C0144,2025-11-18,2025-12-18,5137.09,Paid,2026-01-25
INV001781,C0145,2024-09-09,2024-10-24,20673.12,Paid,2024-11-16
INV001782,C0145,2024-11-05,2024-12-20,32912.63,Paid,2024-12-14
INV001783,C0145,2024-11-18,2025-01-02,30642.38,Paid,2025-02-13
INV001784,C0145,2024-12-08,2025-01-22,30375.33,Paid,2025-02-11
INV001785,C0145,2025-01-12,2025-02-26,13370.75,Paid,2025-03-21
INV001786,C0145,2025-01-20,2025-03-06,32267.04,Paid,2025-03-30
INV001787,C0145,2025-04-18,2025-06-02,15352.44,Paid,2025-06-24
INV001788,C0145,2025-05-20,2025-07-04,36749.07,Paid,2025-07-02
INV001789,C0145,2025-07-29,2025-09-12,11934.69,Paid,2025-10-25
INV001790,C0145,2025-08-02,2025-09-16,28784.19,Paid,2025-09-17
INV001791,C0145,2025-09-08,2025-10-23,36505.24,Disputed,
INV001792,C0145,2025-09-19,2025-11-03,13020.54,Paid,2025-12-22
INV001793,C0145,2025-11-18,2026-01-02,23296.42,Paid,2026-02-27
INV001794,C0145,2025-12-01,2026-01-15,31634.13,Paid,2025-12-27
INV001795,C0145,2025-12-27,2026-02-10,29466.48,Paid,2026-02-16
INV001796,C0145,2026-01-10,2026-02-24,38781.67,Paid,2026-03-30
INV001797,C0145,2026-02-13,2026-03-30,29526.28,Paid,2026-05-12
INV001798,C0145,2026-02-17,2026-04-03,23351.39,Paid,2026-03-01
INV001799,C0145,2026-03-05,2026-04-19,16201.32,Paid,2026-04-13
INV001800,C0145,2026-04-14,2026-05-29,17651.73,Paid,2026-06-14
INV001801,C0145,2026-04-27,2026-06-11,22900.32,Paid,2026-06-07
INV001802,C0146,2024-09-02,2024-10-17,38846.11,Paid,2024-11-26
INV001803,C0146,2024-09-18,2024-11-02,31358.63,Paid,2024-11-08
INV001804,C0146,2025-01-04,2025-02-18,25116.61,Written Off,
INV001805,C0146,2025-02-06,2025-03-23,5137.27,Paid,2025-04-09
INV001806,C0146,2025-03-07,2025-04-21,36557.34,Paid,2025-05-06
INV001807,C0146,2025-04-19,2025-06-03,34017.53,Paid,2025-07-21
INV001808,C0146,2025-08-24,2025-10-08,34962.8,Paid,2025-09-02
INV001809,C0146,2025-11-23,2026-01-07,36358.25,Paid,2025-12-18
INV001810,C0146,2025-11-24,2026-01-08,35936.01,Paid,2026-02-21
INV001811,C0146,2025-12-14,2026-01-28,4992.32,Paid,2026-02-16
INV001812,C0146,2025-12-27,2026-02-10,5723.64,Written Off,
INV001813,C0146,2026-01-06,2026-02-20,29571.54,Paid,2026-02-17
INV001814,C0146,2026-01-14,2026-02-28,17117.04,Written Off,
INV001815,C0146,2026-02-05,2026-03-22,23474.81,Paid,2026-01-26
INV001816,C0146,2026-02-06,2026-03-23,15479.1,Disputed,
INV001817,C0146,2026-02-20,2026-04-06,22320.54,Paid,2026-06-16
INV001818,C0146,2026-03-09,2026-04-23,25648.23,Written Off,
INV001819,C0146,2026-03-22,2026-05-06,11470.55,Open,
INV001820,C0146,2026-04-29,2026-06-13,9145.74,Open,
INV001821,C0147,2024-09-13,2024-10-28,21870.39,Paid,2024-11-05
INV001822,C0147,2024-10-25,2024-12-09,11185.19,Paid,2024-11-29
INV001823,C0147,2024-11-03,2024-12-18,7627.37,Paid,2025-01-02
INV001824,C0147,2024-11-12,2024-12-27,8193.36,Paid,2025-01-27
INV001825,C0147,2024-12-08,2025-01-22,9309.86,Paid,2025-02-07
INV001826,C0147,2025-01-04,2025-02-18,5287.67,Paid,2025-03-01
INV001827,C0147,2025-01-19,2025-03-05,29628.35,Paid,2025-03-08
INV001828,C0147,2025-01-26,2025-03-12,29188.65,Paid,2025-03-22
INV001829,C0147,2025-02-14,2025-03-31,14232.55,Paid,2025-04-02
INV001830,C0147,2025-03-28,2025-05-12,20087.07,Paid,2025-04-18
INV001831,C0147,2025-05-02,2025-06-16,7276.42,Paid,2025-06-10
INV001832,C0147,2025-05-16,2025-06-30,34039.06,Paid,2025-07-31
INV001833,C0147,2025-06-19,2025-08-03,26405.55,Paid,2025-08-16
INV001834,C0147,2025-10-26,2025-12-10,13047.92,Paid,2025-12-07
INV001835,C0147,2026-03-20,2026-05-04,20754.25,Paid,2026-04-06
INV001836,C0147,2026-04-14,2026-05-29,31454.27,Paid,2026-05-30
INV001837,C0147,2026-05-06,2026-06-20,20718.58,Open,
INV001838,C0147,2026-05-07,2026-06-21,3379.08,Open,
INV001839,C0147,2026-05-19,2026-07-03,24160.39,Paid,2026-06-11
INV001840,C0148,2025-10-14,2025-11-13,4675.06,Paid,2025-12-31
INV001841,C0148,2026-05-01,2026-05-31,7675.98,Open,
INV001842,C0149,2024-09-05,2024-10-20,38354.53,Paid,2024-11-19
INV001843,C0149,2025-01-25,2025-03-11,39917.02,Paid,2025-03-20
INV001844,C0149,2025-03-06,2025-04-20,34496.58,Paid,2025-05-02
INV001845,C0149,2025-05-02,2025-06-16,27626.73,Paid,2025-06-11
INV001846,C0149,2025-05-13,2025-06-27,14448.17,Paid,2025-06-10
INV001847,C0149,2025-06-09,2025-07-24,11611.06,Paid,2025-08-19
INV001848,C0149,2025-09-09,2025-10-24,18614.71,Paid,2025-11-14
INV001849,C0149,2025-09-15,2025-10-30,6510.6,Paid,2025-10-04
INV001850,C0149,2025-10-15,2025-11-29,15553.9,Paid,2025-11-28
INV001851,C0149,2025-10-21,2025-12-05,25232.98,Paid,2025-11-26
INV001852,C0149,2025-11-14,2025-12-29,39972.62,Paid,2026-01-03
INV001853,C0149,2025-12-31,2026-02-14,30538.13,Paid,2026-01-13
INV001854,C0149,2026-01-27,2026-03-13,10144.08,Paid,2026-03-01
INV001855,C0149,2026-03-19,2026-05-03,19623.92,Paid,2026-05-06
INV001856,C0149,2026-03-25,2026-05-09,37473.44,Paid,2026-04-23
INV001857,C0150,2024-09-14,2024-10-14,5962.93,Paid,2024-10-18
INV001858,C0150,2024-12-23,2025-01-22,344.13,Paid,2025-02-14
INV001859,C0150,2025-02-13,2025-03-15,7401.97,Paid,2025-03-09
INV001860,C0150,2025-06-23,2025-07-23,3660.41,Paid,2025-08-21
INV001861,C0150,2025-07-18,2025-08-17,818.16,Paid,2025-08-20
INV001862,C0150,2025-08-07,2025-09-06,2801.96,Paid,2025-09-03
INV001863,C0151,2024-10-12,2024-11-26,35704.8,Paid,2025-01-04
INV001864,C0151,2024-11-23,2025-01-07,16849.13,Written Off,
INV001865,C0151,2025-02-20,2025-04-06,39341.58,Paid,2025-05-17
INV001866,C0151,2025-03-15,2025-04-29,23119.45,Paid,2025-05-21
INV001867,C0151,2025-05-07,2025-06-21,26064.32,Paid,2025-07-03
INV001868,C0151,2025-07-01,2025-08-15,27373.48,Paid,2025-07-27
INV001869,C0151,2025-07-11,2025-08-25,5525.73,Paid,2025-09-30
INV001870,C0151,2025-08-19,2025-10-03,13181.05,Paid,2025-11-10
INV001871,C0151,2025-09-27,2025-11-11,10331.21,Paid,2025-11-11
INV001872,C0151,2025-11-15,2025-12-30,27393.58,Written Off,
INV001873,C0151,2026-01-21,2026-03-07,14813.74,Paid,2026-03-30
INV001874,C0151,2026-05-02,2026-06-16,14210.86,Open,
INV001875,C0152,2025-04-21,2025-05-21,6818.01,Paid,2025-06-09
INV001876,C0152,2025-07-05,2025-08-04,5717.62,Paid,2025-08-19
INV001877,C0152,2025-08-03,2025-09-02,7901.42,Paid,2025-09-05
INV001878,C0152,2025-09-08,2025-10-08,6358.02,Paid,2025-11-03
INV001879,C0152,2025-09-21,2025-10-21,4257.33,Paid,2025-11-21
INV001880,C0152,2025-10-04,2025-11-03,4440.34,Paid,2025-11-01
INV001881,C0152,2026-01-12,2026-02-11,7291.92,Disputed,
INV001882,C0152,2026-02-07,2026-03-09,7106.74,Paid,2026-04-02
INV001883,C0152,2026-05-02,2026-06-01,472.52,Disputed,
INV001884,C0153,2024-09-14,2024-11-13,34258.56,Paid,2024-10-20
INV001885,C0153,2024-10-02,2024-12-01,75783.35,Paid,2024-11-25
INV001886,C0153,2024-10-22,2024-12-21,38834.48,Paid,2024-12-15
INV001887,C0153,2024-10-25,2024-12-24,128364.01,Paid,2024-11-23
INV001888,C0153,2024-11-24,2025-01-23,121108.15,Paid,2024-12-20
INV001889,C0153,2024-12-03,2025-02-01,160042.31,Paid,2025-01-31
INV001890,C0153,2024-12-10,2025-02-08,89653.82,Paid,2025-01-18
INV001891,C0153,2024-12-11,2025-02-09,35857.94,Paid,2025-02-02
INV001892,C0153,2024-12-22,2025-02-20,61206.73,Paid,2025-02-05
INV001893,C0153,2025-01-26,2025-03-27,66378.91,Paid,2025-03-09
INV001894,C0153,2025-01-31,2025-04-01,175187.39,Paid,2025-03-02
INV001895,C0153,2025-02-17,2025-04-18,22834.54,Paid,2025-04-23
INV001896,C0153,2025-04-08,2025-06-07,168489.93,Paid,2025-06-23
INV001897,C0153,2025-04-10,2025-06-09,174727.66,Paid,2025-06-07
INV001898,C0153,2025-04-16,2025-06-15,85348.29,Paid,2025-06-25
INV001899,C0153,2025-04-16,2025-06-15,74593.6,Paid,2025-06-19
INV001900,C0153,2025-04-21,2025-06-20,163785.68,Paid,2025-06-13
INV001901,C0153,2025-05-08,2025-07-07,36803.59,Paid,2025-07-01
INV001902,C0153,2025-07-01,2025-08-30,62033.74,Paid,2025-08-21
INV001903,C0153,2025-08-07,2025-10-06,66822.69,Paid,2025-09-29
INV001904,C0153,2025-09-12,2025-11-11,93661.15,Paid,2025-10-31
INV001905,C0153,2025-09-25,2025-11-24,21080.93,Paid,2025-11-07
INV001906,C0153,2025-10-06,2025-12-05,109941.52,Paid,2025-12-03
INV001907,C0153,2025-10-24,2025-12-23,131889.32,Paid,2025-12-15
INV001908,C0153,2025-11-08,2026-01-07,123223.85,Paid,2025-12-22
INV001909,C0153,2025-11-27,2026-01-26,163023.12,Paid,2026-01-26
INV001910,C0153,2025-12-02,2026-01-31,30092.59,Paid,2026-01-08
INV001911,C0153,2025-12-05,2026-02-03,165782.13,Paid,2026-01-08
INV001912,C0153,2025-12-16,2026-02-14,153656.33,Paid,2026-01-25
INV001913,C0153,2025-12-27,2026-02-25,105480.2,Paid,2026-02-13
INV001914,C0153,2026-01-04,2026-03-05,172941.16,Paid,2026-03-09
INV001915,C0153,2026-01-21,2026-03-22,73790.01,Paid,2026-03-14
INV001916,C0153,2026-02-21,2026-04-22,25346.26,Paid,2026-05-03
INV001917,C0153,2026-03-02,2026-05-01,105652.57,Disputed,
INV001918,C0153,2026-03-27,2026-05-26,51998.67,Written Off,
INV001919,C0153,2026-04-05,2026-06-04,50654.94,Paid,2026-05-03
INV001920,C0153,2026-04-05,2026-06-04,163208.91,Paid,2026-05-25
INV001921,C0153,2026-04-08,2026-06-07,179977.04,Paid,2026-05-31
INV001922,C0153,2026-04-17,2026-06-16,57037.29,Paid,2026-06-16
INV001923,C0154,2024-09-09,2024-11-08,159809.74,Paid,2024-11-28
INV001924,C0154,2024-09-14,2024-11-13,32427.5,Paid,2024-10-21
INV001925,C0154,2024-10-31,2024-12-30,96906.96,Paid,2024-12-04
INV001926,C0154,2024-12-12,2025-02-10,178787.55,Paid,2025-02-08
INV001927,C0154,2025-01-13,2025-03-14,168275.17,Paid,2025-02-18
INV001928,C0154,2025-03-08,2025-05-07,133056.34,Written Off,
INV001929,C0154,2025-04-26,2025-06-25,86634.55,Paid,2025-07-12
INV001930,C0154,2025-06-11,2025-08-10,51917.56,Paid,2025-07-16
INV001931,C0154,2025-07-29,2025-09-27,150125.57,Paid,2025-10-06
INV001932,C0154,2025-09-02,2025-11-01,22980.63,Paid,2025-10-30
INV001933,C0154,2025-09-11,2025-11-10,75955.01,Paid,2025-10-23
INV001934,C0154,2025-09-15,2025-11-14,54588.14,Paid,2025-11-13
INV001935,C0154,2025-10-03,2025-12-02,114524.54,Paid,2025-11-01
INV001936,C0154,2025-10-25,2025-12-24,135642.05,Paid,2025-12-06
INV001937,C0154,2025-12-08,2026-02-06,122765.57,Paid,2026-01-17
INV001938,C0154,2025-12-14,2026-02-12,21338.79,Paid,2026-01-27
INV001939,C0154,2025-12-21,2026-02-19,15574.52,Paid,2026-01-17
INV001940,C0154,2026-01-01,2026-03-02,143915.25,Paid,2026-03-17
INV001941,C0154,2026-01-30,2026-03-31,149305.21,Paid,2026-04-19
INV001942,C0154,2026-02-15,2026-04-16,78905.59,Paid,2026-04-13
INV001943,C0154,2026-04-01,2026-05-31,60306.36,Paid,2026-05-19
INV001944,C0154,2026-05-05,2026-07-04,97977.53,Paid,2026-06-26
INV001945,C0155,2024-10-07,2024-11-06,450.53,Written Off,
INV001946,C0155,2025-02-16,2025-03-18,7592.38,Paid,2025-03-12
INV001947,C0155,2025-05-11,2025-06-10,6027.08,Paid,2025-08-02
INV001948,C0155,2026-01-17,2026-02-16,5395.55,Paid,2026-02-16
INV001949,C0156,2024-12-29,2025-01-28,7726.29,Paid,2025-04-09
INV001950,C0156,2025-04-22,2025-05-22,4794.03,Paid,2025-07-30
INV001951,C0156,2025-06-10,2025-07-10,757.09,Paid,2025-07-04
INV001952,C0156,2025-08-06,2025-09-05,4246.1,Paid,2025-12-17
INV001953,C0156,2025-10-10,2025-11-09,3092.52,Disputed,
INV001954,C0156,2025-12-13,2026-01-12,3008.85,Paid,2026-01-06
INV001955,C0156,2026-05-20,2026-06-19,1757.83,Paid,2026-06-07
INV001956,C0157,2024-09-30,2024-11-14,7782.84,Paid,2024-12-08
INV001957,C0157,2024-10-26,2024-12-10,17191.42,Paid,2024-12-18
INV001958,C0157,2024-11-10,2024-12-25,23379.15,Paid,2024-12-28
INV001959,C0157,2024-12-19,2025-02-02,5021.58,Written Off,
INV001960,C0157,2025-01-16,2025-03-02,35715.77,Paid,2025-03-08
INV001961,C0157,2025-02-11,2025-03-28,11182.97,Paid,2025-05-03
INV001962,C0157,2025-04-01,2025-05-16,14068.15,Paid,2025-04-26
INV001963,C0157,2025-04-03,2025-05-18,36054.91,Paid,2025-05-16
INV001964,C0157,2025-05-02,2025-06-16,7451.57,Paid,2025-05-28
INV001965,C0157,2025-05-08,2025-06-22,35703.07,Paid,2025-06-18
INV001966,C0157,2025-07-21,2025-09-04,36528.71,Paid,2025-10-22
INV001967,C0157,2025-09-27,2025-11-11,38147.15,Paid,2025-12-05
INV001968,C0157,2025-11-17,2026-01-01,3322.44,Paid,2025-12-16
INV001969,C0157,2025-11-20,2026-01-04,4037.94,Paid,2026-02-02
INV001970,C0157,2025-12-10,2026-01-24,12565.9,Paid,2025-12-06
INV001971,C0157,2026-01-01,2026-02-15,32254.03,Paid,2026-02-12
INV001972,C0157,2026-03-28,2026-05-12,8391.63,Open,
INV001973,C0157,2026-05-06,2026-06-20,19257.14,Open,
INV001974,C0158,2024-09-14,2024-10-14,3414.25,Paid,2024-11-16
INV001975,C0158,2025-01-18,2025-02-17,7880.84,Paid,2025-02-22
INV001976,C0158,2025-03-10,2025-04-09,7209.38,Paid,2025-03-20
INV001977,C0158,2025-07-29,2025-08-28,801.92,Paid,2025-09-21
INV001978,C0158,2025-09-28,2025-10-28,6216.31,Paid,2025-10-04
INV001979,C0158,2025-10-29,2025-11-28,3497.53,Paid,2025-12-05
INV001980,C0158,2025-11-23,2025-12-23,2562.11,Paid,2026-02-04
INV001981,C0158,2026-01-30,2026-03-01,6803.08,Paid,2026-02-16
INV001982,C0158,2026-03-20,2026-04-19,1119.97,Paid,2026-05-02
INV001983,C0158,2026-04-26,2026-05-26,725.24,Paid,2026-05-16
INV001984,C0159,2024-09-02,2024-11-01,130542.31,Paid,2024-12-05
INV001985,C0159,2024-09-20,2024-11-19,21700.38,Paid,2025-01-15
INV001986,C0159,2024-10-05,2024-12-04,145910.72,Paid,2025-01-09
INV001987,C0159,2024-10-11,2024-12-10,105920.73,Paid,2024-12-19
INV001988,C0159,2024-10-24,2024-12-23,122921.53,Paid,2024-12-19
INV001989,C0159,2024-10-27,2024-12-26,89394.09,Paid,2025-01-06
INV001990,C0159,2024-11-14,2025-01-13,119363.9,Paid,2025-02-16
INV001991,C0159,2025-02-09,2025-04-10,43688.97,Paid,2025-05-21
INV001992,C0159,2025-03-22,2025-05-21,92218.84,Paid,2025-06-13
INV001993,C0159,2025-03-28,2025-05-27,174003.48,Paid,2025-06-19
INV001994,C0159,2025-04-07,2025-06-06,179491.73,Paid,2025-05-31
INV001995,C0159,2025-04-18,2025-06-17,155371.09,Paid,2025-07-24
INV001996,C0159,2025-04-26,2025-06-25,97052.19,Paid,2025-08-25
INV001997,C0159,2025-05-04,2025-07-03,75822.82,Paid,2025-07-31
INV001998,C0159,2025-06-26,2025-08-25,52090.53,Paid,2025-07-26
INV001999,C0159,2025-07-08,2025-09-06,67432.29,Disputed,
INV002000,C0159,2025-07-13,2025-09-11,110311.42,Paid,2025-10-21
INV002001,C0159,2025-07-14,2025-09-12,106170.07,Paid,2025-10-08
INV002002,C0159,2025-07-22,2025-09-20,99063.32,Paid,2025-11-03
INV002003,C0159,2025-08-19,2025-10-18,76550.01,Paid,2025-11-29
INV002004,C0159,2025-08-30,2025-10-29,143591.37,Paid,2025-11-11
INV002005,C0159,2025-08-31,2025-10-30,60158.64,Paid,2025-12-13
INV002006,C0159,2025-09-03,2025-11-02,152095.35,Paid,2025-11-22
INV002007,C0159,2025-09-23,2025-11-22,47359.86,Disputed,
INV002008,C0159,2025-10-04,2025-12-03,80871.75,Paid,2026-04-14
INV002009,C0159,2025-11-17,2026-01-16,34449.45,Paid,2026-02-09
INV002010,C0159,2025-11-19,2026-01-18,40085.92,Paid,2026-02-04
INV002011,C0159,2025-11-22,2026-01-21,70174.27,Paid,2026-04-13
INV002012,C0159,2025-11-23,2026-01-22,80451.2,Paid,2026-03-18
INV002013,C0159,2025-11-26,2026-01-25,30158.09,Paid,2026-03-18
INV002014,C0159,2025-12-05,2026-02-03,90543.96,Paid,2026-03-30
INV002015,C0159,2025-12-13,2026-02-11,144818.48,Paid,2026-05-02
INV002016,C0159,2026-01-14,2026-03-15,121361.64,Paid,2026-04-28
INV002017,C0159,2026-02-17,2026-04-18,156379.95,Paid,2026-05-06
INV002018,C0159,2026-03-19,2026-05-18,155040.9,Paid,2026-05-27
INV002019,C0159,2026-04-06,2026-06-05,34872.43,Open,
INV002020,C0159,2026-04-21,2026-06-20,108296.89,Open,
INV002021,C0159,2026-04-28,2026-06-27,57027.19,Open,
INV002022,C0159,2026-05-17,2026-07-16,15637.54,Open,
INV002023,C0160,2024-10-04,2024-11-18,31243.0,Paid,2024-11-14
INV002024,C0160,2024-10-27,2024-12-11,11250.6,Paid,2024-12-16
INV002025,C0160,2024-10-30,2024-12-14,28646.11,Paid,2025-01-09
INV002026,C0160,2025-01-06,2025-02-20,11844.47,Paid,2025-03-16
INV002027,C0160,2025-01-07,2025-02-21,9543.41,Paid,2025-03-15
INV002028,C0160,2025-02-05,2025-03-22,30207.28,Paid,2025-05-07
INV002029,C0160,2025-03-16,2025-04-30,17043.39,Paid,2025-04-27
INV002030,C0160,2025-05-31,2025-07-15,32754.34,Paid,2025-06-17
INV002031,C0160,2025-05-31,2025-07-15,11244.33,Paid,2025-08-08
INV002032,C0160,2025-06-08,2025-07-23,15558.73,Written Off,
INV002033,C0160,2025-06-13,2025-07-28,7918.89,Paid,2025-08-10
INV002034,C0160,2025-08-02,2025-09-16,12275.27,Paid,2025-09-28
INV002035,C0160,2025-10-28,2025-12-12,23501.3,Paid,2025-12-11
INV002036,C0160,2025-11-06,2025-12-21,19860.78,Paid,2025-12-18
INV002037,C0160,2025-11-10,2025-12-25,14749.53,Paid,2025-12-30
INV002038,C0160,2025-11-15,2025-12-30,10653.54,Paid,2025-12-27
INV002039,C0160,2025-11-25,2026-01-09,32761.0,Paid,2026-02-03
INV002040,C0160,2026-01-16,2026-03-02,28381.54,Paid,2026-03-18
INV002041,C0160,2026-03-11,2026-04-25,25333.97,Paid,2026-05-31
INV002042,C0160,2026-03-14,2026-04-28,29594.15,Paid,2026-02-27
INV002043,C0160,2026-04-30,2026-06-14,35420.4,Disputed,
