{"type": "FeatureCollection", "features": [{"type": "Feature", "properties": {"precinct_code": "57", "precinct_name": "TRIANGLE GRACE CHURCH", "county": "DURHAM"}, "geometry": {"type": "Polygon", "coordinates": [[[2011461.0191605098, 789396.2776984259], [2011556.026844503, 789496.0540736729], [2011648.9666192534, 789582.3613157579], [2011932.2131000021, 789869.3161224255], [2012256.5900759248, 790204.704231174], [2012451.0414586817, 790391.1598950183], [2012527.6935363407, 790471.6390647606], [2012586.294469015, 790528.0858022663], [2012603.1641859272, 790544.4735647691], [2012665.3143240954, 790608.5666124123], [2012729.8243656766, 790693.0451179965], [2012797.8800038397, 790793.1777917644], [2012810.6017631749, 790815.3880491758], [2012879.3112714277, 790773.9209405034], [2012914.2564115098, 790756.4636263399], [2012994.2096636742, 790732.4741730106], [2013024.7053375833, 790734.671675179], [2013150.5367788395, 790743.0998079124], [2013208.2797735918, 790728.2012156546], [2013250.0313305105, 790719.483713425], [2013262.7658850867, 790712.9374666711], [2013290.007300422, 790709.3095211701], [2013326.1371494252, 790692.2173637602], [2013380.0291020132, 790682.4135775863], [2013472.1165162628, 790670.8073015813], [2013520.375934169, 790675.1973846699], [2013556.791871846, 790680.3105634137], [2013591.4289416668, 790690.5188763479], [2013654.780521004, 790713.1169282496], [2013682.901527762, 790727.6903899278], [2013715.1688516748, 790740.0817693315], [2013747.1386040011, 790755.7493889175], [2013778.5184625094, 790766.3202339275], [2013848.6849888426, 790777.2736240912], [2013927.7396207596, 790776.2188361763], [2013980.4481767572, 790764.2316554124], [2014047.3755363391, 790737.6906980106], [2014069.8843495832, 790724.2330477634], [2014078.4725870062, 790720.5969001737], [2014093.8721625074, 790713.6881213533], [2014188.9411980947, 790659.1321280828], [2014234.8495708422, 790627.4852097521], [2014312.7411473377, 790583.4777518245], [2014386.48509434, 790544.9282882655], [2014463.4826437524, 790514.0251348394], [2014592.8921618466, 790473.3198356754], [2014640.5669352554, 790463.5153933251], [2014726.1428795904, 790449.361550255], [2014785.9554240103, 790442.8392535953], [2014907.3531470895, 790438.5325036759], [2015000.0334079282, 790428.0233383259], [2015191.3089440013, 790421.2054385825], [2015230.0969241697, 790419.769417839], [2015410.10312584, 790446.800203667], [2015533.2508454171, 790493.0944024179], [2015654.900864587, 790569.9653116717], [2015759.6627941716, 790667.2124925135], [2015871.2268755138, 790777.5682429195], [2015982.4989626699, 790879.1877903293], [2016106.5092133433, 790966.6183897529], [2016234.3750993465, 791041.3111537488], [2016380.6064341664, 791098.9061829099], [2016413.7599111802, 791112.3930326019], [2016544.6093870124, 791144.1354231698], [2016643.4828769278, 791174.0402190093], [2016690.5569297515, 791178.0710508296], [2016738.2198921728, 791188.2905185766], [2016811.0543921734, 791189.7882189987], [2016886.8462353363, 791197.4758676721], [2016950.8041126719, 791188.7764100097], [2017026.0106551782, 791184.8157880029], [2017088.194585919, 791171.7475726777], [2017162.5235055103, 791149.5858715937], [2017233.2996106753, 791127.0586856727], [2017324.8187845948, 791075.0587896673], [2017400.633265512, 791044.5266985031], [2017602.9107480964, 790953.2801618464], [2017660.6596483449, 790931.4737750003], [2017687.609069513, 790921.2979423417], [2017803.3962395056, 790889.3347516546], [2017987.5786139236, 790857.7777281643], [2018065.7467646764, 790853.4575268383], [2018145.0996243374, 790848.7741372646], [2018259.3861411805, 790851.0290540024], [2018387.000715344, 790846.0126598348], [2018571.1958850017, 790795.5308054127], [2018647.0149590955, 790760.9974099192], [2018691.7389510134, 790736.2730499272], [2018731.4304726708, 790710.8177202424], [2018783.8601578474, 790674.8138552657], [2018839.2570286694, 790629.7119113422], [2018899.3914228384, 790584.2490757561], [2019057.2789023365, 790469.323124488], [2019121.259089337, 790430.0515494967], [2019160.6527113477, 790408.6004769256], [2019232.0383953464, 790364.6015491795], [2019281.4956455077, 790348.2534847669], [2019360.576852172, 790308.628235923], [2019415.0675568413, 790293.0117973376], [2019611.9897351712, 790257.1053730856], [2019728.0515109296, 790264.0991254931], [2019764.4644958375, 790272.8599347598], [2019831.9620642527, 790288.557738004], [2019950.0648464279, 790341.7833533398], [2020009.5539006733, 790377.8610370909], [2020027.014495672, 790390.6133081851], [2020041.2175512603, 790403.7274551698], [2020053.9389825002, 790419.024668684], [2020091.2220444244, 790453.9950711762], [2020137.9660454243, 790508.9929926615], [2020169.026678845, 790550.1477660082], [2020201.8642115912, 790590.5755066647], [2020280.552374422, 790692.9171655022], [2020420.1800479277, 790871.0155625942], [2020469.5851328366, 790929.2916927584], [2020513.0794684296, 790971.9116862561], [2020563.6781205107, 791016.3564792753], [2020587.648873089, 791033.4817730953], [2020611.3207417568, 791053.8829790048], [2020673.1742925951, 791092.5115106703], [2020711.946196674, 791113.2877158396], [2020750.7194130884, 791131.8795421682], [2020763.743009092, 791137.7128638336], [2020809.3255950974, 791156.6737839275], [2020874.1535494183, 791175.6484834885], [2020909.085894257, 791182.5894144963], [2020947.2734819204, 791192.0811934324], [2020959.1153217554, 791193.9096018311], [2020996.4167563473, 791200.1244844181], [2021075.1692235009, 791206.3688945054], [2021140.6031477596, 791205.323949083], [2021171.3914720104, 791210.8062215875], [2021188.565978333, 791208.2704655067], [2021354.4019327618, 791163.9811840043], [2021466.3501996712, 791122.5652563416], [2021518.7782444202, 791092.3904479304], [2021571.5074696695, 791055.6641434287], [2021615.3459646716, 791030.5795479317], [2021650.595894173, 791008.0366139958], [2021587.8978568476, 790911.5272926058], [2021416.3919662545, 790607.4517852506], [2021332.106701762, 790471.2502860198], [2021208.2076713447, 790248.0214017545], [2021105.2915385945, 790077.5896560076], [2021075.1265726697, 790026.9703346776], [2020961.5608549283, 789840.1511545066], [2020785.3062861725, 789534.2564250873], [2020741.2437102627, 789455.2349295932], [2020719.656155007, 789416.2704406003], [2020642.4725823395, 789277.1637634168], [2020564.7033809272, 789127.8645213417], [2020537.7946420927, 789075.7921189239], [2020479.8308472638, 788972.7365507567], [2020401.4605971726, 788833.6298735825], [2020366.5640134225, 788770.6316400003], [2020302.6897973411, 788649.0078674966], [2020178.2067785843, 788391.5661251709], [2020106.3696519292, 788220.4316249209], [2019999.3472281713, 787972.1033814269], [2019989.000792177, 787946.6155714943], [2019823.4519106736, 787540.9953197452], [2019722.935379429, 787298.4967890023], [2019587.83328742, 786962.4246264942], [2019572.4602866753, 786924.5572481703], [2019351.904625429, 786391.1360709289], [2019281.2430213382, 786219.2768345922], [2019245.4619249252, 786142.0830913342], [2019209.0886380961, 786064.5251755827], [2019071.585960342, 785759.3952084241], [2019065.9672051684, 785747.3791563313], [2019034.3258642554, 785677.8327075125], [2019031.6647803339, 785671.6427592424], [2019024.2717505086, 785655.6217939107], [2018994.995890424, 785591.1731039278], [2018862.797992094, 785319.1723355952], [2018856.2934119264, 785303.1516983331], [2018801.5861722531, 785180.4455789247], [2018685.9495925023, 784938.6691595815], [2018665.5424810946, 784896.4310550888], [2018424.5144198388, 784373.1971934348], [2018291.72170642, 784088.0947452553], [2018100.9622454194, 783670.0939408408], [2018066.0610685048, 783596.9067512675], [2017975.8565245117, 783395.554463671], [2017945.6876215916, 783331.8344467587], [2017929.7112755908, 783304.8879783414], [2017915.5141255117, 783275.0304264908], [2017901.322224752, 783236.0728272432], [2017890.3796613372, 783210.9495179204], [2017869.9827205085, 783148.3275959181], [2017834.5182245062, 783025.2710835019], [2017803.205623092, 782892.0246308391], [2017788.146926181, 782816.66585766], [2017774.5639480958, 782750.0439436721], [2017768.658448085, 782720.1916411581], [2017750.049889505, 782637.9142466941], [2017706.3465648459, 782423.4868539948], [2017656.737084003, 782179.5710032659], [2017631.9110181774, 782092.5580539305], [2017591.6991563423, 781980.0553261986], [2017580.4613179252, 781952.3837935878], [2017559.1687095913, 781899.2257634206], [2017537.8757731766, 781846.0680613276], [2017488.4847958372, 781728.8278102556], [2017410.4081803418, 781537.3127733223], [2017354.8033046725, 781408.4209707533], [2017344.4535878468, 781380.0224054989], [2017331.1465278424, 781344.7055470059], [2017283.5272005051, 781233.6549160925], [2017259.8697675029, 781171.0316817515], [2017243.605364337, 781127.3411523288], [2017205.7655450092, 781005.376173175], [2017159.3575013417, 780847.3695994185], [2017133.6383926703, 780763.2687177532], [2017079.842568503, 780574.6811684213], [2017049.9882975058, 780470.193516504], [2016969.8834708335, 780190.2249163456], [2016929.6791549167, 780055.8826653388], [2016907.8032144299, 779982.3404895972], [2016891.8563959287, 779899.7015472335], [2016885.3577212563, 779868.757055341], [2016866.797062845, 779695.4788585821], [2016850.0162565103, 779516.7413551575], [2016846.7826671745, 779474.1505610907], [2016845.3121976703, 779455.9494820043], [2016842.373227179, 779415.9069111835], [2016829.7134755848, 779281.5807362564], [2016825.6025914266, 779218.968984835], [2016818.2361363473, 779151.6233190016], [2016812.9451364293, 779080.6388809335], [2016799.9691125022, 778980.8933454887], [2016795.8391995116, 778951.4065278259], [2016786.3923680026, 778896.0719928461], [2016772.2142467485, 778826.5383392578], [2016746.8012398314, 778720.597606248], [2016726.714993925, 778622.6683401758], [2016698.6458243432, 778498.5258719171], [2016681.5044544195, 778430.8107842582], [2016667.0336828392, 778353.996961504], [2016659.3552205127, 778313.5875935074], [2016648.4215153474, 778267.7166222326], [2016636.6082187593, 778205.8286226611], [2016614.4429087632, 778116.270402827], [2016597.5895960028, 778062.3876365868], [2016582.5164634283, 778002.3182029309], [2016547.0404845045, 777878.8998145919], [2016456.8651399168, 777575.9952366707], [2016444.1476456688, 777540.6793624097], [2016440.8943713447, 777531.5773465022], [2016420.1844390025, 777486.7929872507], [2016403.0217436713, 777454.3868840936], [2016374.0185208488, 777407.4135528365], [2016354.187195674, 777380.4661001685], [2016331.6915057611, 777349.8769225], [2016190.7872600127, 777176.1676242413], [2016167.1042365148, 777149.9462200128], [2016111.74771993, 777082.9384800034], [2016080.0742268402, 777042.15247232], [2016032.7088360025, 776987.5256130873], [2016007.2502255135, 776956.9351230799], [2015966.990463511, 776908.1363361806], [2015914.001068174, 776844.4064767433], [2015850.653097763, 776763.5628064146], [2015804.7752367563, 776695.104610009], [2015775.1827762555, 776639.0318875033], [2015745.8967455938, 776563.6668807508], [2015717.5037577583, 776479.9301715977], [2015702.1281323417, 776427.5047515082], [2015661.0465215882, 776250.5756434186], [2015632.9730869248, 776122.4305584827], [2015603.7123186744, 775997.9245739441], [2015498.7843789307, 775553.053416425], [2015488.7358425865, 775508.2752907609], [2015436.1303047554, 775271.2797017533], [2015403.3236118406, 775126.0237586686], [2015372.2859442548, 774997.1493445042], [2015351.8893315063, 774912.6895396728], [2015288.3573063482, 774604.3433715928], [2015269.1470429287, 774516.6076546814], [2015247.2707743347, 774427.4149196564], [2015202.9522934265, 774198.0682655057], [2015168.3762470928, 774032.7916931685], [2015136.7454048397, 773900.6413669146], [2015123.7342760107, 773854.042050676], [2015116.9334365863, 773828.9220221746], [2015092.38164842, 773756.4723639229], [2015052.460140348, 773614.1258638445], [2015038.2702080912, 773554.4215869096], [2015020.5287737537, 773487.799344838], [2014997.1836760936, 773372.0338283215], [2014978.875969917, 773253.7227132595], [2014942.1076707533, 773316.6769836746], [2014886.073334007, 773398.5498514201], [2014634.3523807528, 773796.6455119249], [2014447.8658770921, 774087.3939461723], [2014268.7976656693, 774360.6748956759], [2014243.5962725144, 774402.1593927578], [2014211.8725826726, 774454.5608627716], [2014206.5359791648, 774462.9302685873], [2014096.8442694244, 774630.6845262502], [2013941.7973354296, 774863.2103079236], [2013897.6238673471, 774933.8066234317], [2013828.8461177507, 775038.9717674239], [2013758.8807065047, 775151.4170806004], [2013722.120609417, 775207.8208391663], [2013653.9363625944, 775312.9869674323], [2013635.5564780845, 775341.7349414207], [2013603.2445348355, 775388.6767766715], [2013561.7413370025, 775453.8147697556], [2013555.51595576, 775463.2760369221], [2013414.4092825965, 775677.6109100803], [2013310.3579815049, 775838.4544204216], [2013246.9178196783, 775941.4397787658], [2013228.8351786735, 775969.0958914267], [2013206.6026115862, 776002.9386715036], [2013149.3848782615, 776103.7426037544], [2013068.1425866785, 776272.241610591], [2013051.2413737641, 776308.9987549321], [2012988.669320421, 776462.5817810877], [2012947.145453333, 776580.8656652618], [2012896.4096624267, 776765.7586681747], [2012876.2282723337, 776852.7476674205], [2012860.4950360954, 776929.5460702529], [2012844.4576665896, 777024.1807235016], [2012814.1568741808, 777221.459528412], [2012739.2981000112, 777709.560258256], [2012736.9224485909, 777723.391595415], [2012727.713477508, 777784.1765788278], [2012710.7863460057, 777883.907350513], [2012698.8969340909, 777978.5439722445], [2012680.1804360894, 778106.666419425], [2012661.7605254191, 778234.0611777671], [2012656.7100105877, 778268.2756762451], [2012653.1460413337, 778290.114543339], [2012650.1759029173, 778309.4055152516], [2012642.1565619993, 778359.6350735856], [2012638.2956773324, 778383.6579914226], [2012634.731380002, 778406.5890479182], [2012628.492875429, 778448.4472319211], [2012584.5277402562, 778744.3662594955], [2012572.0579489167, 778812.4304278234], [2012554.2312129298, 778939.8251861702], [2012527.7981949293, 779106.5295771622], [2012496.9111175826, 779300.1682974896], [2012480.573223755, 779411.1838234962], [2012475.820280509, 779443.2145993471], [2012434.5300087642, 779724.2110845882], [2012391.4657904208, 780000.1107952675], [2012384.6272214225, 780061.9892804022], [2012378.9789387584, 780111.4918060878], [2012373.335905417, 780147.8903553371], [2012368.8805337537, 780177.373236002], [2012307.104410589, 780580.668033093], [2012266.4155155884, 780847.4690086676], [2012245.032028167, 780987.6032428456], [2012193.9504374256, 781321.7416821604], [2012186.2286680948, 781372.3357410852], [2012076.6462100914, 782085.383199499], [2012071.300420254, 782121.0540599282], [2012039.226337419, 782335.4417544999], [2012020.5167291781, 782460.2892738464], [2011994.3832512486, 782634.2748182503], [2011962.2989978353, 782875.5994668539], [2011922.195075424, 783176.6188779137], [2011895.1232791685, 783476.5513489132], [2011882.9425292597, 783571.1889549185], [2011850.2165448389, 783940.6449089351], [2011846.0531673443, 783983.232422171], [2011844.560388178, 784013.4446320832], [2011838.587631091, 784137.205211346], [2011813.0141914203, 784397.0977361746], [2011808.2530460937, 784453.5172427599], [2011802.8967575873, 784517.5810910047], [2011795.1595683405, 784610.7643035926], [2011734.1833123402, 785278.3338345817], [2011713.9573029284, 785501.0997932481], [2011622.9266450854, 786545.4084001622], [2011619.359066919, 786581.4440892474], [2011601.520519929, 786761.2580340916], [2011565.8309587531, 787154.3753580967], [2011543.8155828428, 787416.0903858386], [2011515.8527122596, 787742.59695065], [2011402.2495930027, 788999.482560258], [2011385.8880771706, 789196.0422065159], [2011385.5681959253, 789257.1959555917], [2011398.8782086659, 789294.330395759], [2011413.9674173433, 789324.5491673327], [2011441.4877035029, 789367.5133202509], [2011461.0191605098, 789396.2776984259]]]}}, {"type": "Feature", "properties": {"precinct_code": "07", "precinct_name": "SCHOOL OF THE ARTS", "county": "DURHAM"}, "geometry": {"type": "Polygon", "coordinates": [[[2026014.7830319272, 817792.679566906], [2025947.044322254, 817790.4354769343], [2025753.885259762, 817784.0772219264], [2025552.7396646745, 817777.349217014], [2025343.0199397514, 817765.5185320127], [2025133.8855155106, 817760.6064683335], [2024931.2707632643, 817742.2328174278], [2024920.0303001723, 817741.4952860875], [2024702.0277834253, 817729.2981320032], [2024420.4259844285, 817716.3221080936], [2024385.8171297605, 817714.8372029251], [2024156.5715252606, 817704.4550058467], [2023945.954164343, 817703.9185895941], [2023879.6924858382, 817703.5006114317], [2023664.6377978455, 817702.9622266686], [2023376.2223641712, 817702.0032390839], [2023333.9192991713, 817704.1538253381], [2023170.625006349, 817712.0330746764], [2022991.341244176, 817740.2859709251], [2022964.7149850857, 817744.2692306779], [2022735.4237770145, 817792.5056827525], [2022640.453166426, 817812.4534774905], [2022391.6177060888, 817889.4356069965], [2022496.0410536674, 818272.4669931647], [2022611.3695631784, 818703.1941500921], [2022649.123096587, 818844.4642087555], [2022663.865849256, 818905.631081178], [2022802.6995610907, 819152.9101141775], [2022890.1386906821, 819302.955745844], [2023116.4118601694, 819691.9093642534], [2023312.843553931, 820031.6983828382], [2023440.7389674184, 820258.5863805135], [2023472.3432349255, 820314.6712420825], [2023520.1928767571, 820399.1631990595], [2023617.3655826733, 820573.608388264], [2023646.0118508344, 820628.9629363307], [2023663.135832338, 820667.9270972632], [2023674.6443395035, 820701.42670217], [2023689.3880764255, 820757.4981123463], [2023703.7994649261, 820859.07238425], [2023709.6508311788, 820938.7982746605], [2023715.4592185018, 821071.307524085], [2023838.5531324297, 821009.523198844], [2023890.6334088456, 820980.8073770105], [2023944.4922250067, 820947.3612496703], [2024060.788252263, 820880.4758847535], [2024131.5167853374, 820835.3952662512], [2024146.9052060111, 820825.9431854193], [2024398.4466976668, 820671.4411978438], [2024603.2333615855, 820545.6599533409], [2024715.1005919273, 820472.9491407591], [2024770.7389320894, 820436.2297259979], [2024887.0418490926, 820365.707557329], [2025003.9425339256, 820288.6338925882], [2025088.5811441687, 820237.3787457565], [2025200.4523115011, 820162.8496953427], [2025297.5295451751, 820094.1329692568], [2025419.4754955024, 819999.9563203445], [2025753.9308633374, 819755.9883043227], [2025864.9273605058, 819670.9044850018], [2026213.0201682595, 819400.3797635866], [2026276.0085593446, 819418.273428591], [2026272.0033180104, 819597.0050265164], [2026270.691640838, 819740.4289522602], [2026268.730358674, 819949.0125245973], [2026268.3993225847, 819988.3267504217], [2026275.6391375056, 820161.6082279976], [2026276.3599365947, 820347.6245882539], [2026276.7815236738, 820537.6452055866], [2026277.5023227613, 820723.6618939171], [2026278.2113108335, 820923.147387326], [2026277.7319810824, 821128.0921874237], [2026277.553503752, 821327.577024661], [2026277.090906263, 821513.956901253], [2026276.6246998464, 821704.3407068381], [2026275.2766054282, 821888.899720925], [2026276.8746993402, 822086.2021478507], [2026277.4143964185, 822144.0826095055], [2026290.5246064197, 822366.512938919], [2026297.1820734292, 822528.5096621737], [2026362.2475600855, 822531.1162842537], [2027131.5353915838, 822522.7163666728], [2027587.0151236795, 822518.4086325075], [2027917.3825731738, 822518.3567953446], [2027913.6680136775, 822381.4801005867], [2027912.7687372554, 822082.9793852677], [2027912.3651947535, 821884.9502537727], [2027912.2424915866, 821702.9381505882], [2027912.1319275051, 821508.1852592522], [2027911.4163777528, 821327.6285337497], [2027911.4219551687, 821321.8043984235], [2027910.131275341, 821123.7742826778], [2027908.8458448336, 820920.2838760021], [2028170.021831676, 820917.2569791701], [2028661.313500003, 820915.1841486697], [2028744.4278350926, 820914.9016689232], [2028886.9944790904, 820913.9492430141], [2028988.1530694207, 820911.8649295896], [2028864.7592873417, 820665.6633222603], [2028666.372216926, 820278.1483492533], [2028597.0016207532, 820135.3835429337], [2028585.2313030956, 820072.3958080248], [2028579.6637289214, 820018.515010249], [2028566.0915775886, 819679.5963967566], [2028517.0624761735, 818995.9137090014], [2028503.0510212625, 818803.3320731688], [2028457.7479622527, 818239.7810349155], [2028438.5439324244, 817910.322048158], [2028432.4307556762, 817808.0259929101], [2028344.2796852575, 817807.57651876], [2028164.131751597, 817806.6752738281], [2027996.9972433469, 817808.3353755121], [2027941.3841655836, 817809.0105709974], [2027880.4462953375, 817809.680845262], [2027818.621287762, 817810.3501352483], [2027717.1572518363, 817811.3461962503], [2027591.4363746785, 817812.6837920138], [2027345.9135717615, 817812.8183061837], [2026977.333600252, 817812.47742758], [2026591.005304681, 817811.7608935866], [2026543.6769872622, 817810.2622089324], [2026391.9308996818, 817805.0289516762], [2026096.4246009302, 817795.3002965783], [2026014.7830319272, 817792.679566906]]]}}, {"type": "Feature", "properties": {"precinct_code": "12", "precinct_name": "MONUMENT OF FAITH CHURCH", "county": "DURHAM"}, "geometry": {"type": "Polygon", "coordinates": [[[2031829.3537518398, 810866.3541807571], [2031745.0301015978, 810590.3360320017], [2031722.622994169, 810516.4159042482], [2031649.2058181758, 810276.8120527568], [2031203.4485075923, 810419.7586172536], [2031028.8156547532, 810477.0888831704], [2030950.0805760021, 810505.3991940022], [2030835.8252270976, 810547.1412364906], [2030728.6712419256, 810589.2553255054], [2030482.6917470088, 810685.8282950753], [2030134.7337815028, 810685.8332163378], [2029762.516022011, 810683.633417589], [2029721.0922203357, 810683.5914229138], [2029529.6575638375, 810682.3063205082], [2029508.0581975898, 810682.2846669897], [2029405.3874711688, 810681.8178044254], [2029460.5222034298, 810876.6235171797], [2029529.8068417602, 811122.4064901749], [2029567.2503364251, 811254.5830630937], [2029610.2935574225, 811408.2428607385], [2029646.2593647542, 811537.8702261746], [2029725.558746846, 811825.1623025129], [2029791.8860420154, 812065.4826880209], [2029804.268235087, 812109.1774824972], [2029846.1214978413, 812266.4767085904], [2029898.8608936672, 812483.486445178], [2029903.870726169, 812502.7846349195], [2029925.3549351678, 812614.5606580774], [2029929.1433134228, 812671.3518830776], [2029925.5229138418, 812740.1480053397], [2029917.122996257, 812853.7137230936], [2029907.8874504264, 812916.6798045071], [2029876.959362672, 813072.4491780046], [2029867.99645409, 813158.3489405913], [2029864.1057138434, 813202.0273309182], [2029863.7316988406, 813278.8352481686], [2029868.0814276785, 813365.4768071909], [2029874.5269528471, 813427.7306196691], [2029886.286443757, 813501.2747639352], [2029892.7674019176, 813528.5831082567], [2029922.839520259, 813631.631458609], [2029962.9578783351, 813747.0669232605], [2029988.3331556767, 813813.3446778416], [2030023.1644508375, 813890.9167011625], [2030060.3635234237, 813967.0349872609], [2030110.2663107512, 814060.6394588421], [2030275.6872397517, 814307.2518265053], [2030299.319738417, 814341.4942120939], [2030327.981754587, 814375.3776745072], [2030385.9028985943, 814437.6852926775], [2030437.6209710091, 814490.5218011749], [2030464.219343006, 814517.1227978421], [2030502.9394099263, 814551.3809314177], [2030504.3377010988, 814913.9474635106], [2030326.3465872563, 815385.898947417], [2030353.253029511, 815399.7594840023], [2030412.678107499, 815436.2229937563], [2030436.3253699248, 815455.1766960075], [2030439.8703103377, 815459.9125789251], [2030445.5038292569, 815447.9057131576], [2030473.6504265063, 815407.1646529245], [2030508.6533092556, 815316.1956747613], [2030566.5298339287, 815134.9732681684], [2030731.7486635898, 814717.2493660896], [2030755.177750586, 814662.3065625887], [2030781.5677896757, 814605.1829891613], [2030815.3610291763, 814541.1506369232], [2030888.8556328425, 814421.8290251831], [2030926.1708469242, 814385.102064505], [2030931.514996335, 814367.2707353417], [2030963.496559681, 814338.5467114148], [2030985.4436942635, 814286.8788357574], [2031024.250047086, 814238.8690892686], [2031066.0176800948, 814188.6782447651], [2031102.7452969272, 814148.3108714159], [2031146.2806429255, 814105.4024926818], [2031281.6114090085, 813985.0556204905], [2031314.4801096758, 813957.4247702578], [2031352.071898014, 813939.6278898434], [2031368.0561180112, 813932.0006085052], [2031384.06035109, 813905.4442311629], [2031453.6340308352, 813859.6519999204], [2031489.750756501, 813838.2133945008], [2031795.8383989185, 813674.0057176708], [2031834.6178489178, 813652.9345655895], [2032659.3370000117, 813227.2080548521], [2032722.6866108482, 813194.8806916763], [2032701.1495804212, 813140.2535043367], [2032671.9436020837, 813064.8688125901], [2032635.361326172, 812971.2748396684], [2032571.6275297552, 812816.1314491801], [2032530.6135041728, 812716.3442471761], [2032464.8140950962, 812555.3744247628], [2032432.0621920966, 812474.8900056792], [2032406.6862585833, 812412.6145396823], [2032340.8878337585, 812249.8248390148], [2032275.38271542, 812088.4918283446], [2032243.2197220041, 812009.4640992399], [2032229.9412052617, 811977.0517624954], [2032128.140227751, 811726.494520845], [2032010.123075337, 811422.0449985084], [2031936.067121088, 811230.1257629355], [2031891.5550710096, 811077.9170778354], [2031829.3537518398, 810866.3541807571]]]}}, {"type": "Feature", "properties": {"precinct_code": "01", "precinct_name": "BROGDEN MIDDLE SCHOOL", "county": "DURHAM"}, "geometry": {"type": "Polygon", "coordinates": [[[2027922.9065122595, 822930.0734915859], [2027917.3825731738, 822518.3567953446], [2027587.0151236795, 822518.4086325075], [2027131.5353915838, 822522.7163666728], [2026362.2475600855, 822531.1162842537], [2026297.1820734292, 822528.5096621737], [2026314.2499526755, 822954.7975234945], [2026318.5911513432, 823061.0965234985], [2026332.2016884228, 823384.7264536767], [2026348.7587419304, 823720.0079353519], [2026383.0628071718, 824381.4718355143], [2026410.3908365066, 824906.0564162689], [2026418.5345210151, 825058.5902319206], [2026332.1800349194, 825057.4206148348], [2026289.8900932535, 825056.6545402585], [2026062.1707324253, 825058.2716630121], [2026005.3880375912, 825059.3133275943], [2025824.686299266, 825066.4343763476], [2025704.023154751, 825068.876628669], [2025737.1375898418, 825752.909381344], [2025675.2758369294, 825814.3754657458], [2025483.1869822594, 825998.7691258143], [2025485.5432767563, 826010.055848674], [2025495.5724561824, 826039.1866959136], [2025515.6511561738, 826074.8785536711], [2025524.5067815057, 826093.4516792654], [2025528.3338735837, 826113.4762455066], [2025525.3407693359, 826154.6087091721], [2025526.2101901777, 826174.9948232571], [2025529.7498812529, 826185.1906689841], [2025540.6766966742, 826202.673245599], [2025554.858426838, 826217.6105516687], [2025600.3642413465, 826259.1491824985], [2025649.4225421713, 826295.9588201694], [2025685.483493671, 826316.0116015909], [2025709.7167129212, 826334.2340060892], [2025723.8977869293, 826349.8996571738], [2025757.5650424217, 826401.6206823377], [2025818.4005506781, 826497.0489691806], [2025837.2945417615, 826533.4681876699], [2025844.3657218348, 826563.3244271723], [2025847.8870402563, 826594.2699033341], [2025846.372935667, 826634.6753343327], [2025847.8420928419, 826645.5975565782], [2025850.4949746726, 826655.0644011789], [2025861.4214620139, 826672.5473058309], [2025889.4883350146, 826702.7860905055], [2025951.5174104262, 826784.7468845901], [2026002.9156015958, 826849.2247740086], [2026049.8754814274, 826916.2472777497], [2026072.3199903357, 826950.121553833], [2026092.4019711767, 826980.3537768461], [2026170.3985343436, 827062.3290065926], [2025578.142172917, 827326.0896339286], [2025244.0565550036, 827586.0792714122], [2025229.2593405095, 827599.5356093346], [2024661.3595576726, 828109.4177916892], [2024677.6095251753, 828125.8127720163], [2024735.2166934311, 828192.1138205014], [2024814.1003939202, 828274.4505980917], [2025029.4775878335, 828499.6017225892], [2025355.9323155126, 828843.8871232572], [2025395.8095323443, 828892.7010019949], [2025506.8745989215, 829028.2154947373], [2025749.6736540038, 829329.4776875091], [2025871.3666520861, 829480.655862835], [2026696.9621137523, 829458.4613534152], [2027527.5903737561, 829431.5624570794], [2027934.182080253, 829417.7494925803], [2027933.077751756, 829024.5993602717], [2027932.3129895043, 828585.218349239], [2027932.664694846, 828215.7318835132], [2027931.887465418, 827789.4561612742], [2027934.4009118376, 827634.3833086878], [2027935.3379178343, 827581.9644502599], [2027953.2424095885, 827101.4670516693], [2027956.2706187516, 827026.8444975056], [2027968.1764348464, 826946.0421656665], [2027978.2859946801, 826888.1718745782], [2028004.4096300893, 826782.9932791748], [2028014.8436643316, 826694.908809687], [2028017.9151805055, 826575.1472381685], [2028014.9932703369, 826538.3779547642], [2028014.7042289216, 826531.0971294126], [2028012.9712927635, 826487.7763499223], [2028014.4722740066, 826464.480136678], [2028016.8738440138, 826426.9877575999], [2028017.8134746694, 826372.020675926], [2028038.5719633412, 826311.6123321629], [2028040.6470904201, 826306.1540097573], [2028023.2294743373, 826274.467065262], [2028021.9515897646, 826064.4228659249], [2028022.8600525102, 826041.8543415096], [2028020.3705561769, 825861.6591638416], [2028020.0936538419, 825842.0017228413], [2028018.4309274983, 825725.1479539347], [2027963.1672585024, 825064.0252604132], [2027949.9684660125, 824949.3447155161], [2027936.766064584, 824527.0630797591], [2027935.03640926, 824480.102215672], [2027937.2700005919, 824308.2843178341], [2027937.9297761766, 824236.5721909227], [2027928.138129084, 823648.6629336767], [2027925.771007834, 823338.8754955027], [2027922.9065122595, 822930.0734915859]]]}}, {"type": "Feature", "properties": {"precinct_code": "04", "precinct_name": "SCHOOL OF SCIENCE AND MATH", "county": "DURHAM"}, "geometry": {"type": "Polygon", "coordinates": [[[2023972.5144786697, 826474.7340531693], [2023939.0401361731, 825819.824929919], [2023907.641576929, 825156.5450884909], [2023554.5159708422, 825176.280941426], [2023370.560958178, 825185.2346636594], [2023194.590837672, 825194.195603754], [2023125.680870503, 825198.1457270829], [2022991.1174913356, 825202.7723582542], [2022069.2758310866, 825245.0196490862], [2021624.1763275873, 825268.350311089], [2021444.3630389282, 825276.590780169], [2021183.2198604199, 825288.7780917656], [2020777.1622735872, 825307.4171620968], [2020453.9132481646, 825322.479139816], [2020153.142524256, 825334.284234338], [2019482.986056179, 825366.5938810257], [2019137.8535443414, 825382.7480481606], [2019013.0529409212, 825383.3950284936], [2018835.3134670118, 825388.7408183408], [2018832.3771211805, 825355.6126037514], [2018828.3134810042, 825236.2099554362], [2018829.2668911684, 825133.1914606772], [2018835.2508030846, 825025.4436446667], [2018845.3856253491, 824900.9537361707], [2018849.8498552595, 824857.2733773518], [2018864.6802061787, 824789.5743657403], [2018872.9997433422, 824729.5154307483], [2018881.9406703417, 824622.497928268], [2018889.9951161726, 824514.75175268], [2018893.595502674, 824434.6685794934], [2018893.0147951688, 824417.9232061771], [2018873.7838625014, 824429.559665845], [2018834.733743758, 824448.4638275042], [2018790.3509585124, 824481.1976859324], [2018703.0725897558, 824534.6536157542], [2018544.7983000139, 824616.8227427553], [2018455.4592398414, 824656.8092113503], [2018368.4892694196, 824691.7008738335], [2018262.8884307605, 824725.8533645958], [2018044.893131839, 824781.4146051705], [2017786.08328201, 824842.7766871768], [2017695.2806420906, 824859.8311150208], [2017659.4936401679, 824864.5417354915], [2017619.5632738469, 824873.2546445886], [2017599.4511093362, 824876.8825900849], [2017570.1745930896, 824873.9528059221], [2017553.9006755054, 824887.4120965917], [2017511.308569087, 824897.215226594], [2017456.8880742646, 824904.8274160938], [2017432.0396987519, 824915.3693897566], [2017324.3752159178, 824941.5156629275], [2017127.3874209216, 824985.4470055144], [2017107.570203336, 824990.1677965797], [2016914.1309576777, 825036.2867988289], [2016640.5376728456, 825099.4707275908], [2016218.7589888435, 825203.3461760031], [2016183.8568276751, 825213.155539588], [2016138.8946472576, 825231.6958568371], [2016122.0416625892, 825224.7703457653], [2016101.9288419187, 825229.4914649234], [2016012.0133393393, 825251.283744163], [2015934.2241248349, 825271.2630349308], [2015613.6073120078, 825345.7159700084], [2015477.847084834, 825379.498382764], [2015280.2730049193, 825425.2620707614], [2015166.3985607638, 825457.6012449265], [2014999.5757316803, 825515.0315762501], [2014948.4026056677, 825537.2109938686], [2014861.730863004, 825580.8500141747], [2014806.4186376785, 825600.843412507], [2014761.4495675135, 825636.131071597], [2014788.613555178, 825722.0547842545], [2014862.406714677, 825998.0233924319], [2014943.2661330123, 826332.2399155839], [2014963.0344661768, 826421.0720870064], [2014987.8280517599, 826513.1834513352], [2015062.7885317516, 826812.0867249272], [2015069.575919761, 826839.3921164967], [2015079.8961090888, 826898.0058444198], [2015086.9718823447, 826939.5083860967], [2015094.6532974232, 826953.7091450812], [2015123.8694463365, 827069.8486765838], [2015176.1196699277, 827247.520237253], [2015221.8603920937, 827431.0129805105], [2015231.6110287616, 827446.3072412497], [2015287.7421500836, 827550.8116254185], [2015395.5883910966, 827720.5041994166], [2015470.952413589, 827800.2655228312], [2015560.2166707525, 827876.0304631884], [2015692.0907508435, 827898.6701816771], [2015892.26128225, 827944.2809828446], [2016132.3339648382, 828021.585618262], [2016431.8097438365, 828157.8976815962], [2016718.852804928, 828312.0427145071], [2016766.7454256702, 828332.0915589259], [2016955.6459665003, 828426.4831024349], [2017155.4802125099, 828531.8027736793], [2017216.672019257, 828563.8729195044], [2017426.5564420067, 828671.7486880139], [2017558.9859671749, 828746.0887624171], [2017619.8821708395, 828776.7035305928], [2017683.7321087562, 828811.6886968446], [2018043.182505338, 829007.7535934091], [2018180.935510679, 829075.9115935846], [2018305.6793556805, 829140.7858076702], [2018470.6271885026, 829221.3391242612], [2018539.50533159, 829251.5969377628], [2018584.1446780136, 829268.3701981759], [2018696.4840202616, 829307.392429854], [2018749.4032057521, 829323.0794063366], [2018834.5487047574, 829345.7037049219], [2018919.1052941666, 829364.3234183379], [2018969.66359201, 829372.7285852646], [2019069.3047969209, 829384.8059889294], [2019150.0247798397, 829391.7751350802], [2019266.8211341805, 829395.855835567], [2019362.6257325879, 829396.2830000872], [2019715.68834667, 829389.9654274344], [2019883.053169429, 829387.1662204249], [2020127.8902781762, 829383.3286296638], [2020266.8683466762, 829380.876206748], [2020400.819194259, 829378.7846755087], [2020493.0765556707, 829377.3929460066], [2020849.393428341, 829369.9992600038], [2020923.021890016, 829368.9595639321], [2021239.1216514993, 829365.5461849256], [2021254.4979330886, 829365.1934953282], [2021706.9176319223, 829354.9677940032], [2022027.157148926, 829351.5658979208], [2022095.8085864186, 829284.6365698368], [2022226.8972350077, 829158.4183183445], [2022286.967652916, 829100.2196158366], [2022461.5581830132, 828931.0801903472], [2022677.8753356792, 828722.2951748387], [2022929.4105937637, 828479.6847676719], [2023032.3923431772, 828381.4782711759], [2023194.2666913406, 828224.3463675699], [2023391.3591449282, 828033.0248998353], [2023684.933360918, 827745.315501511], [2024016.0990371706, 827420.509064511], [2024003.6253088422, 827124.9099181795], [2023972.5144786697, 826474.7340531693]]]}}, {"type": "Feature", "properties": {"precinct_code": "02", "precinct_name": "GEORGE WATTS ELEMENTARY", "county": "DURHAM"}, "geometry": {"type": "Polygon", "coordinates": [[[2025200.4523115011, 820162.8496953427], [2025088.5811441687, 820237.3787457565], [2025003.9425339256, 820288.6338925882], [2024887.0418490926, 820365.707557329], [2024770.7389320894, 820436.2297259979], [2024715.1005919273, 820472.9491407591], [2024603.2333615855, 820545.6599533409], [2024398.4466976668, 820671.4411978438], [2024146.9052060111, 820825.9431854193], [2024131.5167853374, 820835.3952662512], [2024060.788252263, 820880.4758847535], [2023944.4922250067, 820947.3612496703], [2023890.6334088456, 820980.8073770105], [2023838.5531324297, 821009.523198844], [2023715.4592185018, 821071.307524085], [2023737.197035925, 821622.4566842519], [2023754.921738012, 822014.8889702468], [2023775.615266175, 822392.7625583463], [2023781.1303470149, 822521.6317231461], [2023788.6713424178, 822705.4699381723], [2023811.646362095, 823186.3646456666], [2023824.427504511, 823472.498259755], [2023828.7952779224, 823556.9554399272], [2023843.3533196738, 823839.4506098224], [2023875.6472183452, 824496.5414872636], [2023907.641576929, 825156.5450884909], [2023939.0401361731, 825819.824929919], [2023972.5144786697, 826474.7340531693], [2024003.6253088422, 827124.9099181795], [2024016.0990371706, 827420.509064511], [2023684.933360918, 827745.315501511], [2023391.3591449282, 828033.0248998353], [2023194.2666913406, 828224.3463675699], [2023032.3923431772, 828381.4782711759], [2022929.4105937637, 828479.6847676719], [2022677.8753356792, 828722.2951748387], [2022461.5581830132, 828931.0801903472], [2022286.967652916, 829100.2196158366], [2022226.8972350077, 829158.4183183445], [2022095.8085864186, 829284.6365698368], [2022027.157148926, 829351.5658979208], [2022803.6569082583, 829343.786385929], [2023035.207298175, 829315.9370321761], [2023207.035038502, 829279.3058718466], [2023376.227941587, 829209.9109975143], [2023434.5007909224, 829183.7473359294], [2023495.4403015987, 829151.397663077], [2023590.6996255072, 829095.0500067649], [2023623.2438517504, 829073.2344335981], [2023657.8609085085, 829047.7804162522], [2023696.9182450925, 829016.5058725039], [2023757.8738318381, 828964.8632592607], [2023838.6584471765, 828892.123247248], [2024066.5244612533, 828675.34940259], [2024661.3595576726, 828109.4177916892], [2025229.2593405095, 827599.5356093346], [2025244.0565550036, 827586.0792714122], [2025578.142172917, 827326.0896339286], [2026170.3985343436, 827062.3290065926], [2026092.4019711767, 826980.3537768461], [2026072.3199903357, 826950.121553833], [2026049.8754814274, 826916.2472777497], [2026002.9156015958, 826849.2247740086], [2025951.5174104262, 826784.7468845901], [2025889.4883350146, 826702.7860905055], [2025861.4214620139, 826672.5473058309], [2025850.4949746726, 826655.0644011789], [2025847.8420928419, 826645.5975565782], [2025846.372935667, 826634.6753343327], [2025847.8870402563, 826594.2699033341], [2025844.3657218348, 826563.3244271723], [2025837.2945417615, 826533.4681876699], [2025818.4005506781, 826497.0489691806], [2025757.5650424217, 826401.6206823377], [2025723.8977869293, 826349.8996571738], [2025709.7167129212, 826334.2340060892], [2025685.483493671, 826316.0116015909], [2025649.4225421713, 826295.9588201694], [2025600.3642413465, 826259.1491824985], [2025554.858426838, 826217.6105516687], [2025540.6766966742, 826202.673245599], [2025529.7498812529, 826185.1906689841], [2025526.2101901777, 826174.9948232571], [2025525.3407693359, 826154.6087091721], [2025528.3338735837, 826113.4762455066], [2025524.5067815057, 826093.4516792654], [2025515.6511561738, 826074.8785536711], [2025495.5724561824, 826039.1866959136], [2025485.5432767563, 826010.055848674], [2025483.1869822594, 825998.7691258143], [2025675.2758369294, 825814.3754657458], [2025737.1375898418, 825752.909381344], [2025704.023154751, 825068.876628669], [2025824.686299266, 825066.4343763476], [2026005.3880375912, 825059.3133275943], [2026062.1707324253, 825058.2716630121], [2026289.8900932535, 825056.6545402585], [2026332.1800349194, 825057.4206148348], [2026418.5345210151, 825058.5902319206], [2026410.3908365066, 824906.0564162689], [2026383.0628071718, 824381.4718355143], [2026348.7587419304, 823720.0079353519], [2026332.2016884228, 823384.7264536767], [2026318.5911513432, 823061.0965234985], [2026314.2499526755, 822954.7975234945], [2026297.1820734292, 822528.5096621737], [2026290.5246064197, 822366.512938919], [2026277.4143964185, 822144.0826095055], [2026276.8746993402, 822086.2021478507], [2026275.2766054282, 821888.899720925], [2026276.6246998464, 821704.3407068381], [2026277.090906263, 821513.956901253], [2026277.553503752, 821327.577024661], [2026277.7319810824, 821128.0921874237], [2026278.2113108335, 820923.147387326], [2026277.5023227613, 820723.6618939171], [2026276.7815236738, 820537.6452055866], [2026276.3599365947, 820347.6245882539], [2026275.6391375056, 820161.6082279976], [2026268.3993225847, 819988.3267504217], [2026268.730358674, 819949.0125245973], [2026270.691640838, 819740.4289522602], [2026272.0033180104, 819597.0050265164], [2026276.0085593446, 819418.273428591], [2026213.0201682595, 819400.3797635866], [2025864.9273605058, 819670.9044850018], [2025753.9308633374, 819755.9883043227], [2025419.4754955024, 819999.9563203445], [2025297.5295451751, 820094.1329692568], [2025200.4523115011, 820162.8496953427]]]}}, {"type": "Feature", "properties": {"precinct_code": "34-1", "precinct_name": "PEARSONTOWN ELEMENTARY", "county": "DURHAM"}, "geometry": {"type": "Polygon", "coordinates": [[[2026943.4566995036, 790551.5729600085], [2026932.4659078426, 790590.5118585035], [2026928.892752259, 790612.7135857427], [2026922.655231921, 790634.1843433405], [2026915.5017029196, 790685.8676389105], [2026874.7183199227, 790926.442289013], [2026814.881497339, 791282.0272077615], [2026796.1535164253, 791364.2770432542], [2026789.9169803427, 791385.0201120087], [2026775.0764588406, 791425.4117634939], [2026745.1208100899, 791482.5346807541], [2026689.6691493401, 791576.3993224148], [2026676.0300690094, 791598.2276908444], [2026654.9881163375, 791621.141358926], [2026598.3901324263, 791673.871896508], [2026579.1313126695, 791689.1428633247], [2026461.4960492547, 791793.5084682561], [2026382.1021791701, 791845.1268033402], [2026383.5073600854, 791928.8507172582], [2026383.785574765, 791948.8716745849], [2026381.3167476798, 792060.6214510918], [2025395.377446591, 792090.330053092], [2025277.2425122552, 792093.8681037667], [2024650.4514430005, 792107.532446508], [2023993.1653560104, 792121.5488226702], [2023016.119737925, 792142.6081637717], [2022795.8367139252, 792152.2649685919], [2022773.9214034237, 792160.2560943356], [2022752.8899494277, 792174.0723396606], [2023391.6678713416, 792720.2287276706], [2023552.3040330126, 792877.9744751761], [2023593.4194363377, 792924.2371779251], [2023714.6846137643, 793072.852038171], [2023751.3620338454, 793115.1068749292], [2023799.873747839, 793166.8361021631], [2024114.2760061764, 793542.753657416], [2024398.216055094, 793871.6916478429], [2024434.8931470956, 793911.7637461735], [2024468.0233301679, 793944.9165670148], [2024519.496324347, 793992.6451460866], [2024606.1834869245, 794058.9678480903], [2024639.0239724217, 794084.1124828482], [2024867.717412679, 794264.8555596743], [2024878.3666695948, 794275.056982845], [2024895.823983758, 794286.3561728422], [2025616.5052851753, 794849.3760441658], [2025662.9540111723, 794883.6338496718], [2025747.5817946773, 794929.2095459185], [2025814.1672914198, 794956.569071259], [2025884.9020580968, 794978.1080701645], [2025943.500038012, 794998.544381004], [2026701.743272172, 795232.5563801519], [2026811.8345874262, 795270.8781539118], [2026873.089386182, 795298.235054584], [2026907.11753334, 795315.7389565967], [2026934.9288294157, 795333.6007975019], [2026960.665654586, 795353.6453768486], [2026986.6948019995, 795377.6942132625], [2027010.6507908385, 795402.4690980928], [2027031.6468118443, 795427.2413582451], [2027052.6346307546, 795460.3859769934], [2027063.5696482516, 795480.4167768357], [2027105.533147006, 795560.1744913314], [2027130.0511425878, 795617.3472772533], [2027149.8322710104, 795674.8796424944], [2027250.7822003367, 795991.6650981852], [2027378.888571428, 796389.651506902], [2027545.656610592, 796909.2554545815], [2027738.7126549194, 796855.9271491704], [2027852.7127550107, 796822.5456542607], [2028026.2255313399, 796776.8446301647], [2028201.2133703374, 796736.6065216579], [2028374.4203730088, 796701.8280479141], [2028719.6408111744, 796643.557167082], [2028924.8188785026, 796609.5408309259], [2028968.638672756, 796601.2117793397], [2029036.4446395037, 796584.5339911826], [2029114.02847384, 796559.1298424983], [2029182.7343731662, 796530.8047679255], [2029248.7808290138, 796497.74512276], [2029288.1747790887, 796475.2156402635], [2029354.5279928448, 796431.6002419308], [2029413.482927425, 796385.7932469334], [2029560.4435915074, 796255.2597153309], [2029802.2216512559, 796038.9156598384], [2030902.4166293454, 795054.6666440878], [2031584.5471548445, 794453.3131879781], [2031632.550667762, 794412.231577262], [2031710.476693006, 794351.1611613323], [2031796.3961405922, 794290.4637761657], [2031880.2352117584, 794237.408764162], [2031979.767821089, 794181.82291734], [2032074.2584457537, 794135.3321966664], [2032108.3197293417, 794120.8086036731], [2032170.815339253, 794094.3040634985], [2032510.2250935147, 793970.5490616745], [2032525.6263094258, 793964.7419866787], [2032585.1550617511, 793944.4231296927], [2032667.4819968361, 793922.3096568388], [2032747.137677431, 793906.3818671642], [2033016.289698167, 793869.5535287588], [2032977.8301294288, 793581.5760863406], [2032923.1845694182, 793206.217257012], [2032856.7470382587, 792784.2518935929], [2032851.7565626807, 792746.0249359265], [2032849.9940990051, 792733.6466798367], [2032747.4857738463, 791999.6829246728], [2032588.8355005973, 791159.0018632541], [2032581.4952921728, 791103.2998749223], [2032358.6637168385, 789652.8303349109], [2032362.6397587524, 789537.4430984989], [2032347.6174790864, 789466.0803803494], [2032231.127226503, 788769.5985055901], [2032147.349835009, 788209.6573682522], [2032114.9184694297, 788081.1261292623], [2031537.7700174302, 788108.5299458163], [2031290.2094889272, 788120.2779538293], [2030896.9560103433, 788138.7903840096], [2030625.4086531708, 788153.066602177], [2030206.991511003, 788166.8303541536], [2029958.843385263, 788175.3126206764], [2029772.880174503, 788181.6757969235], [2029378.4492048463, 788195.1114655824], [2029318.9276703447, 788198.6921670855], [2029250.5160617526, 788209.1803350841], [2029195.7202395957, 788225.1422454334], [2029129.6649254994, 788248.3734981731], [2028995.760337682, 788312.6709417533], [2028954.2909324153, 788327.1905977627], [2028905.4212795063, 788339.1548126832], [2028854.778008088, 788348.2053195067], [2028857.112321005, 788383.5166005887], [2028852.645794509, 788408.9929275878], [2028846.404665261, 788432.2835634213], [2028838.0910335944, 788455.2080582507], [2028806.9424738428, 788513.7834004175], [2028617.495018093, 788756.0299631697], [2028472.816173583, 788942.2631865006], [2028411.1502864202, 789021.5579754253], [2028200.0719684227, 789287.0830349198], [2028155.898172261, 789344.5543766678], [2028133.6734791687, 789362.7338022635], [2028078.2602041797, 789407.8180296617], [2028034.1097019159, 789441.2651412432], [2027953.8204924176, 789490.6941762564], [2027855.765570416, 789540.4706515071], [2027741.708055764, 789604.7927013393], [2027638.0146935873, 789668.7610773422], [2027534.3118170067, 789743.6503632468], [2027509.4188221688, 789766.1955937581], [2027466.1531606775, 789804.7404641662], [2027405.978084177, 789877.8505541761], [2027214.2077984214, 790092.439363831], [2027087.3294432599, 790257.2195460943], [2027040.4876734184, 790322.3345733488], [2027009.3542055043, 790370.3554746688], [2026964.5403187575, 790484.6141044243], [2026943.4566995036, 790551.5729600085]]]}}, {"type": "Feature", "properties": {"precinct_code": "03", "precinct_name": "E K POWE ELEMENTARY", "county": "DURHAM"}, "geometry": {"type": "Polygon", "coordinates": [[[2023737.197035925, 821622.4566842519], [2023715.4592185018, 821071.307524085], [2023709.6508311788, 820938.7982746605], [2023535.668895676, 821018.3791522507], [2023364.066220507, 821082.67429926], [2023255.4886817627, 821116.806448838], [2023106.6822208476, 821155.6393764174], [2022986.5764899272, 821181.3909653436], [2022927.412238181, 821192.6294598944], [2022644.6103103454, 821244.1011417544], [2022448.7773686808, 821282.173244085], [2022294.0660639252, 821309.3572448218], [2022055.340491503, 821355.7718501686], [2021907.1344230901, 821386.2389808466], [2021818.090309844, 821407.6500272624], [2021695.3185737578, 821442.1414280806], [2021549.7634186752, 821488.629195993], [2021403.6095115105, 821546.0382019234], [2021299.7606378333, 821590.7375875831], [2021156.5542313477, 821663.802730166], [2021057.7276573493, 821717.9712569973], [2020921.0199255047, 821803.7830932683], [2020909.1751329296, 821823.4320040918], [2020893.7962266803, 821821.9648154163], [2020858.8783175044, 821845.965751679], [2020758.5599485922, 821919.7913914085], [2020659.7169704288, 821999.8069794173], [2020586.6180352555, 822062.731722332], [2020482.4377974272, 822162.7656429945], [2020411.6994218393, 822234.7930580117], [2020351.3156843355, 822303.5517787542], [2020243.8624871662, 822434.5259262557], [2020150.3118212516, 822564.7822274343], [2020099.6842978457, 822640.4644907521], [2020031.2858125877, 822753.9934631676], [2019823.4292729185, 823098.5833251795], [2019772.7915789192, 823192.1034793408], [2019758.2893113336, 823207.3826482648], [2019739.6295717508, 823247.7769244228], [2019722.457362013, 823275.0672241772], [2019599.584576265, 823475.9264025023], [2019515.492552847, 823623.6642960035], [2019384.9196512536, 823844.9046671652], [2019341.6966405967, 823911.1286160962], [2019252.5931442543, 824037.7507381771], [2019222.9908412558, 824079.958330928], [2019187.769126924, 824122.1619866857], [2019005.4633891748, 824316.0687510836], [2018963.7374227648, 824356.4485915845], [2018922.601678252, 824398.648966488], [2018899.8198996773, 824413.1951972551], [2018893.0147951688, 824417.9232061771], [2018893.595502674, 824434.6685794934], [2018889.9951161726, 824514.75175268], [2018881.9406703417, 824622.497928268], [2018872.9997433422, 824729.5154307483], [2018864.6802061787, 824789.5743657403], [2018849.8498552595, 824857.2733773518], [2018845.3856253491, 824900.9537361707], [2018835.2508030846, 825025.4436446667], [2018829.2668911684, 825133.1914606772], [2018828.3134810042, 825236.2099554362], [2018832.3771211805, 825355.6126037514], [2018835.3134670118, 825388.7408183408], [2019013.0529409212, 825383.3950284936], [2019137.8535443414, 825382.7480481606], [2019482.986056179, 825366.5938810257], [2020153.142524256, 825334.284234338], [2020453.9132481646, 825322.479139816], [2020777.1622735872, 825307.4171620968], [2021183.2198604199, 825288.7780917656], [2021444.3630389282, 825276.590780169], [2021624.1763275873, 825268.350311089], [2022069.2758310866, 825245.0196490862], [2022991.1174913356, 825202.7723582542], [2023125.680870503, 825198.1457270829], [2023194.590837672, 825194.195603754], [2023370.560958178, 825185.2346636594], [2023554.5159708422, 825176.280941426], [2023907.641576929, 825156.5450884909], [2023875.6472183452, 824496.5414872636], [2023843.3533196738, 823839.4506098224], [2023828.7952779224, 823556.9554399272], [2023824.427504511, 823472.498259755], [2023811.646362095, 823186.3646456666], [2023788.6713424178, 822705.4699381723], [2023781.1303470149, 822521.6317231461], [2023775.615266175, 822392.7625583463], [2023754.921738012, 822014.8889702468], [2023737.197035925, 821622.4566842519]]]}}, {"type": "Feature", "properties": {"precinct_code": "05", "precinct_name": "PATTERSON REC CENTER", "county": "DURHAM"}, "geometry": {"type": "Polygon", "coordinates": [[[2019045.3314196775, 817564.9149305833], [2018964.3361748448, 817475.6769200802], [2018870.0653659995, 817330.007591998], [2018730.873059094, 817115.5093333505], [2018576.0193661745, 816870.7883660849], [2018550.0105599149, 816834.0056312412], [2018474.0405675007, 816745.1363864245], [2018456.597032846, 816729.1085313429], [2018445.0655598352, 816720.3647824205], [2018414.0190340145, 816696.6837274238], [2018384.7444862565, 816677.7362587552], [2018327.6704534297, 816646.3947860007], [2018299.8719525926, 816632.5447480889], [2018139.8726006742, 816566.5573472547], [2018119.4668015828, 816557.0803320734], [2018052.6313053377, 816523.5492311739], [2017981.3676683472, 816474.7264941758], [2017950.0265236783, 816448.133699602], [2017917.8044752623, 816410.9838395081], [2017864.306550755, 816334.5066302668], [2017735.184761761, 816079.9772836715], [2017670.1678314197, 815971.4597841705], [2017558.7359676813, 815811.2235560811], [2017533.5785376735, 815831.2297496808], [2017503.68752134, 815851.5968349156], [2017475.278785511, 815866.5049415776], [2017239.7375899241, 815969.3836728393], [2017200.0864225018, 815986.8334410811], [2017002.4237600854, 816071.1715269963], [2016847.960486338, 816142.7947433458], [2016778.124668004, 816178.7927028371], [2016707.3967910854, 816222.7991764909], [2016607.9612944273, 816289.7225990896], [2016504.0805966712, 816371.2050476625], [2016486.0268270087, 816386.1197160048], [2016400.1979304245, 816457.0559258475], [2015896.4663263415, 816898.3371954962], [2015715.63433893, 817059.1377269163], [2015666.8024155954, 817100.610084921], [2015520.3056613368, 817227.2118658407], [2015435.3648863446, 817305.7960262757], [2015376.7662502534, 817357.4563560071], [2015283.5449800051, 817433.4883561749], [2015199.7987564225, 817492.78023234], [2015042.675054921, 817584.0690917552], [2014974.028866755, 817618.6159386694], [2014869.2862940868, 817668.0699080043], [2014762.1792248334, 817713.5186359934], [2014526.6691971726, 817802.586699341], [2014278.4360978438, 817901.8427344289], [2014072.8124933378, 817976.7323484219], [2014026.9546454262, 817992.3632226833], [2013954.4711945949, 818013.8060931704], [2013807.7319867595, 818052.6869209196], [2013618.9840046782, 818100.6497514846], [2013564.8456615056, 818112.6375884344], [2013483.1926095947, 818135.1693675017], [2013293.5561778392, 818187.8661125065], [2012549.817179755, 818376.8303014975], [2012386.2194098372, 818418.6235250095], [2012330.8986543403, 818431.7051917602], [2012322.059105082, 819054.1799966638], [2012313.3576789203, 819347.9425325082], [2012310.976450087, 819383.2518450981], [2012312.4485600153, 819400.3617190055], [2012310.9003347615, 819564.8994476822], [2012314.6368758392, 819824.8132979273], [2012322.2395509183, 820033.7656359184], [2012329.0069258353, 820119.314021265], [2012348.1673205935, 820275.4879215091], [2012388.0038550931, 820499.3788779179], [2012400.1081615824, 820553.2596756706], [2012438.4948958445, 820707.2577272508], [2012467.131649583, 820834.3139035786], [2012492.525299593, 820936.6152081818], [2012552.1852852548, 821141.2220824277], [2012621.8724818397, 821411.3573689164], [2012702.1954839227, 821706.2511360997], [2012780.4587788414, 821973.1144475061], [2012835.0794045033, 822193.737037747], [2012851.6236627551, 822236.6988940759], [2012867.2784870851, 822284.0288519284], [2012914.8233395086, 822450.7729410016], [2012956.1582305864, 822613.5098202509], [2013003.1138453353, 822772.9730839956], [2013035.6091871725, 822859.6251416636], [2013096.470285923, 823006.3541789183], [2013117.1536435045, 823050.0463487494], [2013140.794672341, 823093.7398309148], [2013207.5852211702, 823206.2533854176], [2013218.2233232567, 823227.0072809244], [2013238.0264332576, 823254.3182499188], [2013364.2213908422, 823458.5931038448], [2013485.6981820017, 823627.9198649176], [2013694.665611833, 823905.0393894328], [2013811.1191190945, 824057.2562765843], [2013978.4061860905, 824280.4825361674], [2014144.8074280925, 824494.9729208284], [2014336.9103903477, 824761.5324270857], [2014408.7153648431, 824883.5157789178], [2014440.0361683364, 824939.5911260827], [2014451.2644923476, 824959.6179889226], [2014484.3582581745, 825018.2422155006], [2014492.6315355888, 825032.8074750855], [2014537.248572333, 825112.1869095137], [2014640.6512526732, 825323.3728388355], [2014672.5534198454, 825398.0140937567], [2014749.9338425081, 825601.1790417507], [2014761.4495675135, 825636.131071597], [2014806.4186376785, 825600.843412507], [2014861.730863004, 825580.8500141747], [2014948.4026056677, 825537.2109938686], [2014999.5757316803, 825515.0315762501], [2015166.3985607638, 825457.6012449265], [2015280.2730049193, 825425.2620707614], [2015477.847084834, 825379.498382764], [2015613.6073120078, 825345.7159700084], [2015934.2241248349, 825271.2630349308], [2016012.0133393393, 825251.283744163], [2016101.9288419187, 825229.4914649234], [2016122.0416625892, 825224.7703457653], [2016138.8946472576, 825231.6958568371], [2016183.8568276751, 825213.155539588], [2016218.7589888435, 825203.3461760031], [2016640.5376728456, 825099.4707275908], [2016914.1309576777, 825036.2867988289], [2017107.570203336, 824990.1677965797], [2017127.3874209216, 824985.4470055144], [2017324.3752159178, 824941.5156629275], [2017432.0396987519, 824915.3693897566], [2017456.8880742646, 824904.8274160938], [2017511.308569087, 824897.215226594], [2017553.9006755054, 824887.4120965917], [2017570.1745930896, 824873.9528059221], [2017599.4511093362, 824876.8825900849], [2017619.5632738469, 824873.2546445886], [2017659.4936401679, 824864.5417354915], [2017695.2806420906, 824859.8311150208], [2017786.08328201, 824842.7766871768], [2018044.893131839, 824781.4146051705], [2018262.8884307605, 824725.8533645958], [2018368.4892694196, 824691.7008738335], [2018455.4592398414, 824656.8092113503], [2018544.7983000139, 824616.8227427553], [2018703.0725897558, 824534.6536157542], [2018790.3509585124, 824481.1976859324], [2018834.733743758, 824448.4638275042], [2018873.7838625014, 824429.559665845], [2018893.0147951688, 824417.9232061771], [2018899.8198996773, 824413.1951972551], [2018922.601678252, 824398.648966488], [2018963.7374227648, 824356.4485915845], [2019005.4633891748, 824316.0687510836], [2019187.769126924, 824122.1619866857], [2019222.9908412558, 824079.958330928], [2019252.5931442543, 824037.7507381771], [2019341.6966405967, 823911.1286160962], [2019384.9196512536, 823844.9046671652], [2019515.492552847, 823623.6642960035], [2019599.584576265, 823475.9264025023], [2019722.457362013, 823275.0672241772], [2019739.6295717508, 823247.7769244228], [2019758.2893113336, 823207.3826482648], [2019772.7915789192, 823192.1034793408], [2019823.4292729185, 823098.5833251795], [2020031.2858125877, 822753.9934631676], [2020099.6842978457, 822640.4644907521], [2020150.3118212516, 822564.7822274343], [2020243.8624871662, 822434.5259262557], [2020351.3156843355, 822303.5517787542], [2020411.6994218393, 822234.7930580117], [2020482.4377974272, 822162.7656429945], [2020586.6180352555, 822062.731722332], [2020659.7169704288, 821999.8069794173], [2020758.5599485922, 821919.7913914085], [2020858.8783175044, 821845.965751679], [2020893.7962266803, 821821.9648154163], [2020909.1751329296, 821823.4320040918], [2020921.0199255047, 821803.7830932683], [2021057.7276573493, 821717.9712569973], [2021156.5542313477, 821663.802730166], [2021299.7606378333, 821590.7375875831], [2021403.6095115105, 821546.0382019234], [2021549.7634186752, 821488.629195993], [2021695.3185737578, 821442.1414280806], [2021818.090309844, 821407.6500272624], [2021907.1344230901, 821386.2389808466], [2022055.340491503, 821355.7718501686], [2022294.0660639252, 821309.3572448218], [2022448.7773686808, 821282.173244085], [2022644.6103103454, 821244.1011417544], [2022927.412238181, 821192.6294598944], [2022986.5764899272, 821181.3909653436], [2023106.6822208476, 821155.6393764174], [2023255.4886817627, 821116.806448838], [2023364.066220507, 821082.67429926], [2023535.668895676, 821018.3791522507], [2023709.6508311788, 820938.7982746605], [2023703.7994649261, 820859.07238425], [2023689.3880764255, 820757.4981123463], [2023674.6443395035, 820701.42670217], [2023663.135832338, 820667.9270972632], [2023646.0118508344, 820628.9629363307], [2023617.3655826733, 820573.608388264], [2023520.1928767571, 820399.1631990595], [2023472.3432349255, 820314.6712420825], [2023440.7389674184, 820258.5863805135], [2023312.843553931, 820031.6983828382], [2023116.4118601694, 819691.9093642534], [2022890.1386906821, 819302.955745844], [2022802.6995610907, 819152.9101141775], [2022663.865849256, 818905.631081178], [2022649.123096587, 818844.4642087555], [2022611.3695631784, 818703.1941500921], [2022496.0410536674, 818272.4669931647], [2022391.6177060888, 817889.4356069965], [2022204.6223451782, 817947.1730243373], [2021874.704369843, 818068.5090677576], [2021590.6672082543, 818152.0239925829], [2021542.7388264239, 818162.5452969964], [2021524.6916184283, 818166.5364307589], [2021410.195784419, 818191.9343458372], [2021352.8002299215, 818204.6331393508], [2021243.6298445894, 818228.9434581597], [2020896.891692923, 818303.3192936833], [2020766.7246304292, 818321.0640088371], [2020703.1246920077, 818323.5672846887], [2020671.7697678364, 818323.181130593], [2020615.5690928395, 818319.5013479196], [2020559.371698677, 818311.4534637459], [2020501.106395259, 818299.7641826689], [2020445.8013877573, 818284.4367855103], [2020331.3550943446, 818240.310561423], [2020247.665301085, 818206.0343832477], [2020181.4265884326, 818174.3188954933], [2020123.7652864298, 818143.7015026723], [2019766.542247595, 817976.7366135126], [2019406.6538597662, 817809.0463320946], [2019250.5199856774, 817726.3106051688], [2019209.1234149192, 817700.0737809998], [2019116.5796367512, 817630.4853375105], [2019057.1561991712, 817576.9352477436], [2019045.3314196775, 817564.9149305833]]]}}, {"type": "Feature", "properties": {"precinct_code": "06", "precinct_name": "LAKEWOOD SCHOOL", "county": "DURHAM"}, "geometry": {"type": "Polygon", "coordinates": [[[2018921.4701188367, 810545.7862523317], [2018716.5358174294, 809903.8889140927], [2018703.5519195057, 809848.5497859155], [2018670.1034955967, 809868.5494178352], [2018567.0938590916, 809931.4593969902], [2018552.5892949274, 809940.9147586669], [2018492.7954512527, 809979.0990655095], [2018127.227284758, 810213.6635570038], [2017965.310941919, 810321.6781047599], [2017833.5881082576, 810409.6903959188], [2017732.3622608352, 810464.596126007], [2017667.545789422, 810494.4064338317], [2017342.590074509, 810620.527572683], [2017026.8118346776, 810743.3813295938], [2016565.726798846, 810922.9433064144], [2016448.8300510054, 810966.1958445924], [2016231.9036475855, 811050.5280249991], [2016108.792017178, 811098.1466961716], [2015864.9378460948, 811191.567113014], [2015609.5439999264, 811288.9875218422], [2015275.7287226776, 811417.6749285113], [2015149.3628336778, 811470.3923427655], [2014908.7583280047, 811586.0272820869], [2014802.5128055974, 811639.4845242476], [2014601.8576950869, 811747.1339152548], [2014230.7360620068, 811950.4389548438], [2014167.107580333, 811984.6262224108], [2013553.3230467604, 812313.7745142601], [2013442.049975337, 812373.422688932], [2013309.469203754, 812446.5304823387], [2013203.5232214194, 812505.0897484212], [2013110.5982104233, 812558.5591296685], [2012944.5729519268, 812662.5953389156], [2012878.872952088, 812705.1566055052], [2012756.9434059274, 812784.0957520899], [2012643.5968478483, 812857.5788728306], [2012455.0821330114, 812979.8092714236], [2012400.6288298387, 813015.4601187658], [2012388.689877348, 813965.1845972508], [2012376.5340617616, 814728.5311676682], [2012364.7575105121, 815997.8685240011], [2012356.2234068376, 816594.8601121696], [2012341.2982398435, 817617.3915316872], [2012330.8986543403, 818431.7051917602], [2012386.2194098372, 818418.6235250095], [2012549.817179755, 818376.8303014975], [2013293.5561778392, 818187.8661125065], [2013483.1926095947, 818135.1693675017], [2013564.8456615056, 818112.6375884344], [2013618.9840046782, 818100.6497514846], [2013807.7319867595, 818052.6869209196], [2013954.4711945949, 818013.8060931704], [2014026.9546454262, 817992.3632226833], [2014072.8124933378, 817976.7323484219], [2014278.4360978438, 817901.8427344289], [2014526.6691971726, 817802.586699341], [2014762.1792248334, 817713.5186359934], [2014869.2862940868, 817668.0699080043], [2014974.028866755, 817618.6159386694], [2015042.675054921, 817584.0690917552], [2015199.7987564225, 817492.78023234], [2015283.5449800051, 817433.4883561749], [2015376.7662502534, 817357.4563560071], [2015435.3648863446, 817305.7960262757], [2015520.3056613368, 817227.2118658407], [2015666.8024155954, 817100.610084921], [2015715.63433893, 817059.1377269163], [2015896.4663263415, 816898.3371954962], [2016400.1979304245, 816457.0559258475], [2016486.0268270087, 816386.1197160048], [2016504.0805966712, 816371.2050476625], [2016607.9612944273, 816289.7225990896], [2016707.3967910854, 816222.7991764909], [2016778.124668004, 816178.7927028371], [2016847.960486338, 816142.7947433458], [2017002.4237600854, 816071.1715269963], [2017200.0864225018, 815986.8334410811], [2017239.7375899241, 815969.3836728393], [2017475.278785511, 815866.5049415776], [2017503.68752134, 815851.5968349156], [2017533.5785376735, 815831.2297496808], [2017558.7359676813, 815811.2235560811], [2017670.1678314197, 815971.4597841705], [2017735.184761761, 816079.9772836715], [2017864.306550755, 816334.5066302668], [2017917.8044752623, 816410.9838395081], [2017950.0265236783, 816448.133699602], [2017981.3676683472, 816474.7264941758], [2018052.6313053377, 816523.5492311739], [2018119.4668015828, 816557.0803320734], [2018139.8726006742, 816566.5573472547], [2018299.8719525926, 816632.5447480889], [2018327.6704534297, 816646.3947860007], [2018384.7444862565, 816677.7362587552], [2018414.0190340145, 816696.6837274238], [2018445.0655598352, 816720.3647824205], [2018456.597032846, 816729.1085313429], [2018474.0405675007, 816745.1363864245], [2018550.0105599149, 816834.0056312412], [2018576.0193661745, 816870.7883660849], [2018730.873059094, 817115.5093333505], [2018870.0653659995, 817330.007591998], [2018964.3361748448, 817475.6769200802], [2019045.3314196775, 817564.9149305833], [2019057.1561991712, 817576.9352477436], [2019116.5796367512, 817630.4853375105], [2019209.1234149192, 817700.0737809998], [2019250.5199856774, 817726.3106051688], [2019406.6538597662, 817809.0463320946], [2019766.542247595, 817976.7366135126], [2020123.7652864298, 818143.7015026723], [2020181.4265884326, 818174.3188954933], [2020247.665301085, 818206.0343832477], [2020331.3550943446, 818240.310561423], [2020445.8013877573, 818284.4367855103], [2020501.106395259, 818299.7641826689], [2020559.371698677, 818311.4534637459], [2020615.5690928395, 818319.5013479196], [2020671.7697678364, 818323.181130593], [2020703.1246920077, 818323.5672846887], [2020766.7246304292, 818321.0640088371], [2020896.891692923, 818303.3192936833], [2021243.6298445894, 818228.9434581597], [2021352.8002299215, 818204.6331393508], [2021410.195784419, 818191.9343458372], [2021524.6916184283, 818166.5364307589], [2021542.7388264239, 818162.5452969964], [2021590.6672082543, 818152.0239925829], [2021874.704369843, 818068.5090677576], [2022204.6223451782, 817947.1730243373], [2022391.6177060888, 817889.4356069965], [2022640.453166426, 817812.4534774905], [2022735.4237770145, 817792.5056827525], [2022964.7149850857, 817744.2692306779], [2022991.341244176, 817740.2859709251], [2023170.625006349, 817712.0330746764], [2023333.9192991713, 817704.1538253381], [2023314.4688787602, 817612.0408205729], [2023294.1204942616, 817533.0317922628], [2023264.6146477603, 817437.9985177482], [2023247.8030015961, 817375.0094705053], [2023237.194427014, 817323.3097707625], [2023231.6071678405, 817281.4430565827], [2023224.8962232633, 817163.8586460903], [2023224.6055414218, 817157.6700101916], [2023224.3145315046, 817151.4813742418], [2023219.0661824192, 817055.01142284], [2023209.525519088, 816774.7068653404], [2023208.661019506, 816745.9483926739], [2023204.6121430835, 816628.7301231762], [2023200.8083449309, 816575.5799670094], [2023194.3270586745, 816541.7207827598], [2023175.1532125012, 816472.1776147487], [2023132.9531656809, 816341.8245290032], [2023044.1311648332, 816059.638085501], [2023034.682036758, 816037.4252034306], [2023023.4573216734, 816015.9390259247], [2023002.1814455853, 815985.7087714083], [2022980.602748587, 815964.2143918511], [2022959.0217550094, 815945.6324080196], [2022860.289340928, 815849.4537945876], [2022763.6402560018, 815736.8962769175], [2022596.343674587, 815549.6597747651], [2022549.0576799226, 815487.7399510898], [2022492.9114667627, 815406.5199691671], [2022398.0720895098, 815244.4582854124], [2022339.5767996777, 815138.8472761704], [2022240.9031125, 814959.3102336619], [2022196.584631591, 814883.1962126774], [2022141.038810924, 814787.7807210884], [2022088.4470525838, 814697.0998001012], [2022003.9557517604, 814537.5951978391], [2021972.0417735877, 814488.064457001], [2021958.1503971675, 814470.2170517534], [2021900.514029503, 814398.825790354], [2021823.064053176, 814316.1353389249], [2021779.3098755928, 814274.2407376858], [2021744.1268750888, 814243.6367962529], [2021711.6049585044, 814215.2192021807], [2021650.988609923, 814171.1277549168], [2021576.7659893322, 814123.7505530942], [2021508.1558903458, 814087.2981981668], [2021484.2005576792, 814075.6318829148], [2021407.8985449206, 814038.8101061664], [2021238.7381220914, 813949.1380414164], [2021192.9045523396, 813917.0711764314], [2021156.2405836743, 813887.1949238372], [2021143.2337199312, 813872.6247429991], [2021133.4820990122, 813856.9649974322], [2021115.7590373473, 813818.0021488433], [2021094.798449336, 813755.7394780813], [2021052.6321950867, 813559.5020096651], [2021047.023938598, 813541.2969935855], [2021036.9822920104, 813517.2645613303], [2021026.9360522628, 813499.4201088392], [2021013.6355539255, 813481.2095153253], [2020971.3593917622, 813437.8608487522], [2020856.9370484215, 813334.397801096], [2020770.0130096676, 813253.1594464855], [2020744.8785455087, 813234.2126340212], [2020668.0276493412, 813132.2328510879], [2020651.4778136772, 813106.0117749245], [2020609.232163251, 813017.5250752566], [2020569.3500251763, 812933.7722900051], [2020523.2654716682, 812833.9985394125], [2020509.0883346808, 812799.7709175881], [2020441.151790753, 812639.5543744974], [2020417.216799259, 812596.2194874426], [2020377.0361053364, 812514.651081004], [2020361.6673696784, 812491.3430567519], [2020343.928888097, 812472.0376491725], [2020309.9214101715, 812447.2607958317], [2020289.514954924, 812435.5980895127], [2020243.9648491754, 812416.6374974838], [2020210.2421475942, 812408.2418450123], [2019838.9830475906, 812331.5444918469], [2019708.5256313377, 812302.6990770827], [2019665.0437629214, 812287.3811943328], [2019642.5651333323, 812276.4455206668], [2019620.3844034218, 812262.5977793399], [2019584.3077039262, 812234.1801852677], [2019510.9905933426, 812147.1304905753], [2019433.542585507, 812042.2415927517], [2019403.984245673, 811998.903752931], [2019377.3891545106, 811949.0154012565], [2019344.5965691817, 811874.7337256686], [2019249.2243845912, 811578.722834748], [2019218.812371925, 811482.6016359178], [2019181.6080500025, 811366.4552146792], [2019101.2945623398, 811113.0449603365], [2019038.1053842595, 810914.6132705917], [2018921.4701188367, 810545.7862523317]]]}}, {"type": "Feature", "properties": {"precinct_code": "08", "precinct_name": "MOREHEAD MONTESSORI", "county": "DURHAM"}, "geometry": {"type": "Polygon", "coordinates": [[[2026018.053366588, 813099.3549640903], [2026026.4011189213, 813361.4571301785], [2026030.0622008452, 813570.0439833465], [2025672.3411315074, 813609.407421684], [2025397.1933878371, 813614.2646954205], [2025319.6761544219, 813618.5658678963], [2024616.9938327512, 813656.5546370947], [2024425.2730875914, 813666.5870973371], [2024187.4015160967, 813674.0345890042], [2024137.1027321662, 813678.7255244901], [2024085.3210115875, 813687.7835772398], [2024060.748554172, 813708.5125384204], [2024021.3756014274, 813738.3300640924], [2023877.4887500845, 813864.8921469217], [2023785.413474917, 813946.3578632665], [2023656.7152415065, 813950.6222904085], [2023591.6244924227, 813955.6662435799], [2023347.5327890066, 813975.4923194249], [2023175.3382515009, 813988.460469334], [2023104.0306513454, 813998.5969320044], [2023018.2342350024, 813998.8935193621], [2022624.7327254268, 814027.7094065886], [2022425.3180980086, 814044.3015650054], [2022356.9727622562, 814049.7096906798], [2022095.716395005, 814078.9976898491], [2021912.8637423362, 814103.9782829273], [2021857.5328162631, 814113.7656649147], [2021838.8875123414, 814123.2161053382], [2021826.1582070892, 814133.7633283378], [2021767.5231537514, 814210.8921110863], [2021744.1268750888, 814243.6367962529], [2021779.3098755928, 814274.2407376858], [2021823.064053176, 814316.1353389249], [2021900.514029503, 814398.825790354], [2021958.1503971675, 814470.2170517534], [2021972.0417735877, 814488.064457001], [2022003.9557517604, 814537.5951978391], [2022088.4470525838, 814697.0998001012], [2022141.038810924, 814787.7807210884], [2022196.584631591, 814883.1962126774], [2022240.9031125, 814959.3102336619], [2022339.5767996777, 815138.8472761704], [2022398.0720895098, 815244.4582854124], [2022492.9114667627, 815406.5199691671], [2022549.0576799226, 815487.7399510898], [2022596.343674587, 815549.6597747651], [2022763.6402560018, 815736.8962769175], [2022860.289340928, 815849.4537945876], [2022959.0217550094, 815945.6324080196], [2022980.602748587, 815964.2143918511], [2023002.1814455853, 815985.7087714083], [2023023.4573216734, 816015.9390259247], [2023034.682036758, 816037.4252034306], [2023044.1311648332, 816059.638085501], [2023132.9531656809, 816341.8245290032], [2023175.1532125012, 816472.1776147487], [2023194.3270586745, 816541.7207827598], [2023200.8083449309, 816575.5799670094], [2023204.6121430835, 816628.7301231762], [2023208.661019506, 816745.9483926739], [2023209.525519088, 816774.7068653404], [2023219.0661824192, 817055.01142284], [2023224.3145315046, 817151.4813742418], [2023224.6055414218, 817157.6700101916], [2023224.8962232633, 817163.8586460903], [2023231.6071678405, 817281.4430565827], [2023237.194427014, 817323.3097707625], [2023247.8030015961, 817375.0094705053], [2023264.6146477603, 817437.9985177482], [2023294.1204942616, 817533.0317922628], [2023314.4688787602, 817612.0408205729], [2023333.9192991713, 817704.1538253381], [2023376.2223641712, 817702.0032390839], [2023664.6377978455, 817702.9622266686], [2023879.6924858382, 817703.5006114317], [2023945.954164343, 817703.9185895941], [2024156.5715252606, 817704.4550058467], [2024385.8171297605, 817714.8372029251], [2024420.4259844285, 817716.3221080936], [2024702.0277834253, 817729.2981320032], [2024920.0303001723, 817741.4952860875], [2024931.2707632643, 817742.2328174278], [2025133.8855155106, 817760.6064683335], [2025343.0199397514, 817765.5185320127], [2025552.7396646745, 817777.349217014], [2025753.885259762, 817784.0772219264], [2025947.044322254, 817790.4354769343], [2026014.7830319272, 817792.679566906], [2026096.4246009302, 817795.3002965783], [2026391.9308996818, 817805.0289516762], [2026543.6769872622, 817810.2622089324], [2026591.005304681, 817811.7608935866], [2026977.333600252, 817812.47742758], [2027345.9135717615, 817812.8183061837], [2027591.4363746785, 817812.6837920138], [2027717.1572518363, 817811.3461962503], [2027818.621287762, 817810.3501352483], [2027880.4462953375, 817809.680845262], [2027941.3841655836, 817809.0105709974], [2027996.9972433469, 817808.3353755121], [2028164.131751597, 817806.6752738281], [2028344.2796852575, 817807.57651876], [2028432.4307556762, 817808.0259929101], [2028433.639086591, 817782.1815564103], [2028462.9687523402, 817736.343065425], [2028885.3757159272, 817447.7219235001], [2029028.94334218, 817349.213262268], [2028929.174512833, 817128.8816819132], [2028903.4718083453, 817095.0021564885], [2028875.6864308417, 817073.1334338338], [2028861.201223596, 817063.2906057506], [2028839.6208861778, 817048.3444414298], [2028799.120967178, 817020.639116251], [2028758.3205238427, 816997.6657369968], [2028733.4954422573, 816973.6159163554], [2028638.9706969273, 816832.6470381774], [2028280.9504155982, 816298.6441691774], [2028114.0468780112, 816049.8569370917], [2027926.1804558346, 815754.820453673], [2027874.3911893384, 815774.428354072], [2027833.5435020044, 815798.7790271803], [2027812.0156579174, 815727.0462309963], [2027783.3844815956, 815658.9472858403], [2027719.6287035958, 815506.3619610813], [2027676.6481465097, 815282.4483669171], [2027589.9498290867, 814986.7816354124], [2027551.6490526784, 814818.2035604925], [2027477.2545164244, 814649.9561935863], [2027246.0640339241, 814160.1326981847], [2027242.225458921, 814152.1205750755], [2027152.3243920065, 814112.7230160912], [2027000.6173463482, 814044.1473658507], [2026951.2401485161, 814012.0680336677], [2026925.5220240953, 813989.4752311121], [2026762.3589645931, 813829.5208265928], [2026397.6083817622, 813462.9861265902], [2026211.3876255897, 813275.3487065872], [2026120.6410879192, 813183.8987582627], [2026087.5378076748, 813146.7390556718], [2026060.941732259, 813111.7696374257], [2026035.8312181686, 813069.5210342595], [2026016.6124245962, 813056.0351688414], [2026018.053366588, 813099.3549640903]]]}}, {"type": "Feature", "properties": {"precinct_code": "31", "precinct_name": "BETHESDA RURITAN CLUB", "county": "DURHAM"}, "geometry": {"type": "Polygon", "coordinates": [[[2034794.8294481772, 798489.1243420857], [2034800.9708400976, 798552.1061715046], [2034818.4950832587, 799001.3214804205], [2034836.5800208438, 799476.0186937558], [2034836.7673564241, 799567.7507937527], [2034832.8382304304, 799636.1811030895], [2034823.272632763, 799715.5251045134], [2034812.855986923, 799763.562738085], [2035062.6684794263, 800760.1706529915], [2035174.0045428423, 801215.687786592], [2035260.8747759322, 801584.9042397599], [2035346.8791970918, 801934.0990794201], [2035450.6247245083, 802295.6921882707], [2035499.2702965157, 802452.2781611641], [2035523.4575840961, 802520.0142461793], [2035537.6242224262, 802552.7930520022], [2035582.7940795862, 802645.6718032459], [2035643.0288672599, 802762.5941415858], [2035707.1160094289, 802875.1529715946], [2035728.9765299999, 802908.669308753], [2035759.1165615923, 802948.019623772], [2035796.3540199234, 802992.111071022], [2035978.1220290947, 803193.9984624996], [2036036.3414008482, 803262.8687315823], [2036248.8255559208, 803513.5739388327], [2036304.681743428, 803577.7096373413], [2036426.4413424293, 803717.6430845106], [2036512.7400543403, 803813.8505692434], [2036788.772638755, 804122.5176028541], [2036803.549840166, 804138.9168482624], [2037240.6290185023, 804634.894858925], [2037476.448100671, 804904.5678760192], [2037602.920616759, 805053.2483529138], [2037675.590418921, 805155.6303660179], [2037768.9107703434, 805308.2737615041], [2037824.9887421713, 805424.8315992528], [2037871.308203338, 805535.1886620162], [2037913.174589424, 805656.4604010895], [2037937.6105641737, 805754.4126329868], [2038115.8041054297, 806634.1106767516], [2038356.3174039272, 807822.9436009185], [2038380.3901904242, 807969.674606656], [2038385.9456255122, 808021.0084935153], [2038400.1985497638, 808209.5888249953], [2038403.067638502, 808278.3921650952], [2038402.987258092, 808339.9113990082], [2038399.8635766795, 808465.8576694275], [2038393.8032213445, 808574.6914412477], [2038372.2494586688, 808765.0450631743], [2038361.2022366677, 808840.746683412], [2038350.4739116726, 808898.9755695922], [2038323.3948975967, 809015.4264521747], [2038303.7702649243, 809088.5686943488], [2038292.7696307586, 809128.5965014194], [2038263.049873919, 809228.2990579105], [2038236.0236812546, 809304.7076977466], [2038195.0532907555, 809409.8561094918], [2038176.0530006723, 809458.245776503], [2038122.042938082, 809579.3941562563], [2038076.3583181812, 809669.6114955193], [2038055.3016017543, 809707.0782840854], [2037929.5866300894, 809905.6704066049], [2037891.6290288407, 809970.4166681821], [2037843.8942161805, 810045.3433555831], [2037775.1364796748, 810131.8914108416], [2037701.0565753449, 810215.8846811644], [2037672.3338637506, 810232.9568255153], [2037653.9579162586, 810256.9584179264], [2037608.610894083, 810316.5993747513], [2037553.5020804242, 810374.4079861842], [2037495.734151335, 810429.3012490883], [2037422.5689433373, 810493.2755305949], [2037288.9855490937, 810603.0394186616], [2036879.3738355048, 810925.407868417], [2036686.8597848406, 811079.1470622518], [2036539.0687418424, 811197.6333738478], [2036460.5810379235, 811262.331407158], [2036823.26141493, 811077.8616317442], [2036873.00114484, 811052.4427193423], [2036913.5607750118, 811033.2006318313], [2036957.3720390936, 811016.1468601591], [2037011.2423381815, 811000.1977450912], [2037065.4046314212, 810987.1613538419], [2037111.5738304271, 810977.7552046784], [2037151.5255221706, 810971.6170936038], [2037184.371585085, 810968.7466925022], [2037262.7825175067, 810966.662051022], [2037445.633201675, 810969.0787128363], [2037666.6514604255, 810972.2732602482], [2038237.984963417, 810980.2919450097], [2038577.626016425, 810551.9207545011], [2038696.7819460947, 810391.9089354265], [2038741.827787757, 810338.0934262575], [2038770.3004998434, 810286.804158751], [2038793.4595742528, 810226.4076260002], [2038960.7761687643, 809674.4116827652], [2038992.866327674, 809573.6208738332], [2039035.9292336688, 809454.6437496067], [2039080.1230429253, 809375.346336009], [2039094.3549698452, 809353.5242011666], [2039130.8089651752, 809309.5262576852], [2039182.3620116713, 809259.360347508], [2039276.8624788364, 809177.5822958465], [2039473.264645084, 809012.5809854271], [2039541.097842752, 808958.7973003387], [2039647.4483518442, 808868.2997779141], [2039726.5453065035, 808800.699191338], [2039834.3784241693, 808708.7485878164], [2040111.6596937648, 808476.8819255858], [2040289.9979197548, 808328.6063034979], [2040391.9038839191, 808245.7498419343], [2040529.3612861775, 808132.3652261766], [2040747.4077660898, 807946.6533272598], [2040858.508921846, 807849.6148074272], [2040904.1410484165, 807805.2681113416], [2040958.6675141742, 807748.9211111733], [2041013.7904354192, 807689.298855092], [2041083.1433150903, 807611.131688606], [2041146.874814928, 807532.5931317512], [2041214.4731049247, 807440.2271747725], [2041301.6484554987, 807314.7631868348], [2041506.5607753403, 807007.8205592459], [2041592.5546978419, 806882.7197595744], [2041612.4224402609, 806853.6266419241], [2041983.986657755, 806311.7681455963], [2042112.3945374207, 806122.2983801597], [2042368.3402197505, 805734.6233024988], [2042885.013399005, 805752.1180181631], [2042930.579252763, 805757.2807374944], [2042954.8390467619, 805762.0484445251], [2043000.9846237581, 805775.5845066886], [2043018.728354677, 805783.9831119212], [2043045.0416222527, 805800.7665429289], [2043069.8657195861, 805824.0998295814], [2043097.0470956725, 805854.3533780156], [2043136.0394717602, 805902.4608933359], [2043157.3160040064, 805923.2410355076], [2043203.4251637605, 805961.166812684], [2043226.7801039217, 805977.2179616694], [2043253.391271174, 805992.5456869209], [2043445.0067015896, 806092.2055925928], [2043554.7135031673, 806148.0627643348], [2043746.632082596, 806241.5363306559], [2043877.3431072542, 806301.0663953447], [2043930.8761366766, 806321.1674050286], [2043947.7369953408, 806523.5866195845], [2043956.1385533358, 806644.0893313529], [2043962.7970045963, 806742.7482547557], [2043969.601124837, 806941.8764654303], [2043969.8435784266, 806977.5506066716], [2043972.4482320119, 807016.8684414197], [2043980.069607841, 807065.2941975836], [2043994.7601952539, 807135.5719441739], [2044003.5948232557, 807164.3425559317], [2044109.1412000956, 807425.5021385801], [2044127.1359147574, 807463.0230609125], [2044143.0719065075, 807491.8044994179], [2044207.71449375, 807600.0152410179], [2044227.501199589, 807626.2543617578], [2044262.9506037526, 807666.3497540015], [2044301.3665374229, 807701.3532929178], [2044473.0883068452, 807835.9357009263], [2044556.1288231744, 807908.8653450701], [2044659.2582100937, 808003.3028202523], [2044728.735761419, 807849.064611689], [2044757.8377373382, 807781.765533682], [2044762.2924528427, 807771.215686014], [2044767.6372584242, 807759.2111168313], [2044832.9806316798, 807600.2347287517], [2044917.0378782614, 807395.0566614206], [2045098.819995, 806951.2327459181], [2045234.8551560026, 806624.1894367427], [2045322.4770280127, 806413.9218126739], [2045514.9540052577, 805951.1884861708], [2045521.4887690844, 805935.5458009251], [2045557.7272136824, 805848.6017491018], [2045595.4482668352, 805759.8397875021], [2045630.4970812497, 805676.8983523236], [2045686.6242655944, 805551.0354150829], [2045694.937241092, 805533.9393206799], [2045713.0487534248, 805495.7458275119], [2045791.72707376, 805331.6962868577], [2045983.8133037554, 804938.8571775083], [2046091.8816571685, 804718.4317653478], [2046179.1724930843, 804538.016115663], [2046325.5491688407, 804236.1121919274], [2046455.5991055972, 803967.6727681687], [2046611.78087984, 803645.036930496], [2046626.0334760111, 803615.5740629366], [2046677.1052242527, 803510.0903500033], [2046979.0862475927, 802888.1027488298], [2047075.2953727562, 802689.867581017], [2047096.6765635917, 802645.1278410766], [2047145.6728566745, 802544.0096050078], [2047163.1931628431, 802507.6359900803], [2047212.486043258, 802406.5187382483], [2047246.3383377625, 802336.6819356639], [2047389.1743381754, 802041.694336661], [2047411.7431906743, 801995.1366870047], [2047603.5849985932, 801597.2129421707], [2047633.5839543354, 801532.1025080766], [2047654.0852256732, 801483.3578549158], [2047732.2602661701, 801278.1794595104], [2047759.023664086, 801201.0513329196], [2047802.756844343, 801063.1605325739], [2047908.3370137531, 800752.0984906772], [2047946.3795885874, 800656.060624993], [2047995.968728261, 800558.2212537564], [2048013.7787320002, 800526.944741502], [2048056.4994470933, 800466.5879068417], [2048076.65918368, 800446.6000859343], [2048093.5817220043, 800415.3225894107], [2048116.121375083, 800388.0582082565], [2048216.9059504275, 800297.2194791678], [2048259.5830304185, 800263.7999265902], [2048311.7394221725, 800225.6641760982], [2048338.4083320952, 800207.5070601649], [2048361.521802918, 800191.5284175734], [2048418.9974097626, 800158.8618162626], [2048729.2280885128, 799959.8940383255], [2048816.6419556728, 799901.7963855078], [2048899.0151505019, 799849.1511496056], [2049340.8249624234, 799560.1333549068], [2049446.6075592642, 799493.3323074287], [2049856.4239968364, 799225.7452441676], [2049959.5468220874, 799157.8493825961], [2050004.5893829183, 799128.0768043279], [2050260.6223354202, 798958.8825889282], [2050300.330917418, 798933.105409504], [2050419.4560072555, 798855.7741993383], [2050538.2848378422, 798779.1710060899], [2050714.3041708462, 798666.9937370071], [2050898.6302457599, 798545.0031673508], [2051269.6495168349, 798303.9419696716], [2051365.961332098, 798241.4998373315], [2051395.299856098, 798222.2580779226], [2051468.2019412515, 798174.3359296753], [2051591.484503091, 798093.0126015103], [2051671.2031756802, 798040.7344908396], [2051703.2093452516, 798019.6777744343], [2051885.1689550881, 797901.3295859133], [2052076.317194836, 797776.8108060979], [2052161.9643332516, 797720.9044218335], [2052208.790027006, 797689.6820433408], [2052288.215393096, 797637.0410725062], [2052343.6362140025, 797600.0103066696], [2052374.4580027622, 797579.6802948337], [2052534.78904693, 797475.130307094], [2052583.9854708447, 797442.8209885084], [2053026.4573549195, 797155.3163141676], [2053447.6067750903, 796877.2440356644], [2053624.2704637484, 796748.7045945859], [2053712.3122824277, 796681.5226423348], [2053790.8685557542, 796621.6041270028], [2053867.0636133386, 796558.0409339227], [2053874.1748195884, 796554.4139726816], [2053898.7840223478, 796532.9822570072], [2054048.5163344303, 796402.9401942535], [2054378.5419210948, 796107.240982501], [2054592.6244981752, 795919.4424735795], [2055248.5411653358, 795337.5174563415], [2055460.2641670858, 795151.176949761], [2055566.1268162578, 795057.8254304166], [2055757.6930341732, 794887.1016905004], [2055997.890060334, 794675.7021789207], [2056211.988713504, 794490.4640323272], [2056265.9603903433, 794442.8814503402], [2056431.1382095949, 794297.2285264306], [2056659.187294171, 794096.0038632543], [2056826.7410929184, 793948.5376227475], [2057214.3518662609, 793603.8408055787], [2057253.4990976742, 793568.9717808369], [2057270.1066760137, 793554.4435946833], [2057428.4767660948, 793413.1512263434], [2057478.0042260895, 793369.2024953286], [2057579.7284320884, 793279.1262319203], [2057596.6339100897, 793263.8706850117], [2057617.690298422, 793245.3474280838], [2057656.541598676, 793210.8422477518], [2057492.132806765, 792957.1669020951], [2057420.9981065097, 792694.9384239161], [2057740.318990172, 792461.139350845], [2057216.067742095, 790897.4072420944], [2057096.8005921673, 791022.031336672], [2057088.4938502607, 791030.3876191692], [2056963.3011872608, 791157.5491102498], [2056954.9918206763, 791167.3614266007], [2056951.7280476706, 791170.9952775778], [2056902.7609540091, 791229.8704879284], [2056685.8010860973, 791502.4608220013], [2056619.026941417, 791583.8707641666], [2056531.7843337525, 791685.9906386714], [2056489.6528563339, 791732.1391684118], [2056476.3018331686, 791746.6739162504], [2056429.733028682, 791790.994037578], [2056381.3971673397, 791830.5786040856], [2056344.3335931757, 791858.9007259159], [2056317.058057175, 791878.1411729997], [2056305.199157015, 791886.4905657656], [2056266.9607164266, 791910.0781169984], [2056236.138599591, 791926.0357622339], [2056206.8023721734, 791939.0842925883], [2056113.763844342, 791976.7636791662], [2056077.0303220013, 791987.6140511758], [2056042.077964098, 791995.9198088348], [2055968.919973926, 792010.704884251], [2055931.012569427, 792016.0929968244], [2055868.8289667515, 792020.7068327515], [2055407.8558073344, 792015.4660295877], [2054933.2534100853, 792015.3029721586], [2054792.323901923, 792015.0398493413], [2054527.347725839, 792010.9069835941], [2054416.6222255097, 792008.1537082391], [2054288.725171595, 792005.0050925048], [2054051.880829008, 791998.0162613365], [2054009.2493525892, 791996.4818155853], [2053876.9146435126, 791991.5070880093], [2053441.1277854303, 791974.6947856684], [2053323.0033497522, 791970.112117678], [2053256.9844529184, 791967.4441440123], [2053198.070200667, 791965.1534661726], [2052857.0292160946, 791946.3375589174], [2052812.323924929, 791945.5291615871], [2052751.9267360119, 791944.6925490857], [2052681.7539760908, 791946.7509439288], [2052625.4893248384, 791952.838202091], [2052572.771254422, 791962.5724345952], [2052448.0733410886, 791991.4706707591], [2052388.5340900866, 792007.7449164204], [2052301.1451572613, 792034.5263589168], [2052096.140317918, 792104.416639091], [2051863.5797594185, 792186.6362909208], [2051794.2560791683, 792211.2668190887], [2051512.2349896748, 792304.3224072426], [2051381.2913539254, 792351.0509883238], [2051186.0656945105, 792418.0528228387], [2051149.0378814195, 792429.2726166737], [2051118.2311845128, 792438.3195145968], [2051054.8464687632, 792453.4979619281], [2050695.0033564274, 792524.2215737405], [2050688.4872933496, 792525.6661246653], [2050222.8973452586, 792627.5186112529], [2049768.2725983427, 792725.0289149305], [2049554.7323430046, 792771.2617620816], [2049469.1249026824, 792798.0543594138], [2049296.9867954992, 792872.7517165793], [2049072.647021086, 793004.8771084883], [2048858.3846543422, 793131.1967377497], [2048710.2327196768, 793204.8455405831], [2048530.3990898442, 793280.9907295136], [2048422.8720739197, 793316.1228770962], [2048165.1626155972, 793400.8782850159], [2047961.0773938464, 793463.1550633422], [2047488.6328006685, 793608.3572007627], [2047228.9187531774, 793654.1681327487], [2046994.7269643415, 793662.1651640101], [2046644.7716275004, 793673.9840380085], [2046301.028220503, 793689.4571041776], [2046357.9264006785, 793841.7045030849], [2046499.6075477612, 794296.9450624333], [2046553.0536350913, 794758.2351503317], [2046554.3767951739, 794857.2490599261], [2046586.6953000862, 795386.2122408407], [2046594.2789463387, 795457.5710220062], [2046601.8898235112, 795511.8212415845], [2046610.6922993364, 795561.3411556794], [2046618.9281752573, 795594.8433852455], [2046639.535745591, 795667.31502509], [2046652.1951690915, 795711.3808818468], [2046668.696776511, 795759.4569011792], [2046686.979548337, 795804.2596330954], [2046890.1973177644, 796273.7974079256], [2046933.8579915904, 796368.5108011648], [2046971.930750089, 796440.2826392397], [2047394.074262752, 797168.6253426756], [2047560.8596903367, 797456.1024579987], [2047602.4777173388, 797530.4290810138], [2047644.0875422521, 797609.4876499113], [2047686.2715129987, 797699.4677849243], [2047719.0027467606, 797777.420056837], [2047746.119162337, 797849.1751626696], [2047782.924863009, 797969.7238060833], [2047723.3810188475, 797997.6561649453], [2047652.873613922, 798032.8513044987], [2047576.4298691754, 798077.8653220878], [2047541.7672088435, 798096.0099708462], [2047500.0012162614, 798113.7789641778], [2047463.570842922, 798126.82486985], [2047431.882914171, 798136.2379087493], [2047398.423335419, 798142.7362553288], [2047280.5905658447, 798155.6509276757], [2047250.6949563457, 798154.8750105838], [2047174.0428786727, 798146.0154482583], [2047140.6036410928, 798139.7733347602], [2047106.5804151732, 798128.798291078], [2047068.126423837, 798111.6280498308], [2046975.547212674, 798066.7062236668], [2046928.2323466681, 798037.5094316812], [2046807.8858025984, 797956.1421403489], [2046738.698604999, 797906.1619253515], [2046677.5074544253, 797853.6462823243], [2046642.0406618423, 797819.3727288407], [2046614.2615179264, 797790.2074328476], [2046589.1405051812, 797765.0506589891], [2046527.9811786711, 797692.1505423365], [2046413.345909253, 797554.007774014], [2046298.6975165026, 797423.5096754298], [2046272.9866099195, 797396.5320390944], [2046223.035594345, 797348.4035264411], [2046176.3276825084, 797308.2884491709], [2046075.8029491762, 797230.9595355853], [2045859.0520703362, 797083.1944111683], [2045609.1801947488, 796912.446721158], [2045563.6402595935, 796881.7988165906], [2045508.626590088, 796851.8644932507], [2045390.611734255, 796788.3436229294], [2045328.789679422, 796758.0349564969], [2045042.143599169, 796627.2770159261], [2044965.2362726761, 796588.5736812634], [2044894.833854422, 796554.9766356039], [2044837.1440091725, 796531.9556842541], [2044748.6740417618, 796504.5197155125], [2044691.5632635949, 796489.8721070088], [2044600.7061618413, 796474.8094730948], [2044571.9988701798, 796470.0338921006], [2044358.578365252, 796460.6106825928], [2044215.6173650916, 796447.6546717425], [2044154.6420933467, 796443.5588794264], [2044111.7182946806, 796443.4942470052], [2044061.6855863323, 796446.3315116735], [2044002.176190929, 796451.702563935], [2043947.3993975983, 796459.6287291786], [2043902.9775704292, 796471.5748995041], [2043861.2135463376, 796487.893108342], [2043809.9649611702, 796512.205723759], [2043800.1884059298, 796517.287406501], [2043714.565217583, 796565.5737272373], [2043653.5256415026, 796604.7964178454], [2043413.5057803397, 796767.1553450876], [2043370.2489770958, 796792.5726170811], [2043333.2178831683, 796811.8107675941], [2043314.5555189238, 796820.5194116051], [2043293.8199960901, 796829.9534478281], [2043256.20327343, 796844.8225125668], [2043218.8880593497, 796856.0521489221], [2043128.276363925, 796875.5757319244], [2043093.04251051, 796880.6203412629], [2043052.4786152546, 796886.7489379192], [2042990.0138451748, 796889.5697984148], [2042934.067762836, 796888.0317437585], [2042697.2408086814, 796894.6029248339], [2042391.1443080022, 796901.4401815066], [2041841.7103674996, 796913.7570860105], [2041649.8790582556, 796920.4011015911], [2041553.963567674, 796923.5411871717], [2041400.0252272643, 796928.7842869157], [2041369.8294215067, 796929.8338255031], [2041137.4417629223, 796937.515896747], [2040919.244692756, 796958.6880984951], [2040883.1250143333, 796962.2779863329], [2040700.4551040959, 796980.2251289178], [2040568.7050395024, 796995.3313979111], [2040520.1467376812, 797003.272983086], [2040489.6471267636, 797010.146985083], [2040401.9921183428, 797034.0514648346], [2040370.5991365022, 797044.9287396622], [2040334.4653505092, 797059.0756930105], [2040317.285594837, 797066.6964126686], [2040295.365035011, 797077.5868108426], [2040288.8483157586, 797080.853864667], [2040237.8927090033, 797110.2691601681], [2040218.0433392525, 797121.8905280117], [2040196.4134612551, 797136.7855113458], [2040135.9585296812, 797185.8447964314], [2040098.02094151, 797220.3745830058], [2040065.1138550946, 797256.3669650863], [2040039.31272559, 797291.2773283502], [2040016.7655265918, 797328.0121629824], [2039967.205258249, 797420.0401941696], [2039959.4897225052, 797434.2265174876], [2039906.057086585, 797544.4503784152], [2039863.8960816704, 797637.9449420879], [2039813.1317475145, 797745.6241886698], [2039707.7618795054, 797956.6103152381], [2038577.813023925, 798239.0369157606], [2038209.162842587, 798331.3789226637], [2037771.2627997561, 798413.4440472506], [2037767.1181230117, 798413.8029704213], [2037704.6618830871, 798412.9945730817], [2037647.8362093435, 798407.0976032503], [2037596.636836677, 798399.3876449143], [2037580.0640351765, 798396.8184243446], [2037508.7436397513, 798383.2587401613], [2037449.8602273474, 798366.0747194331], [2037397.4935341764, 798345.2591442569], [2037349.5681050871, 798323.3576132525], [2037298.3926825074, 798296.7192150983], [2037241.0082828416, 798264.2491356592], [2037186.8827349257, 798229.5992705815], [2037143.709264844, 798194.963185008], [2037100.540387929, 798156.6870148331], [2037095.5138231646, 798152.3126797592], [2037037.86367601, 798095.4535415068], [2036984.3654234258, 798032.4116728455], [2036942.1073058383, 797975.5722196058], [2036703.3134920886, 797669.1364807411], [2036289.254937008, 797137.1611667589], [2036267.3770280024, 797114.9292558334], [2036231.0070220071, 797082.1228910021], [2036204.3922458428, 797060.2492471082], [2036176.58751142, 797043.1062367581], [2036149.9582995935, 797032.8811915816], [2036120.9554048474, 797027.0212951723], [2036089.8770549314, 797024.0708417599], [2036059.9794769268, 797023.6702520067], [2036036.2941568359, 797026.5534483388], [2035963.4475177522, 797047.5770283246], [2035927.9032975144, 797065.3702998431], [2035900.3456098433, 797088.269532258], [2035872.4903505892, 797112.2602979264], [2035796.3087444317, 797198.0747588424], [2035748.5745879249, 797259.8991102525], [2035726.6349992596, 797288.2655233335], [2035619.8756983448, 797447.2104154254], [2035575.6845137612, 797517.4117186007], [2035569.1592643403, 797527.9602539157], [2035544.2341173436, 797577.4362048389], [2035480.695202424, 797736.4335902561], [2035453.3855457618, 797799.7392379158], [2035400.2734472584, 797904.1474936756], [2035376.247904762, 797944.5240533364], [2035346.892976597, 797985.9865688393], [2035318.4369967573, 798018.349693089], [2035290.5784566682, 798046.3453720055], [2035121.0427065056, 798228.8774872513], [2035065.0388815098, 798277.5886759184], [2035033.9313321724, 798300.1204550089], [2035009.344439088, 798315.3799389156], [2034984.4639114302, 798328.81888841], [2034961.3625796745, 798339.3477387634], [2034938.5601318486, 798347.6928664201], [2034879.930655925, 798364.7318743236], [2034837.5901894257, 798374.5100700136], [2034802.9518072603, 798379.201333583], [2034779.26911184, 798380.9933247546], [2034794.8294481772, 798489.1243420857]]]}}, {"type": "Feature", "properties": {"precinct_code": "32", "precinct_name": "NEAL MIDDLE SCHOOL", "county": "DURHAM"}, "geometry": {"type": "Polygon", "coordinates": [[[2057428.4767660948, 793413.1512263434], [2057270.1066760137, 793554.4435946833], [2057253.4990976742, 793568.9717808369], [2057214.3518662609, 793603.8408055787], [2056826.7410929184, 793948.5376227475], [2056659.187294171, 794096.0038632543], [2056431.1382095949, 794297.2285264306], [2056265.9603903433, 794442.8814503402], [2056211.988713504, 794490.4640323272], [2055997.890060334, 794675.7021789207], [2055757.6930341732, 794887.1016905004], [2055566.1268162578, 795057.8254304166], [2055460.2641670858, 795151.176949761], [2055248.5411653358, 795337.5174563415], [2055282.8042201686, 795378.7155366696], [2055309.6886808432, 795407.8873943384], [2055368.796502264, 795460.7806612425], [2055390.9664054231, 795478.2950619196], [2055466.6591674224, 795527.2158958188], [2055511.0189868375, 795551.3244434147], [2055618.9849782602, 795597.3945612574], [2056447.556155756, 795922.2190428337], [2056492.5232574192, 795937.5940120738], [2056548.743945511, 795950.8065840846], [2056587.805875255, 795958.1622124101], [2056697.9053925886, 795970.7507699269], [2056742.007666587, 795974.1119836731], [2056858.934926167, 795976.8862563424], [2056905.9915905888, 795983.1654432578], [2056980.2663764213, 795998.2339826619], [2057012.5140153477, 796008.4888834178], [2057044.4604737603, 796021.2916793454], [2057104.4980833367, 796050.5291536814], [2057260.605710759, 796151.3009337586], [2057302.2962441742, 796176.8632185954], [2057344.58552967, 796198.7867311602], [2057382.1507432628, 796214.5127495708], [2057460.249996512, 796241.2384179247], [2057503.151485503, 796252.9706779323], [2057549.0198320877, 796261.068758842], [2057604.9626335958, 796264.454578826], [2057697.031019002, 796262.81514641], [2057736.7064645882, 796258.8889731894], [2057790.302486003, 796251.3499462551], [2057979.5373437558, 796214.5931300161], [2058060.085739092, 796200.1915840041], [2058239.2362994254, 796173.6089600015], [2058280.0931730848, 796171.14177334], [2058317.3926391753, 796171.2159201701], [2058388.7255017615, 796176.4537705913], [2058424.239538341, 796181.2565825057], [2058461.2279814202, 796188.9744148328], [2058481.6413264263, 796195.2034050028], [2058552.0548995137, 796216.0924708328], [2058590.2172247611, 796228.9090462694], [2058621.2752335086, 796241.3473415782], [2058628.3743006743, 796244.2735168315], [2058678.9490026694, 796267.3075915091], [2058727.1536306757, 796291.4286062472], [2058772.0980945993, 796317.3635937591], [2058790.7214169204, 796330.5052997613], [2058816.1432820873, 796348.7569036719], [2058856.6212195016, 796387.787665499], [2058895.886889012, 796440.6484521927], [2058921.5548166763, 796483.6536154983], [2058958.7073014225, 796556.8949388429], [2058973.737455086, 796590.414556846], [2059196.8164052505, 797092.8394049994], [2059215.6854620145, 797130.7349985082], [2059240.1765547562, 797169.73393625], [2059258.7719900033, 797196.3447754143], [2059278.263748931, 797218.9529979199], [2059306.34505759, 797239.0303855839], [2059335.0287272637, 797254.0129671735], [2059346.8590841726, 797259.133035681], [2059360.4647000148, 797264.6205575035], [2059385.0194409178, 797271.9505953357], [2059419.046931923, 797279.2996620089], [2059492.4368770139, 797290.3685374968], [2059929.5468951778, 797344.0390338458], [2060094.1148075033, 797352.7473497546], [2060214.581102014, 797359.1823762517], [2060285.913308427, 797362.9687860075], [2060529.2382810854, 797363.8329575033], [2060608.5727680915, 797362.9044816837], [2060648.7688819158, 797536.6226381655], [2060703.924611509, 797776.2583137562], [2060735.6437081713, 797897.5408796052], [2060748.58364293, 797938.337385925], [2060763.5950958438, 797979.5023298429], [2060795.705924003, 798054.191813008], [2060830.486694334, 798125.9748059326], [2060865.580456167, 798189.3860964148], [2060874.4268951712, 798205.7850137537], [2060884.7487249214, 798224.371262676], [2060889.1699759208, 798233.4808245003], [2060963.740364835, 798387.6140464267], [2060993.7947666782, 798454.2910784223], [2061019.1241123392, 798515.498305079], [2061041.7851562516, 798578.8840050818], [2061054.7237786802, 798620.044683923], [2061070.0144305069, 798668.8546256768], [2061094.9887900045, 798758.4541840283], [2061132.5451453496, 798917.9712534235], [2061140.1806287635, 798947.1083342643], [2061159.852833509, 799023.9566057628], [2061233.608591514, 799283.289420421], [2061250.3264058388, 799357.2193906854], [2061261.1380640103, 799424.5850695824], [2061268.6994005875, 799489.0314630178], [2061271.2623875884, 799537.4509855898], [2061272.261073263, 799626.2729864317], [2061268.8877204203, 799682.6885560006], [2061261.702695429, 799721.6231894187], [2061251.2729262575, 799755.0909702636], [2061188.7704265874, 799920.2238420777], [2061116.5563321707, 800058.763591253], [2061014.328518258, 800254.7559814097], [2060992.0319749287, 800301.6676330115], [2060981.6287805154, 800322.7591262587], [2060945.9405316706, 800404.5886869995], [2060929.2653681794, 800452.6043390014], [2060921.5048850041, 800483.8936465094], [2060916.409094675, 800514.8243589116], [2060913.0852824296, 800547.5788865845], [2060909.6620609325, 800628.3835149992], [2060911.0783966794, 800658.963834426], [2060921.8352649205, 800752.9022948379], [2060931.191873505, 800808.2522497674], [2060946.1616598356, 800868.7098060112], [2060964.6937750117, 800924.0787897445], [2060970.5799180872, 800940.1079571649], [2060985.2980645003, 800979.0881941864], [2061071.203076424, 801230.0739126588], [2061099.4458020916, 801312.4001915805], [2061111.8010923415, 801348.8276121769], [2061165.878740089, 801532.4046728358], [2061180.8642744257, 801584.8540430008], [2061221.1253487635, 801722.9003548215], [2061258.9405618461, 801898.0712643446], [2061284.145892009, 802017.1573122431], [2061302.0480871806, 802089.9980458252], [2061318.7550747532, 802168.2964456689], [2061322.8416807503, 802195.6064304312], [2061325.1720566764, 802213.4479301706], [2061328.3397012486, 802255.6804572475], [2061328.839700253, 802299.7276132656], [2061326.0119500025, 802378.3495032479], [2061324.4902995077, 802398.3671797533], [2061301.7557649168, 802655.6796572504], [2061295.7019712636, 802720.0981635938], [2061289.0641892548, 802780.8752730107], [2061282.4237825877, 802842.7442437505], [2061275.791249931, 802900.9731299212], [2061269.5530734211, 803053.8474960793], [2061270.6747903363, 803083.6991424308], [2061282.6534409237, 803158.347615162], [2061300.2452692536, 803237.7401729181], [2061327.8623400019, 803334.9903065212], [2061344.3416377604, 803380.1627883185], [2061362.6037403329, 803422.062967006], [2061371.7425015853, 803439.1908854945], [2061380.8806066818, 803456.682976495], [2061432.4923800982, 803543.0627250063], [2061554.0121501703, 803740.6144952637], [2061563.1555045852, 803755.5583630041], [2061698.2503787559, 803970.612394838], [2061831.868877919, 804183.1155787528], [2061870.2310059215, 804235.9786619988], [2061905.652851089, 804279.7354642651], [2061931.639347671, 804306.7275362673], [2061961.7665840085, 804334.8206559177], [2061994.8541162612, 804362.5555085877], [2062025.8793166713, 804385.9183227499], [2062083.5064980083, 804424.9897669321], [2062198.485270679, 804493.3042628331], [2062367.5754836795, 804583.2112352621], [2062545.5567550047, 804666.5857404183], [2062583.403464093, 804682.683149179], [2062772.9253947588, 804766.0835729259], [2062952.6865181795, 804846.5522440086], [2063126.2232445946, 804931.0127049978], [2063206.348412425, 804965.766572499], [2063272.8807596695, 804991.0270206833], [2063486.3950964203, 805062.8352760084], [2063562.9858225156, 805089.5740676717], [2063692.803476258, 805135.7216131707], [2063704.6321927607, 805139.751460759], [2063748.3994936806, 805154.407271342], [2063828.538441004, 805182.2464544957], [2063924.0553103383, 805215.2158767421], [2064028.1308895962, 805258.7607371637], [2064107.9470029168, 805298.6126915886], [2064250.7134496702, 805377.1886499258], [2064339.396671251, 805421.7928914318], [2064359.876289085, 805529.5869671849], [2064367.4619038391, 805579.110162092], [2064372.0941124272, 805626.0785721054], [2064372.8710137596, 805676.6788645805], [2064370.7043514238, 805719.9924262561], [2064366.7680075935, 805760.7538276783], [2064353.902547762, 805824.7927415735], [2064336.8120307638, 805926.316488681], [2064322.3770202545, 806031.4862258427], [2064303.6303385932, 806213.8185383303], [2064266.520176588, 806538.8057492614], [2064259.345650254, 806571.9159192558], [2064246.2318313436, 806614.4771858361], [2064216.7578089244, 806695.5889002446], [2064184.9484893368, 806762.1350270032], [2064148.7021707604, 806827.9432943334], [2064127.0253768398, 806862.1135015839], [2064108.3226583456, 806889.3742738378], [2064067.3555486794, 806948.9837346654], [2063984.2189039274, 807076.9372189179], [2063916.5379369275, 807173.9829565837], [2063889.5248675945, 807212.8742830016], [2063874.0737830084, 807241.9621513338], [2063858.9058343475, 807276.8751392568], [2063827.3632464998, 807357.6187441786], [2063805.631662669, 807417.2705277603], [2063756.9470487544, 807624.6556116781], [2063723.7581387593, 807782.5680254992], [2063716.852640764, 807828.4193117613], [2063702.970778762, 807952.88362975], [2063700.8195363428, 807989.6450391678], [2063700.1213750094, 808038.7860170096], [2063703.0163823355, 808204.7850288395], [2063705.245380504, 808268.4932347536], [2063710.342811258, 808374.0701233486], [2063718.6712066692, 808490.5741554238], [2063716.4901086695, 809223.3407345118], [2063710.4317218352, 809288.1230852652], [2063703.8280605078, 809331.4271324993], [2063678.445565344, 809438.0299376711], [2063670.9993860119, 809460.5830421735], [2063658.5046603368, 809491.4976785146], [2063628.7717801768, 809557.6848820838], [2063607.940128923, 809612.606688261], [2063601.6711125982, 809638.0744850972], [2063562.8004554221, 809688.22497532], [2063503.7612034231, 809760.5374947473], [2063487.7431908392, 809779.0676414205], [2063475.8767447628, 809793.2388729139], [2063437.3266250056, 809832.1055930799], [2063407.6685478378, 809864.0753454192], [2063382.7538994986, 809891.6871668388], [2063366.7194827644, 809917.8619832502], [2063355.4189804217, 809944.0469702516], [2063346.7283810088, 809994.9910940824], [2063323.9488990004, 810130.3572931692], [2063112.7019461696, 810121.8943835988], [2062908.7978264259, 810138.9297825927], [2062775.016926007, 810157.2086174281], [2062484.335092679, 810213.0119834873], [2062326.562442348, 810243.2543770808], [2062025.521377757, 810301.5885780001], [2061927.8388303365, 810320.3113095887], [2061646.3374248429, 810373.9581839318], [2061375.790393754, 810425.0824254893], [2061207.3711111704, 810453.8527091682], [2061332.780637264, 810617.5594027592], [2061468.5175705107, 810794.3927105002], [2061565.3031380912, 810920.1824851704], [2061678.020432338, 811067.4830435846], [2061890.7513060868, 811351.502488669], [2061947.9706798354, 811437.1679997438], [2062021.0847068424, 811561.8173567498], [2062034.9271988438, 811592.0600784085], [2062057.862192346, 811659.8165045847], [2062096.9346207534, 811791.6745085856], [2062112.4824899286, 811854.6829127577], [2062128.5936781769, 811931.1614343518], [2062151.379721834, 812069.1732974281], [2062182.0171277542, 812271.6338505013], [2062190.2251165942, 812307.6892245759], [2062202.8504194177, 812353.5825055087], [2062215.194226755, 812392.558805509], [2062265.2164364313, 812522.2563807447], [2062329.3924891795, 812674.1891477646], [2062394.7817940845, 812811.9280455124], [2062435.1422776715, 812893.1903501799], [2062453.9880405061, 812935.0928254288], [2062470.1645173428, 812980.2659634213], [2062481.912853421, 813020.69731302], [2062490.1139525014, 813059.6650828575], [2062501.4541529282, 813152.8784790899], [2062507.5013849295, 813230.7920371674], [2062509.1014473436, 813313.0641823366], [2062503.2553304287, 813557.6739293268], [2062503.894436763, 813674.5260578482], [2062505.8986978394, 813705.8363626753], [2062512.6234219207, 813743.3448178191], [2062555.4547010947, 813913.7978890104], [2062591.0113885112, 814027.0844078254], [2062624.8275938346, 814123.986116917], [2062673.9646346737, 814250.4064677524], [2062888.8060685098, 814776.8771995864], [2063066.8290064204, 815224.6417240041], [2063125.40172392, 815363.8241884215], [2063239.5858787582, 815642.5467280884], [2063269.00675167, 815717.9625877487], [2063333.3717804241, 815913.9451354268], [2063355.3979830875, 815988.617230178], [2063371.5216385112, 816056.7243774178], [2063383.7899866716, 816129.1910960092], [2063395.97729826, 816239.1521621939], [2063410.894263179, 816455.0496962417], [2063412.8227370086, 816520.9419529361], [2063412.3909793359, 816583.916892582], [2063409.2912480093, 816649.4344780863], [2063403.8004453327, 816726.2312405147], [2063396.2456704215, 816800.1116701638], [2063386.948444916, 816858.6991514312], [2063346.6086305974, 817046.0836191695], [2063320.9341412617, 817154.5069587489], [2063289.92829776, 817266.1953836698], [2063231.2341894198, 817460.4571342593], [2063222.8923425989, 817487.7408723381], [2063145.9823914175, 817762.04839459], [2063119.178639264, 817846.0803787527], [2063088.816823334, 817934.1084179264], [2063071.2348375022, 817994.1345446055], [2063058.387750343, 818053.4428249198], [2063051.4684728368, 818107.303281502], [2063047.506538509, 818161.5341441744], [2063043.6302339293, 818313.6877112483], [2063035.2719829218, 818900.1110790891], [2063035.3149618371, 819155.655843583], [2063030.290037513, 819291.7897576453], [2063017.8366503424, 819443.5607795749], [2062968.2422613353, 819811.118443421], [2062932.2410210054, 820047.2928398587], [2062860.9478564996, 820465.4035521725], [2062835.6339307567, 820684.1278522569], [2062828.4013336762, 820746.7245118261], [2062822.5975395157, 820832.6216497583], [2062823.4413698458, 820853.0090761634], [2062822.4325135958, 820909.7947237482], [2062826.991887674, 820990.6177248461], [2062840.0263104276, 821119.5101835777], [2062906.5648912636, 821539.0086884095], [2062941.9024190006, 821749.4905509079], [2062989.7451710843, 822059.0142100835], [2063021.3136775037, 822233.4498848373], [2063042.1098957513, 822328.1409684232], [2063065.0091281685, 822407.5473056696], [2063076.4851550916, 822434.8740226788], [2063115.666179089, 822507.3991400902], [2063141.0093042548, 822550.4085684866], [2063172.5604222578, 822594.8874821712], [2063304.1336499294, 822751.337628593], [2063395.5727715066, 822865.8387119117], [2063424.4854433401, 822899.0272938455], [2063432.4303093408, 822917.9737782588], [2063452.8006754238, 822935.126959157], [2063465.3836555027, 822997.4024251816], [2063476.5470190046, 823032.3731557481], [2063538.1266202629, 823277.1311964311], [2063553.6505393386, 823347.0575657489], [2063575.5648655903, 823470.5094185909], [2063581.9703645865, 823517.1185773453], [2063585.9762620933, 823579.3756706775], [2063586.1117605139, 823653.2731606663], [2063582.77580917, 823691.4886354179], [2063576.7859917576, 823726.0577920132], [2063568.7243280848, 823761.3510285002], [2063566.5570095945, 823806.1212801685], [2063552.9130080056, 823824.2931598334], [2063540.391707583, 823870.4971356697], [2063523.4629356714, 823903.2227920046], [2063510.6030532583, 823969.083552674], [2063491.8442325152, 824027.6510208359], [2063450.7737765915, 824146.5986175712], [2063366.8868052512, 824371.749414013], [2063299.3291975844, 824568.1774988297], [2063167.437072919, 824975.9663814141], [2063144.4955177596, 825054.9104492473], [2063130.4643778356, 825116.036639338], [2063121.1799475867, 825170.2566752534], [2063080.0802922559, 825441.7315259975], [2063068.6331366762, 825539.2661078437], [2063056.483226599, 825688.4905469309], [2063036.6236862536, 825985.129389353], [2063034.9917997562, 826056.4750471719], [2063036.7506545025, 826201.3612403428], [2063039.8120000956, 826290.5543034282], [2063050.1994465156, 826411.0691542599], [2063065.926121085, 826523.9511463424], [2063116.7032505115, 826839.671315417], [2063144.3911872525, 827028.2965943475], [2063167.0607613456, 827212.542945011], [2063190.3848616774, 827367.304446499], [2063205.584962503, 827449.6074314981], [2063221.9779743385, 827527.1804390834], [2063272.0959843397, 827735.511715337], [2063340.7926973414, 827967.1808714313], [2063368.9606200024, 828069.1695125878], [2063410.8581740123, 828249.0891002545], [2063438.657002925, 828248.0572781692], [2063506.0846895867, 828244.9267069881], [2063538.021633595, 828244.6317600808], [2063576.7528553465, 828247.6278171013], [2063641.1962960055, 828257.2324566703], [2063728.679060669, 828278.5355636831], [2063781.5723275845, 828296.123783079], [2063814.3639286768, 828310.7562997487], [2063909.166232513, 828365.5665575949], [2063959.6530081795, 828401.7151073314], [2064008.9419515873, 828444.7776852482], [2064202.472732515, 828651.2398707573], [2064372.716486514, 828823.0695795843], [2064494.8609272556, 828948.5630949853], [2064809.6411375839, 829279.7934036696], [2064894.0264675012, 829362.978276676], [2064944.4853560908, 829410.4135492443], [2064974.004654005, 829433.0486745726], [2065037.1944882567, 829473.2313370068], [2065097.1490927648, 829505.3989235798], [2065132.892459585, 829521.4953480944], [2065212.0766844302, 829549.3371559258], [2065251.3794273424, 829560.345336009], [2065278.2750428454, 829565.8656661675], [2065344.4947266714, 829572.9296284164], [2065408.0612005875, 829576.3472725045], [2065445.3216247545, 829574.9742437552], [2065490.5754712534, 829569.2508299984], [2065552.1055319314, 829557.7393700915], [2065600.920723006, 829546.19936693], [2065995.3388974206, 829431.322628175], [2066188.2679735115, 829370.9644811712], [2066232.9466899205, 829358.3244145889], [2066285.6047210824, 829347.522270842], [2066339.7358464315, 829339.2719592603], [2066356.0048427584, 829336.760481348], [2066390.6051672557, 829335.0186869124], [2066467.774632335, 829338.1056230098], [2066502.6600612546, 829341.0967587539], [2066543.749217927, 829346.6502253411], [2066587.489616005, 829356.5783550998], [2066642.4491517553, 829374.1764170018], [2066718.6727525906, 829403.1074615062], [2067056.322339759, 829547.6678679305], [2067499.44448501, 829729.6054961687], [2067968.2476812608, 829928.3544425064], [2068299.3966252503, 830065.633367426], [2068323.0186252615, 830079.8856355086], [2068489.817504257, 830193.4871143411], [2068573.0683220015, 830250.4699400157], [2068728.0181433414, 830372.4175307602], [2068941.9770330056, 830548.3810895896], [2069049.9978143433, 830633.0892534928], [2069138.5471779248, 830699.1868903285], [2069222.9617072635, 830763.0909620122], [2069312.972025929, 830836.1088605832], [2069428.6095899183, 830949.959026585], [2069453.9717439273, 830978.049193502], [2069476.9664485885, 831006.8621279954], [2069499.6596446766, 831038.2223015073], [2069549.7425497626, 831115.1506253398], [2069617.770957009, 831230.3449487573], [2069648.665908336, 831294.123364499], [2069684.222923847, 831386.6710796735], [2069703.0112720889, 831443.5039712469], [2069710.8951145855, 831485.3861053486], [2069722.6716658461, 831631.0255778468], [2069723.7323592603, 831682.3561838381], [2069719.3741002516, 831774.4449104256], [2069616.2706319257, 833358.8187101663], [2069617.9550117564, 833521.1799340073], [2069621.0534307517, 833585.9845944231], [2069629.464175092, 833654.8059790856], [2069642.9162479197, 833717.0870224934], [2069665.4965833416, 833795.0429033344], [2069678.7117800133, 833832.5694030917], [2069696.6487520048, 833873.7474703236], [2069718.718589751, 833917.4832752523], [2069733.7343077508, 833943.7292857652], [2069766.717837588, 833998.0480747534], [2069841.2646045107, 834104.1577706728], [2069876.6329720898, 834150.1097785135], [2069908.7795613417, 834183.3131241697], [2069993.7770947525, 834245.7647709188], [2070234.6424266712, 834405.4212757323], [2070291.9126533421, 834440.869367569], [2070443.4018516697, 834514.4023570085], [2070564.7815301714, 834568.5705557703], [2070801.9595335135, 834661.2413021814], [2070839.1697609292, 834678.0765703287], [2070883.7526770085, 834702.574224749], [2070924.1938690823, 834728.1538980044], [2071084.7184824196, 834853.7684761639], [2071120.4237915885, 834881.5213734242], [2071180.311467098, 834934.0868850898], [2071256.1295569255, 835000.5244162414], [2071386.4869077513, 835130.0717293296], [2071455.4884101734, 835203.0456647566], [2071663.4171281764, 835405.9537235068], [2072007.582450344, 835748.6206890868], [2072304.8499004226, 836044.5800709233], [2072494.4971589295, 836223.4232171798], [2072597.1514811672, 836313.9565006784], [2072715.7965850995, 836393.244727923], [2072710.348433256, 836325.1575937561], [2072714.1791342658, 836210.8615625044], [2072739.9130066773, 835131.5750071811], [2072751.7532060887, 834648.536275085], [2072755.6862690886, 834493.1054835876], [2072758.3791770947, 834360.9692649216], [2072789.7081826772, 833053.4525230085], [2072798.0670898398, 832782.6354793404], [2072801.3587499273, 832647.5885053478], [2072853.323212921, 830413.3091812569], [2073510.040403424, 829940.9817138491], [2073766.567777516, 829758.1549797563], [2074400.4933469296, 829306.5400693472], [2074416.490362167, 829294.9318248363], [2075296.9095330841, 828667.772974178], [2076830.0314668403, 827575.6590166657], [2076883.2091820098, 827595.0917206048], [2077903.6041228469, 827972.365900425], [2078271.695250169, 828108.7632654208], [2078387.7944274263, 828151.6644263401], [2078518.9545981742, 828201.886766836], [2079162.6642687619, 828438.4135247596], [2079745.2110039287, 828653.6745771759], [2082329.6392340073, 829609.8304732527], [2082807.8689205959, 829786.6372062498], [2082846.802569764, 829716.4897087525], [2082900.895965503, 829618.3547344136], [2083068.8208265007, 829315.2300126054], [2083424.5963616662, 828672.6374657524], [2083834.1880621747, 827933.0077114243], [2084633.5178283441, 826489.0204419172], [2085063.9798939247, 825711.975079991], [2085374.94974442, 825150.4565180131], [2085444.2209313372, 825025.432817919], [2085528.3592145157, 824873.1509702487], [2085933.2986933442, 824142.2764477577], [2085997.521333919, 824025.9761554156], [2086068.5805750054, 823898.0469493502], [2086437.569994508, 823231.87144442], [2086480.0774554308, 823159.1914716683], [2086527.9612179268, 823068.6900122596], [2086883.1110981712, 823088.3041462551], [2088032.2462670968, 823151.0635351653], [2088309.6220246712, 823166.4575332557], [2088500.9471013395, 823176.8623680895], [2088620.7096570893, 823183.4118956787], [2088772.4075164197, 823192.2429147639], [2088929.4308244288, 823200.3626491736], [2088809.2424165003, 822747.8786459969], [2088696.0664617573, 822322.718735175], [2088615.3012033394, 822035.6228526713], [2088347.7469484226, 821013.3617738371], [2088060.2370247531, 819932.0722697434], [2088008.7564846727, 819738.9850575024], [2087942.653270424, 819489.7942829302], [2087808.3917279246, 818985.2185204158], [2087670.3224502518, 818466.4357653343], [2087521.1321318464, 817905.7580809251], [2087327.4701175822, 817177.498054496], [2087269.254026683, 816958.1828763323], [2087191.1380411673, 816665.6401543331], [2087099.276676341, 816319.1815296744], [2086983.709650263, 815885.2877124365], [2086802.0157879298, 815202.5712300807], [2086715.703624593, 814877.2441248337], [2086699.3152059163, 814816.7678678326], [2086490.6899670071, 814032.0486367464], [2086362.8181755103, 813550.7989430884], [2086316.289725259, 813376.2956831753], [2086301.0604250152, 813323.467704827], [2086205.3831229198, 812959.5288001845], [2085988.241496847, 812143.8480168429], [2085598.7179976702, 810675.3407832485], [2085561.8430714314, 810535.8135032482], [2085478.1047218444, 810231.6123400019], [2085399.9539595111, 809938.7123352496], [2085341.7086691712, 809719.4027344923], [2085264.4309365915, 809430.5099396057], [2085213.2036768338, 809239.250807675], [2085150.2687633326, 809003.5472108274], [2085112.2153617584, 808860.7407379113], [2085053.373615922, 808641.430152908], [2084988.6818161746, 808398.4417937527], [2084932.7688702624, 808188.9684594077], [2084837.9199785907, 807833.7749440869], [2084805.6838225862, 807724.8401225952], [2084805.4092168347, 807717.5589691601], [2084800.6956435898, 807710.2650204946], [2084339.6276680971, 807000.1913094296], [2084251.519576595, 806663.9488716823], [2084153.9521864203, 806323.3111015097], [2083900.766013012, 805449.3053035929], [2083747.2112020105, 804917.3998713313], [2083444.1609550861, 804502.2845598522], [2083420.5734038362, 804471.2760916731], [2083344.8130566762, 804366.2238083369], [2083339.8015837523, 804359.2930479237], [2083308.25801167, 804315.8853263357], [2083081.2574814258, 804004.7350300117], [2082710.0886043462, 803495.1543562539], [2082378.4091495862, 803041.3842664211], [2082093.6009921716, 802651.088131009], [2081835.9105626778, 802298.0002545059], [2081685.8340911707, 802092.2765845968], [2081584.1171030118, 801950.7552140958], [2080992.9204507624, 801142.4576180928], [2080889.6555654248, 801023.1392871744], [2080769.6371046756, 800860.8216984264], [2080623.1206654313, 800646.7414179227], [2080575.6502879274, 800579.9961445915], [2080464.2059570095, 800419.8872128571], [2080187.0195035045, 800038.0041183352], [2080033.6759781686, 799827.9123469257], [2079898.0246746682, 799641.8946743446], [2079767.6797910028, 799463.172590842], [2079638.512070342, 799286.274322587], [2079298.4819105114, 798820.5058971635], [2079096.7605291742, 798543.6741017502], [2079058.1201865093, 798492.9717753391], [2078918.037789509, 798298.9390269154], [2078827.7905946663, 798175.2952453203], [2078696.5464345957, 797995.8477695825], [2078488.0297912513, 797709.9014910962], [2078325.224342586, 797486.6896671661], [2078296.9097666726, 797448.0286552759], [2078284.2217999247, 797432.7061793334], [2077999.0160055025, 797039.5389866572], [2077902.5670514256, 796907.5097231712], [2077851.2482564307, 796836.026598435], [2077798.44914943, 796764.539864752], [2077591.6831587565, 796481.517136846], [2077532.3965319232, 796400.1852785039], [2077473.1092489206, 796318.8537482641], [2077373.4112855943, 796182.0853210111], [2076584.0519719266, 795100.7134679988], [2076465.4659230106, 794938.4181889364], [2076400.3358039248, 794938.6127423346], [2076335.2040444158, 794939.5356407665], [2076029.6859546772, 794940.199681416], [2075961.32979217, 794928.7384182588], [2075908.6569972646, 794919.866060675], [2075787.331780597, 794899.5321118366], [2075667.177493332, 794884.2978903351], [2075463.21628709, 794879.405183585], [2075327.4235796798, 794843.747446507], [2075195.04261084, 794747.3086630187], [2075164.5689185113, 794739.9504100017], [2075112.7865417595, 794729.9898000092], [2075066.0441811688, 794717.1295895029], [2074950.882666097, 794717.1997993491], [2074934.5910320133, 794720.7985454192], [2074883.344743431, 794732.6804114257], [2074826.7674287555, 794745.6406873204], [2074752.1199402513, 794762.9234611678], [2074665.3435390159, 794776.8994830912], [2074569.9782441691, 794792.3098853357], [2074501.2677516802, 794803.4200993363], [2074432.5933483387, 794800.3338194153], [2074391.4487455953, 794798.0457662486], [2074377.8391927625, 794794.7350773313], [2074351.5072244243, 794788.4801685937], [2074340.5610520858, 794785.5402138454], [2074308.015513508, 794777.8138513556], [2074172.0141450907, 794706.8513948384], [2074077.508756668, 794615.9732957477], [2074041.198133754, 794575.1121570067], [2073977.2166344223, 794471.5710254947], [2073961.8846440914, 794446.7794084268], [2073884.3395235818, 794321.3636487518], [2073791.426323593, 794184.9889215113], [2073748.4080369188, 794103.3417750916], [2073708.4264895925, 793991.125136002], [2073668.445598425, 793878.5443244282], [2073630.9827468414, 793824.2124120889], [2073588.5792883341, 793733.1026861684], [2073546.175173671, 793641.9929602479], [2073449.8843557527, 793434.2643730999], [2073419.2597450914, 793367.9370779311], [2073238.7889774286, 793080.2798448347], [2073193.0800793467, 793007.7274964891], [2073169.7855065023, 792969.8118899212], [2073136.4601138378, 792917.675183175], [2073100.188532843, 792859.7067951764], [2073075.7131880978, 792820.3322019983], [2073058.607579263, 792793.7167696506], [2073041.2096481773, 792765.6443192495], [2073037.3691046685, 792762.3588927652], [2073023.5154578376, 792737.5715407742], [2073003.1450917579, 792714.2238184179], [2072943.5100404164, 792645.6412784137], [2072932.3201021713, 792621.2246605919], [2072902.288666175, 792553.8078006804], [2072888.4674995847, 792515.915816086], [2072878.761482254, 792490.0467733435], [2072866.4114413394, 792455.7991384367], [2072843.4734950955, 792393.1319409099], [2072829.3941269221, 792339.9509449176], [2072811.793112263, 792274.0209586759], [2072808.026387512, 792240.8865105038], [2072792.9936091732, 792213.9121549992], [2072769.3686564283, 792189.4646973519], [2072757.3053603466, 792158.8578031673], [2072743.4605717505, 792130.4303665841], [2072712.1358312515, 792106.6918969855], [2072691.1841015057, 792078.611244496], [2072670.5276467518, 792050.8950925927], [2072644.250140266, 792021.3449548333], [2072637.7557306727, 792013.6845370894], [2072631.2600087523, 792006.3882918253], [2072626.8315399308, 792001.2813466736], [2072618.26528409, 791993.251835169], [2072590.2059570104, 791965.8814830948], [2072564.5190004993, 791937.0610026707], [2072555.9570097637, 791927.2116129211], [2072543.55185084, 791915.1683299266], [2072527.009561091, 791899.8389642481], [2072519.0354956707, 791891.8110931659], [2072506.3330932555, 791880.1313265071], [2072494.2209127555, 791869.1808890861], [2072482.9961976712, 791858.5969207481], [2072470.2974041696, 791845.4611202589], [2072466.4575168334, 791841.8115212625], [2072446.6717952627, 791821.0139906721], [2072425.1249223338, 791794.0238871711], [2072417.4487565903, 791785.2686553386], [2072397.3910539295, 791754.6420761644], [2072388.0098390875, 791716.7615744941], [2072347.808475925, 791690.4538843303], [2072311.487354337, 791651.4149204192], [2072300.8948558413, 791624.4520478479], [2072292.4125893426, 791582.2054131784], [2072266.509097843, 791520.6235153362], [2072251.7483005954, 791503.1146920795], [2072231.3782625957, 791479.0396090006], [2072205.4193250083, 791440.0265636662], [2072181.805527093, 791410.4836437496], [2072165.269142837, 791392.6063829225], [2072149.9125462635, 791376.551953097], [2072127.7931679185, 791341.1885067452], [2072117.1950920087, 791316.4093568382], [2072117.0205516673, 791266.9032222616], [2072111.123253763, 791257.0603941736], [2072091.069488095, 791224.6142648472], [2072066.5413219165, 791205.6251296056], [2072032.3068103336, 791160.4037633415], [2071990.7281533482, 791091.5033106004], [2071976.5733260065, 791068.1719924305], [2071953.866022333, 791030.9870274207], [2071939.1219573473, 791006.5618794219], [2071920.8388574275, 790976.3040659343], [2071912.876603008, 790963.1804045037], [2071886.926523672, 790920.1631020883], [2071855.3731090864, 790868.032300832], [2071838.269796833, 790839.5973183413], [2071824.4089321808, 790816.994673256], [2071799.9319470096, 790776.8933754946], [2071781.6495032592, 790746.2717176016], [2071760.4169341759, 790711.2747403467], [2071723.5548031793, 790650.3946127709], [2071697.8993426722, 790607.7424670904], [2071642.1638898412, 790515.5113523465], [2071590.8496880087, 790431.2992504245], [2071586.1318496754, 790423.2795814264], [2071562.9937725968, 790319.4795921737], [2071551.8638735842, 790269.5827103456], [2071540.7310218364, 790220.7780179192], [2071516.1264122587, 790111.1502844214], [2071504.73207809, 790048.1484419248], [2071492.6914197514, 790007.3496389925], [2071469.2574115084, 789903.1851491767], [2071438.2069486692, 789765.1490079227], [2071369.934119345, 789469.7690212692], [2071344.7622536707, 789349.2197216745], [2071336.853476838, 789313.8913802435], [2071328.9433876723, 789278.9268832504], [2071318.2777265892, 789281.4491879151], [2071270.577690751, 789292.9819732617], [2071216.6555545037, 789306.3195450011], [2070943.1948153363, 789373.0005139945], [2070568.4111160915, 789464.1935730844], [2070214.9607074996, 789550.3459598429], [2070204.8872368324, 789552.8702330041], [2069786.5570367584, 789654.5255415064], [2069757.8189052658, 789661.737469346], [2069471.9211830935, 789731.6786024419], [2069021.3033179177, 789841.2768084207], [2068738.0765221727, 789910.1395315819], [2068404.485982, 789991.6282137423], [2068212.8029664315, 790039.5962936674], [2067474.826752098, 790218.8072213457], [2067392.1704213452, 790239.3662353473], [2067355.7334863404, 790247.2910882429], [2066956.38356325, 790344.2981120875], [2066609.1752681723, 790429.052207687], [2066509.9313721803, 790453.216201337], [2066497.192224429, 790456.4635701766], [2066415.7232272625, 790476.300144658], [2065735.240336256, 790641.8519789269], [2065648.1443818344, 790662.770244169], [2065358.1187151654, 790733.834406506], [2065098.3118200914, 790797.3237808396], [2065002.9219190027, 790820.4096926756], [2064844.728665845, 790858.6455085931], [2064808.2904185043, 790867.6655036747], [2064699.2732480918, 790894.3623006813], [2064296.977792844, 790992.4910414236], [2064272.982434006, 790998.2626834152], [2063828.6243988443, 791106.4980312439], [2063632.811142178, 791154.4871084926], [2063477.5821219222, 791192.737032012], [2063063.7433826767, 791293.0416214134], [2062064.8513515892, 791536.2599669992], [2061944.582891346, 791565.4912077663], [2061681.5299397542, 791630.8244104205], [2061360.719885842, 791707.6877737481], [2061064.495084582, 791779.8733249179], [2060669.0375421792, 791876.2458355811], [2060531.0132119206, 791902.5341688341], [2060041.0499530132, 792029.2976948394], [2060020.0184990014, 792034.3511624151], [2059994.840071679, 792040.4879611741], [2059964.9221525039, 792047.7071068423], [2059924.0436253415, 792057.8160105041], [2059886.4242780048, 792066.8396145141], [2059843.472592265, 792077.308425579], [2059839.621550085, 792078.3927410127], [2059835.474248678, 792079.4764002609], [2059825.1064872597, 792082.0032980812], [2059803.483170928, 792087.0554533507], [2059777.7118970018, 792093.5554403479], [2059765.2709770042, 792096.4422455849], [2059745.1279726757, 792101.4973535783], [2059737.7224756773, 792103.3024680918], [2059728.5397512629, 792105.4678180915], [2059708.989593505, 792110.1603940091], [2059686.4771713468, 792115.5747532522], [2059659.5218446697, 792122.072115581], [2059641.4519989183, 792126.7676442552], [2059628.1219730985, 792130.0166535124], [2059605.0176885873, 792135.430028491], [2059579.5430020075, 792141.5668272405], [2059559.6962569207, 792146.6225914243], [2059541.6270673436, 792150.9542756744], [2059524.4463274174, 792155.287600347], [2059510.5244392625, 792158.5356253396], [2059501.3417148455, 792160.7009753439], [2059480.3105889254, 792165.7544429151], [2059452.4661564233, 792172.6143373337], [2059426.1026920974, 792179.1133400894], [2059389.3717944163, 792188.1395687725], [2059373.9689380974, 792191.7484854093], [2059347.9017330117, 792198.2481443415], [2059336.6458500037, 792200.7734017674], [2059322.427374513, 792204.3849430772], [2059298.4339841749, 792210.1605220898], [2059256.3717323383, 792220.268113413], [2059198.0168621682, 792234.710997933], [2059145.2912458493, 792247.3454870858], [2059097.304137094, 792259.2614737577], [2059055.538144514, 792269.3697212433], [2059009.9207816739, 792280.5626122416], [2058954.825419426, 792293.9205251746], [2058909.2083846782, 792305.1134161683], [2058852.9276573353, 792318.8332050008], [2058692.9729247545, 792357.826565341], [2058629.5832877622, 792373.3527810305], [2058521.1714310958, 792398.9816667619], [2058237.992863594, 792468.6737845818], [2057963.7030578388, 792535.4738478418], [2057824.1889011716, 792569.4163652654], [2057781.2332784233, 792582.8001967474], [2057740.318990172, 792461.139350845], [2057420.9981065097, 792694.9384239161], [2057492.132806765, 792957.1669020951], [2057656.541598676, 793210.8422477518], [2057617.690298422, 793245.3474280838], [2057596.6339100897, 793263.8706850117], [2057579.7284320884, 793279.1262319203], [2057478.0042260895, 793369.2024953286], [2057428.4767660948, 793413.1512263434]]]}}, {"type": "Feature", "properties": {"precinct_code": "09", "precinct_name": "FOREST HILLS CLUB HOUSE", "county": "DURHAM"}, "geometry": {"type": "Polygon", "coordinates": [[[2019524.388204338, 803562.1302721502], [2019598.5973735002, 803675.0247314259], [2019637.916848674, 803738.3900902536], [2019705.024326013, 803848.3678886803], [2019724.5357699231, 803880.0505680942], [2019758.823431, 803943.7764905198], [2019788.078621835, 804008.5913215023], [2019825.006369503, 804106.5366636683], [2019843.6106630138, 804166.612002828], [2019860.1332677612, 804241.2466960876], [2019873.6890149256, 804326.4358301706], [2019877.2119737573, 804368.664092185], [2019880.127322258, 804433.8250510846], [2019874.106008842, 805022.8009072344], [2019874.0827149285, 805057.0186865944], [2019888.7250740977, 805285.2672458442], [2019906.3949862558, 805412.6852980994], [2019929.3476962605, 805604.5382608379], [2019942.860792591, 805751.9743176633], [2019946.36144176, 805826.236308257], [2019951.3269830043, 805922.3404467569], [2019952.1471913462, 806021.7178726777], [2019972.6149981786, 806820.7507234276], [2019988.2317648372, 807354.4120576661], [2019994.8751242594, 807593.2124330944], [2019996.0342426733, 807629.2510749268], [2019997.5280060936, 808043.1409951684], [2020047.2296783463, 808059.5556604988], [2020766.1442510057, 808262.813456085], [2020928.5645298369, 808308.7949914171], [2021053.7063399237, 808346.0144051713], [2021627.046400592, 808516.4274501747], [2021671.7165868443, 808532.1131143416], [2021717.568529262, 808549.9841415815], [2021765.4883809227, 808572.2245826697], [2021808.9679527571, 808596.6461217493], [2021847.4166947615, 808622.1559132515], [2021873.7345555143, 808645.4727957593], [2021931.095333172, 808704.8506297574], [2021946.7645931707, 808723.0631917538], [2021960.6602346757, 808739.090390673], [2021981.349825843, 808770.4115222477], [2021999.373739929, 808805.0069254987], [2022226.8437574203, 809299.5157790077], [2022240.1370379173, 809328.6472824143], [2022277.0720034242, 809397.110728166], [2022286.2334024291, 809412.0424568244], [2022315.785836757, 809460.8435403366], [2022341.5013364987, 809496.9008829264], [2022374.9064534293, 809537.6964050002], [2022413.3391193468, 809581.4079317651], [2022447.04508868, 809615.6516296694], [2022522.7417876725, 809683.4172421757], [2022548.1725110868, 809704.1855733305], [2022565.619326591, 809718.3958467565], [2022748.0772950067, 809857.227918194], [2022812.2487545894, 809904.6001987588], [2022869.6141254294, 809952.6952469182], [2022889.4323272542, 809960.7191810025], [2023006.242133006, 810045.9909920924], [2023168.2913495908, 810169.8847731818], [2023215.9014905842, 810205.2321434072], [2023269.4282864186, 810241.3124518453], [2023382.4008295096, 810312.0219561023], [2023439.1973038458, 810329.1761212557], [2023478.5069365064, 810753.2901024232], [2023511.6620539294, 811102.7756239092], [2023542.1705230938, 811430.7818576671], [2023580.3213654323, 811820.3135589253], [2023585.8794251687, 811899.3104481582], [2023586.1435322626, 811938.9888464948], [2023582.7790376698, 812075.8576672475], [2023580.7652621707, 812372.8964432555], [2023575.8472930053, 812602.5892253374], [2023576.5999161734, 812770.403194159], [2023579.717692092, 813309.1560536784], [2023586.4292928425, 813793.67280117], [2023591.6244924227, 813955.6662435799], [2023656.7152415065, 813950.6222904085], [2023785.413474917, 813946.3578632665], [2023877.4887500845, 813864.8921469217], [2024021.3756014274, 813738.3300640924], [2024060.748554172, 813708.5125384204], [2024085.3210115875, 813687.7835772398], [2024137.1027321662, 813678.7255244901], [2024187.4015160967, 813674.0345890042], [2024425.2730875914, 813666.5870973371], [2024616.9938327512, 813656.5546370947], [2025319.6761544219, 813618.5658678963], [2025397.1933878371, 813614.2646954205], [2025672.3411315074, 813609.407421684], [2026030.0622008452, 813570.0439833465], [2026026.4011189213, 813361.4571301785], [2026018.053366588, 813099.3549640903], [2026016.6124245962, 813056.0351688414], [2026035.8312181686, 813069.5210342595], [2026060.941732259, 813111.7696374257], [2026087.5378076748, 813146.7390556718], [2026120.6410879192, 813183.8987582627], [2026211.3876255897, 813275.3487065872], [2026397.6083817622, 813462.9861265902], [2026762.3589645931, 813829.5208265928], [2026925.5220240953, 813989.4752311121], [2026951.2401485161, 814012.0680336677], [2027000.6173463482, 814044.1473658507], [2027152.3243920065, 814112.7230160912], [2027242.225458921, 814152.1205750755], [2027228.3478620069, 814122.9861189311], [2027060.653315514, 813746.0695499149], [2027010.753152848, 813638.6373500752], [2026993.034356251, 813603.6751496808], [2026962.6157819184, 813544.3117513309], [2026944.9051874296, 813500.2491754234], [2026921.9190129177, 813401.578440999], [2026903.9971327619, 813264.6902633402], [2026904.0381431745, 813219.9157465858], [2026912.0853711667, 813155.49166285], [2026923.376687169, 813102.3549580807], [2026953.6358130134, 813013.5618285722], [2027032.2216138383, 812814.5146545147], [2027086.2447997632, 812623.0898405053], [2027105.2857721755, 812508.4411196609], [2027112.440941589, 812449.4763426], [2027109.5997399222, 812322.4306649178], [2027049.2268291716, 811697.3525187464], [2027027.22359234, 811493.8450517448], [2027014.313513174, 811376.255063832], [2027004.0576281687, 811267.7677479894], [2027002.7462790888, 811084.6644396724], [2027014.7045885033, 810307.4937499154], [2027018.2200014305, 810024.2899199994], [2027014.374864759, 810022.4664328353], [2026961.7293007532, 809997.6646451637], [2026877.1415434186, 809957.9091472545], [2026797.878906666, 809918.5224150132], [2026748.1946228456, 809890.8118405071], [2026711.2301298364, 809866.7528334939], [2026583.7976419188, 809760.3435974884], [2026535.0123064225, 809719.529374685], [2026468.7847485838, 809661.5905141544], [2026306.1781184215, 809511.4687671658], [2026289.325789927, 809496.1646639248], [2026255.0266459303, 809468.4685250807], [2026216.8807248464, 809441.1329498437], [2026166.0150129183, 809409.4181182563], [2026074.6296970104, 809357.2820676726], [2026052.1510674225, 809346.7056452422], [2026006.0104116793, 809324.8234711669], [2025923.185446085, 809295.6289757428], [2025847.1577110142, 809275.5407613264], [2025822.0114358356, 809269.6943163425], [2025783.8481263355, 809261.2884932577], [2025714.0352738341, 809240.1139949341], [2025644.2293110935, 809210.5674661031], [2025606.0765002512, 809189.7853554161], [2025585.0801511721, 809175.5701607601], [2025571.4768319298, 809166.4579742533], [2025541.9079934205, 809142.4068412547], [2025510.2778073389, 809106.7054690883], [2025479.5413202643, 809064.0887564213], [2025410.3941488413, 808956.6431051842], [2025286.8806163375, 808755.9620760892], [2025217.4309520854, 808654.3412163407], [2025187.586523593, 808605.5371800952], [2025153.3182194226, 808539.6203171768], [2025119.9416457561, 808468.6083200816], [2025093.655281009, 808411.4348779973], [2025072.6894436786, 808360.4543369255], [2025049.9611426734, 808294.1834720755], [2025007.7683136777, 808151.0882858302], [2024974.444233345, 808017.4651935039], [2024913.791795598, 807658.1273294932], [2024828.9940649278, 807154.9823384366], [2024816.01476018, 807106.1930659323], [2024801.2595403355, 807058.1301699276], [2024782.360299928, 807011.1558544245], [2024750.1549837606, 806952.1579409254], [2024723.853527174, 806909.9096658336], [2024688.982533915, 806853.0935064977], [2024685.1403500135, 806847.62993476], [2024661.4953841728, 806813.3924704245], [2024618.923947006, 806764.2144191746], [2024570.4342145913, 806714.6672741687], [2024530.5156592592, 806677.5039626589], [2024491.4806323345, 806645.0739094169], [2024452.1477057633, 806615.5555957475], [2024428.7822669295, 806600.247555518], [2024384.121923179, 806571.4529936801], [2024311.3582891687, 806530.6226947693], [2024255.451248749, 806503.2749804271], [2024160.1994707603, 806459.5145692418], [2024034.4841710012, 806394.9802495046], [2023901.6750534186, 806319.1559260953], [2023854.3516572558, 806288.9040180836], [2023801.9997278452, 806255.3719329241], [2023713.568474262, 806191.9612985858], [2023666.8418616792, 806154.7940500735], [2023635.789430336, 806130.0155563429], [2023543.8207822598, 806048.7660469104], [2023389.7528489225, 805909.2240031643], [2023373.7840488392, 805895.014714003], [2023284.7779932604, 805807.579849512], [2023199.9241603473, 805708.1358226732], [2023116.8528041686, 805599.2292163385], [2023044.4313610953, 805494.3350691781], [2022972.0164796715, 805380.3408745977], [2022917.0425082608, 805290.7498464229], [2022741.210182758, 804967.3656506668], [2022599.3607289202, 804705.1637472505], [2022537.0002893354, 804596.2748574178], [2022483.8140440127, 804487.029012925], [2022463.138232335, 804434.5947345939], [2022391.3775490976, 804232.1463205792], [2022378.3818401704, 804198.2828712623], [2022365.9753689168, 804167.331817671], [2022351.4986918438, 804134.9234179383], [2022327.2628479314, 804093.042924259], [2022315.732687248, 804077.381538265], [2022302.4279238454, 804060.2628060881], [2022287.9394357512, 804043.1427615861], [2022274.3354603355, 804030.3918028213], [2022260.1383102546, 804019.0965498405], [2022233.8132316773, 804000.1477688379], [2022221.3903562578, 803991.0382070134], [2022193.2893625936, 803972.0877855837], [2022163.7067445973, 803955.6849312469], [2022069.9146093414, 803923.5806647656], [2021916.6468712536, 803877.2359411628], [2021726.9792715912, 803826.8607138416], [2021645.0211021735, 803799.498891921], [2021586.4441195882, 803770.3345801645], [2021411.3178294317, 803663.9135331792], [2021376.114159674, 803643.8669853405], [2021339.4278813445, 803627.4595378295], [2021294.45257759, 803613.9582525033], [2021259.5356526668, 803606.2886484201], [2021142.3442860087, 803597.4674718414], [2021032.2437844286, 803605.3969179251], [2020965.9407674244, 803618.4539784192], [2020874.4753991796, 803640.5940259892], [2020748.967776181, 803673.630705339], [2020662.5345500868, 803695.0466729987], [2020604.2249554237, 803704.8340550048], [2020516.9137783346, 803712.0535287611], [2020436.117680088, 803713.8173047525], [2020408.5937850026, 803714.1621203495], [2020387.2864129236, 803712.3271502567], [2020374.8559915873, 803713.0466369927], [2020322.184837087, 803700.633604089], [2020273.06715317, 803685.6749725936], [2020226.0236120971, 803666.7137244161], [2020184.012213171, 803646.2997232531], [2020140.5247673406, 803620.7889475189], [2020106.2102034255, 803597.1042835846], [2020072.4897984264, 803570.1440356723], [2020035.8143468332, 803536.629338927], [2020000.030625761, 803497.6550074231], [2019848.3262047623, 803319.1842357535], [2019698.1933029292, 803443.2128591009], [2019683.387886347, 803454.4874428369], [2019627.4237594323, 803497.4040236783], [2019583.6026528475, 803526.860001502], [2019524.388204338, 803562.1302721502]]]}}, {"type": "Feature", "properties": {"precinct_code": "10", "precinct_name": "C C SPAULDING SCHOOL", "county": "DURHAM"}, "geometry": {"type": "Polygon", "coordinates": [[[2029405.3874711688, 810681.8178044254], [2029368.826520665, 810553.2823003401], [2029307.8036768453, 810327.529142923], [2029107.485836013, 810330.6062365094], [2028919.600056916, 810328.6006630985], [2028773.1397199193, 810325.1803943329], [2028555.963645087, 810320.6003510016], [2028534.659881919, 810320.5796817476], [2028401.511198089, 810320.4507449933], [2028200.6080565886, 810316.9809356728], [2028133.4402119203, 810318.7365095802], [2028072.482328592, 810324.1384016717], [2027979.5583018356, 810340.7948644169], [2027739.2569451765, 810384.9771907673], [2027694.2731112523, 810394.7632604252], [2027653.132773595, 810407.8291791657], [2027637.7394316788, 810415.8232576706], [2027631.5219244193, 810419.8216092618], [2027605.468170761, 810436.5417201777], [2027564.9036193355, 810466.7175128488], [2027523.5195157542, 810424.4521774219], [2027368.910573005, 810275.4239321598], [2027249.464945763, 810175.5714415908], [2027168.7452909187, 810113.2493877586], [2027127.0514766732, 810084.4535135911], [2027097.775288506, 810066.2255316679], [2027043.9512491673, 810036.326313258], [2027018.2200014305, 810024.2899199994], [2027014.7045885033, 810307.4937499154], [2027002.7462790888, 811084.6644396724], [2027004.0576281687, 811267.7677479894], [2027014.313513174, 811376.255063832], [2027027.22359234, 811493.8450517448], [2027049.2268291716, 811697.3525187464], [2027109.5997399222, 812322.4306649178], [2027112.440941589, 812449.4763426], [2027105.2857721755, 812508.4411196609], [2027086.2447997632, 812623.0898405053], [2027032.2216138383, 812814.5146545147], [2026953.6358130134, 813013.5618285722], [2026923.376687169, 813102.3549580807], [2026912.0853711667, 813155.49166285], [2026904.0381431745, 813219.9157465858], [2026903.9971327619, 813264.6902633402], [2026921.9190129177, 813401.578440999], [2026944.9051874296, 813500.2491754234], [2026962.6157819184, 813544.3117513309], [2026993.034356251, 813603.6751496808], [2027010.753152848, 813638.6373500752], [2027060.653315514, 813746.0695499149], [2027228.3478620069, 814122.9861189311], [2027242.225458921, 814152.1205750755], [2027246.0640339241, 814160.1326981847], [2027477.2545164244, 814649.9561935863], [2027551.6490526784, 814818.2035604925], [2027589.9498290867, 814986.7816354124], [2027676.6481465097, 815282.4483669171], [2027719.6287035958, 815506.3619610813], [2027783.3844815956, 815658.9472858403], [2027812.0156579174, 815727.0462309963], [2027833.5435020044, 815798.7790271803], [2027874.3911893384, 815774.428354072], [2027926.1804558346, 815754.820453673], [2028114.0468780112, 816049.8569370917], [2028280.9504155982, 816298.6441691774], [2028638.9706969273, 816832.6470381774], [2028733.4954422573, 816973.6159163554], [2028758.3205238427, 816997.6657369968], [2028799.120967178, 817020.639116251], [2028839.6208861778, 817048.3444414298], [2028861.201223596, 817063.2906057506], [2028875.6864308417, 817073.1334338338], [2028903.4718083453, 817095.0021564885], [2028929.174512833, 817128.8816819132], [2029028.94334218, 817349.213262268], [2029387.4209716779, 817104.2190015904], [2029265.1279091672, 816927.9102990944], [2029222.5932173429, 816864.164035503], [2029214.6178395886, 816852.5072346738], [2029211.3685022586, 816847.7720079325], [2029205.4659550046, 816833.9331248427], [2029453.2361287605, 816666.0023583254], [2029519.5499725034, 816616.5621685088], [2029607.7742055051, 816548.2148642672], [2029692.4489049178, 816479.8642791668], [2029749.5941318406, 816429.3230416881], [2029848.198593423, 816335.8694884168], [2029861.2271106679, 816323.8698405105], [2029973.4909937526, 816180.9239321669], [2030157.7301265886, 815952.5067380863], [2030214.3077693433, 815880.4885094039], [2030295.4923182568, 815757.1688741702], [2030343.512891503, 815664.3931410852], [2030388.5784181813, 815568.7020595132], [2030433.9408602584, 815472.2832890886], [2030439.8703103377, 815459.9125789251], [2030436.3253699248, 815455.1766960075], [2030412.678107499, 815436.2229937563], [2030353.253029511, 815399.7594840023], [2030326.3465872563, 815385.898947417], [2030504.3377010988, 814913.9474635106], [2030502.9394099263, 814551.3809314177], [2030464.219343006, 814517.1227978421], [2030437.6209710091, 814490.5218011749], [2030385.9028985943, 814437.6852926775], [2030327.981754587, 814375.3776745072], [2030299.319738417, 814341.4942120939], [2030275.6872397517, 814307.2518265053], [2030110.2663107512, 814060.6394588421], [2030060.3635234237, 813967.0349872609], [2030023.1644508375, 813890.9167011625], [2029988.3331556767, 813813.3446778416], [2029962.9578783351, 813747.0669232605], [2029922.839520259, 813631.631458609], [2029892.7674019176, 813528.5831082567], [2029886.286443757, 813501.2747639352], [2029874.5269528471, 813427.7306196691], [2029868.0814276785, 813365.4768071909], [2029863.7316988406, 813278.8352481686], [2029864.1057138434, 813202.0273309182], [2029867.99645409, 813158.3489405913], [2029876.959362672, 813072.4491780046], [2029907.8874504264, 812916.6798045071], [2029917.122996257, 812853.7137230936], [2029925.5229138418, 812740.1480053397], [2029929.1433134228, 812671.3518830776], [2029925.3549351678, 812614.5606580774], [2029903.870726169, 812502.7846349195], [2029898.8608936672, 812483.486445178], [2029846.1214978413, 812266.4767085904], [2029804.268235087, 812109.1774824972], [2029791.8860420154, 812065.4826880209], [2029725.558746846, 811825.1623025129], [2029646.2593647542, 811537.8702261746], [2029610.2935574225, 811408.2428607385], [2029567.2503364251, 811254.5830630937], [2029529.8068417602, 811122.4064901749], [2029460.5222034298, 810876.6235171797], [2029405.3874711688, 810681.8178044254]]]}}, {"type": "Feature", "properties": {"precinct_code": "18", "precinct_name": "FIRST UNITED ANTIOCH", "county": "DURHAM"}, "geometry": {"type": "Polygon", "coordinates": [[[2043287.2133820062, 817979.419679003], [2043247.9651009284, 817915.2938230099], [2043155.043370752, 817739.3342011691], [2043067.4516824193, 817559.0143518329], [2042984.5722550002, 817392.1708535014], [2042477.284883751, 816344.868814263], [2042366.976705417, 816115.7396793308], [2042198.256898508, 815771.8601177481], [2041984.4006989286, 815336.9118406697], [2041932.3066430078, 815355.7664617599], [2041819.851159261, 815382.5436391748], [2041547.2788697632, 815458.601229822], [2041101.8696555959, 815585.746316772], [2040761.8227635014, 815682.4659395751], [2040590.7643785935, 815731.0081653419], [2040533.0541921726, 815747.6731582687], [2040256.6374221765, 815827.7418957513], [2040109.5501179248, 815871.2231079977], [2039707.3596493453, 815987.1634929231], [2039070.4901881674, 816170.8685060902], [2038830.180957512, 816244.4461148409], [2038698.7911284275, 816277.0346323515], [2038596.1053101704, 816302.745210844], [2038293.065561919, 816390.0777133385], [2037850.0510280118, 816517.2749655072], [2037294.882518917, 816677.0984647615], [2036865.1934176683, 816800.3232839251], [2036763.0991336713, 816829.3173204283], [2036588.5033542505, 816878.6062638467], [2036556.251122178, 816884.7542174277], [2036490.2771727582, 816889.768643094], [2036416.0263370138, 816889.676451669], [2036070.5037340957, 816893.2542004246], [2035472.3458096695, 816901.26205842], [2034968.8537064202, 816906.4825204225], [2034672.7329075914, 816910.8637452509], [2034366.5540580011, 816915.2361118235], [2034149.418993594, 816917.8948991825], [2033734.3778289256, 816923.2397047512], [2033741.8302418424, 817388.468433082], [2033741.8295856705, 817646.56043659], [2033746.5664528476, 817900.653432335], [2033759.1592754263, 818268.3305185032], [2033766.3200222545, 818472.1916593434], [2033770.2865497612, 818623.993521103], [2033772.273094341, 818697.1643065085], [2033775.9331919989, 818858.4307162608], [2033784.281272427, 819058.2889123354], [2033791.8035670968, 819204.6347482512], [2033790.543070927, 819271.9774613463], [2033791.40068075, 819297.8241944124], [2033785.685469092, 819380.4506695827], [2033759.9115705064, 819672.3677366655], [2033732.654079095, 819968.6512648311], [2033708.3942850966, 820230.7202945137], [2033985.518074678, 820255.0650620856], [2034231.0021637527, 820271.0033504152], [2034330.0882516797, 820272.9390420913], [2034492.4698166696, 820277.1335875171], [2034565.2278732497, 820281.5876468506], [2034683.534395174, 820288.279562587], [2035044.4060487603, 820277.4232850877], [2035146.4560414997, 820274.2690919286], [2035322.1650076828, 820264.287156515], [2035615.014159501, 820247.1677681708], [2035731.8597263396, 820238.9371415786], [2035817.644003586, 820233.9453536768], [2035935.065028593, 820239.1851725761], [2035989.1876237523, 820244.347891926], [2036129.3681176747, 820262.3570422545], [2036167.2213884296, 820268.2280935044], [2036268.0584570912, 820289.4659119244], [2036339.616056756, 820307.7555735123], [2036485.6728512645, 820357.0796218422], [2036536.5234713408, 820376.800382925], [2036621.9573555884, 820415.1290464301], [2036688.7633243338, 820448.338625669], [2036808.4684655087, 820518.0169639939], [2036859.0054379252, 820551.570374593], [2036879.3876150108, 820573.0736124059], [2036901.292754918, 820559.268193847], [2036918.4574187535, 820552.0093501023], [2037502.1993615031, 820425.7048126794], [2037593.6197823454, 820407.6205312654], [2037640.366408006, 820397.8518499982], [2037693.910920338, 820392.0959560123], [2037798.9198966774, 820387.8626967467], [2037851.8640165012, 820389.0231275258], [2037914.2687473462, 820393.471937504], [2037938.520339249, 820395.6874842538], [2037970.1636486803, 820400.0965961602], [2038039.9502544985, 820414.3836410892], [2038089.3327016667, 820425.0043547704], [2038130.1380662608, 820434.8862247631], [2038532.8570770917, 820541.3427047667], [2038858.1041299999, 820628.0449591705], [2039060.9383700043, 820682.553380341], [2039366.3744389277, 820762.3186407582], [2039508.3134595011, 820789.083022924], [2039706.442656428, 820821.7483119285], [2039744.8861490923, 820827.6246125106], [2040052.1345503482, 820877.1855370114], [2040071.651571677, 820880.4883519283], [2040128.4286890926, 820889.6664831626], [2040394.8684449214, 820931.8944170979], [2040470.8725580133, 820940.0075898321], [2040590.951386093, 820945.6338909292], [2040640.0526658443, 820944.2454422673], [2040690.6332733321, 820942.4954457524], [2040823.4542019235, 820931.0312298387], [2040873.1558741769, 820923.4557856773], [2040933.5110684172, 820911.8911762546], [2040981.146143764, 820901.4007116666], [2041063.6988001775, 820880.038877764], [2041191.5331901773, 820839.0832510039], [2041320.2681689283, 820789.0288891762], [2041404.6101918386, 820757.4774430736], [2041471.4860423359, 820736.8226287371], [2041585.996640085, 820706.4066790828], [2041670.6185180836, 820686.5051440875], [2042050.8260910048, 820597.497448089], [2042129.8223240958, 820581.9577809974], [2042226.8562507618, 820570.0841170796], [2042254.0714194167, 820567.9391082411], [2042314.1221523439, 820563.2934482751], [2042386.2978610108, 820560.1212104977], [2042453.4420836724, 820559.1261337603], [2042553.1174092605, 820561.8187136594], [2042659.5906214998, 820567.7977043305], [2042826.3908128424, 820582.6014805089], [2042976.9249605853, 820595.9262569993], [2043106.4706332549, 820600.8484912451], [2043210.5855825099, 820601.3655505872], [2043400.485793263, 820596.1851147491], [2043691.2552248405, 820586.4236513387], [2043732.369643927, 820586.1208304168], [2043761.9457002578, 820587.6211555165], [2043828.189006091, 820595.7284227655], [2043896.494643763, 820609.2992617383], [2043952.9689402594, 820622.8527123434], [2044002.0469260956, 820637.4871974961], [2044062.6488390118, 820659.7834127685], [2044133.592266679, 820689.3758732494], [2044296.7520453336, 820763.518441493], [2044735.6720992622, 820970.5852845951], [2044824.9347160023, 821011.4920269257], [2044861.291598677, 821027.2006569315], [2045069.3820617655, 821117.0692435903], [2045110.7678057547, 821132.0577306745], [2045161.9173097603, 821145.2411032637], [2045242.3459546717, 821159.9261132729], [2045275.4656390843, 821164.70924017], [2045313.0180574204, 821172.0478081652], [2045357.3768925974, 821177.2124960162], [2045414.7566990843, 821177.6652509926], [2045470.9599987566, 821174.112108498], [2045894.885332005, 821125.2644371551], [2046154.0347480942, 821094.7287370719], [2046319.3956378421, 821081.5201020729], [2046359.6212791803, 821081.5834221691], [2046416.6959681802, 821088.226125425], [2046554.785915093, 821112.4704995017], [2046625.451128094, 821128.5994042547], [2046729.5214579995, 821156.0668690073], [2046785.990177095, 821171.4457752546], [2046763.6040670108, 821113.166364241], [2046746.5069883452, 821076.7366470876], [2046686.9277111727, 820971.0747849426], [2046647.383498921, 820914.2241768345], [2046603.105044173, 820858.4582122577], [2046558.2278373379, 820807.0596930236], [2046507.151495919, 820748.0069895817], [2046430.0775030868, 820668.8919903376], [2046231.6320338387, 820465.4534208295], [2046178.7725595108, 820410.7668504101], [2046136.837604001, 820368.4742840815], [2045774.4833418427, 819999.8792207486], [2045564.2035786805, 819792.4229427571], [2045432.1861261711, 819662.2617857602], [2045363.3713031716, 819594.4472888428], [2045311.38420242, 819547.4080128487], [2045260.872820513, 819502.5550841781], [2045158.0606901804, 819421.5837894294], [2044624.4216655924, 819048.736109925], [2044375.3270194223, 818874.3558812578], [2044264.5057187534, 818805.3881714317], [2043936.7790120104, 818593.7626104197], [2043798.777647585, 818500.7306442483], [2043778.6841838362, 818486.5036385895], [2043729.6334289329, 818451.1205072529], [2043593.1366546748, 818339.8904147703], [2043490.053855596, 818236.3551887529], [2043444.8692346818, 818186.4172964955], [2043389.3539257636, 818121.1749729323], [2043348.3129973414, 818069.4234359988], [2043287.2133820062, 817979.419679003]]]}}, {"type": "Feature", "properties": {"precinct_code": "13", "precinct_name": "BURTON ELEMENTARY", "county": "DURHAM"}, "geometry": {"type": "Polygon", "coordinates": [[[2038195.0532907555, 809409.8561094918], [2038236.0236812546, 809304.7076977466], [2038263.049873919, 809228.2990579105], [2038292.7696307586, 809128.5965014194], [2038303.7702649243, 809088.5686943488], [2038323.3948975967, 809015.4264521747], [2038350.4739116726, 808898.9755695922], [2038361.2022366677, 808840.746683412], [2038288.5622900883, 808951.3137195143], [2038169.9900206765, 809114.6037472353], [2038080.1798328476, 809232.4296270962], [2037988.3030480875, 809347.3404865119], [2037953.335598335, 809387.3374537571], [2037871.0227708386, 809429.0936038378], [2037792.8329665961, 809486.1436865927], [2037764.1079584213, 809504.3076922431], [2037730.351136176, 809523.5573256802], [2037688.6031881717, 809544.6169948421], [2037601.8632041817, 809577.9955370185], [2037568.117864847, 809588.5089674407], [2037506.55630818, 809600.8068430851], [2037409.1969228375, 809609.055186161], [2037336.409994931, 809606.7786159277], [2036981.670218839, 809577.5723095147], [2036641.13152984, 809549.4798459988], [2036424.824219676, 809556.4913149178], [2035278.507614672, 809575.4771693146], [2034582.259663345, 809583.7497905913], [2034511.5422850833, 809582.5745960991], [2034415.0825042592, 809581.3692179346], [2034239.0500479194, 809560.414535419], [2034036.9927092623, 809527.4178822476], [2034035.3847728372, 809382.9004547725], [2034015.3976080872, 808756.4007234918], [2033666.3687785869, 808638.0564720011], [2033519.9527328461, 808588.7465312404], [2033193.6430180073, 808525.0366849226], [2033136.5515967598, 808508.9553522697], [2033101.0483869151, 808504.1830520877], [2033045.7135238335, 808504.8487331735], [2032998.068934099, 808508.4353401618], [2032929.4079821722, 808518.1869610893], [2032546.7023827594, 808609.4932089138], [2032115.1628915088, 808712.0353266766], [2031906.20825693, 808755.8541366771], [2031884.3034450863, 808763.1106838417], [2031785.1415699276, 808795.4006455075], [2031741.3335866795, 808808.822206574], [2031691.6086205104, 808821.1450165957], [2031258.0340283378, 808895.6684895845], [2031390.9609278452, 809386.143558498], [2031517.9902013391, 809853.6803530918], [2031533.9133978353, 809905.0240824157], [2031561.3359151783, 809993.510454014], [2031649.2058181758, 810276.8120527568], [2031722.622994169, 810516.4159042482], [2031745.0301015978, 810590.3360320017], [2031829.3537518398, 810866.3541807571], [2031891.5550710096, 811077.9170778354], [2031936.067121088, 811230.1257629355], [2032010.123075337, 811422.0449985084], [2032128.140227751, 811726.494520845], [2032229.9412052617, 811977.0517624954], [2032243.2197220041, 812009.4640992399], [2032275.38271542, 812088.4918283446], [2032340.8878337585, 812249.8248390148], [2032406.6862585833, 812412.6145396823], [2032432.0621920966, 812474.8900056792], [2032464.8140950962, 812555.3744247628], [2032530.6135041728, 812716.3442471761], [2032571.6275297552, 812816.1314491801], [2032635.361326172, 812971.2748396684], [2032671.9436020837, 813064.8688125901], [2032701.1495804212, 813140.2535043367], [2032722.6866108482, 813194.8806916763], [2032958.3252471695, 813073.561380512], [2033176.206701175, 812958.7761769965], [2033237.4943082652, 812919.1670042555], [2033285.456810756, 812890.0998051728], [2033704.052102178, 812673.2570630027], [2034432.019478262, 812296.9763195069], [2035225.7324577568, 811884.3905305119], [2035310.1128664177, 811836.8053238331], [2035403.3708820061, 811788.1387544957], [2035512.9021590038, 811739.4925263288], [2035596.377713845, 811706.831502429], [2035675.1246035853, 811669.7971276827], [2035756.2458324272, 811626.9415703529], [2035847.731213763, 811577.5463279121], [2036105.0105548336, 811443.1738932519], [2036206.5608766684, 811390.1520176769], [2036400.7763675004, 811292.4707825928], [2036460.5810379235, 811262.331407158], [2036539.0687418424, 811197.6333738478], [2036686.8597848406, 811079.1470622518], [2036879.3738355048, 810925.407868417], [2037288.9855490937, 810603.0394186616], [2037422.5689433373, 810493.2755305949], [2037495.734151335, 810429.3012490883], [2037553.5020804242, 810374.4079861842], [2037608.610894083, 810316.5993747513], [2037653.9579162586, 810256.9584179264], [2037672.3338637506, 810232.9568255153], [2037701.0565753449, 810215.8846811644], [2037775.1364796748, 810131.8914108416], [2037843.8942161805, 810045.3433555831], [2037891.6290288407, 809970.4166681821], [2037929.5866300894, 809905.6704066049], [2038055.3016017543, 809707.0782840854], [2038076.3583181812, 809669.6114955193], [2038122.042938082, 809579.3941562563], [2038176.0530006723, 809458.245776503], [2038195.0532907555, 809409.8561094918]]]}}, {"type": "Feature", "properties": {"precinct_code": "20", "precinct_name": "COUNTY AGRICULTURAL BUILDING", "county": "DURHAM"}, "geometry": {"type": "Polygon", "coordinates": [[[2031828.0161560937, 822472.1003261551], [2031789.8702350117, 822465.1423348355], [2031743.1511683448, 822454.1712281696], [2031721.864793583, 822446.1397481731], [2031703.8277561674, 822442.1158060839], [2031677.5079269258, 822439.175195164], [2031655.3255565907, 822439.1512450791], [2031624.8587540104, 822442.0308324968], [2031539.828740345, 822026.9519382587], [2031463.6261368382, 821652.289301767], [2031445.084179178, 821566.7238560992], [2031410.9434994326, 821408.7008781654], [2031372.3979728373, 821220.8236292627], [2031300.8964754187, 820871.6484745968], [2031278.238384262, 820761.6893769274], [2031167.5210860085, 820294.1653775872], [2031124.6248463385, 820301.0364268417], [2031020.5036635117, 820305.29429235], [2030755.7774869197, 820303.5600438312], [2030439.2899309231, 820300.3179243424], [2030191.4259253454, 820296.0577622446], [2029843.29112293, 820291.3336903346], [2029567.3264517644, 820287.7782512691], [2029362.6457587641, 820284.6604753417], [2029165.3571113334, 820284.0997809207], [2029030.1834971765, 820283.6020785079], [2028666.372216926, 820278.1483492533], [2028864.7592873417, 820665.6633222603], [2028988.1530694207, 820911.8649295896], [2028886.9944790904, 820913.9492430141], [2028744.4278350926, 820914.9016689232], [2028661.313500003, 820915.1841486697], [2028170.021831676, 820917.2569791701], [2027908.8458448336, 820920.2838760021], [2027910.131275341, 821123.7742826778], [2027911.4219551687, 821321.8043984235], [2027911.4163777528, 821327.6285337497], [2027912.1319275051, 821508.1852592522], [2027912.2424915866, 821702.9381505882], [2027912.3651947535, 821884.9502537727], [2027912.7687372554, 822082.9793852677], [2027913.6680136775, 822381.4801005867], [2027917.3825731738, 822518.3567953446], [2027922.9065122595, 822930.0734915859], [2027925.771007834, 823338.8754955027], [2027928.138129084, 823648.6629336767], [2027937.9297761766, 824236.5721909227], [2027937.2700005919, 824308.2843178341], [2027935.03640926, 824480.102215672], [2027936.766064584, 824527.0630797591], [2027949.9684660125, 824949.3447155161], [2027963.1672585024, 825064.0252604132], [2028329.0064218335, 825051.9990377583], [2028426.8999268415, 825047.725424263], [2028713.1821626727, 825039.6312803234], [2028822.9033999287, 825036.826495903], [2029066.0033074175, 825033.7900846668], [2029134.3135382545, 825038.9541163461], [2029175.4164744157, 825043.7274007414], [2029274.4697540093, 825062.7552498414], [2029360.8002900034, 825087.5950951624], [2029445.9398835003, 825120.0786259943], [2029537.8678492615, 825166.0381797706], [2029986.2550758417, 825406.3854680876], [2030056.010185676, 825443.587493414], [2030137.0825300948, 825403.627599577], [2030313.433555333, 825313.1668225093], [2030437.4129661785, 825249.2266616682], [2030739.517348841, 825098.1068851808], [2031023.8711108414, 824956.0723923356], [2031226.2637506733, 824855.087686163], [2031430.1363744293, 824754.470433338], [2032125.5050624332, 824409.3992730766], [2032236.4618615054, 824361.4695789355], [2032300.367901669, 824338.6061075899], [2032393.8601687565, 824305.2190352506], [2032381.5150490843, 824236.0406959233], [2032373.5757605133, 824194.532904919], [2032363.284114422, 824140.6458735883], [2032351.516093343, 824084.5731510778], [2032347.39602284, 824066.0033063422], [2032311.2025256755, 823899.2401884189], [2032287.073636921, 823787.8221041765], [2032272.656342925, 823720.09750209], [2032248.5254856783, 823610.1354516641], [2032078.7794340844, 822783.6138107637], [2032035.5580638358, 822549.499121494], [2031948.9457042536, 822506.813839422], [2031891.593456761, 822483.0901335923], [2031869.1230292611, 822476.1492025844], [2031834.5240170949, 822471.0153545958], [2031828.0161560937, 822472.1003261551]]]}}, {"type": "Feature", "properties": {"precinct_code": "14", "precinct_name": "Y E SMITH SCHOOL", "county": "DURHAM"}, "geometry": {"type": "Polygon", "coordinates": [[[2043445.0067015896, 806092.2055925928], [2043253.391271174, 805992.5456869209], [2043226.7801039217, 805977.2179616694], [2043203.4251637605, 805961.166812684], [2043157.3160040064, 805923.2410355076], [2043136.0394717602, 805902.4608933359], [2043097.0470956725, 805854.3533780156], [2043069.8657195861, 805824.0998295814], [2043045.0416222527, 805800.7665429289], [2043018.728354677, 805783.9831119212], [2043000.9846237581, 805775.5845066886], [2042954.8390467619, 805762.0484445251], [2042930.579252763, 805757.2807374944], [2042885.013399005, 805752.1180181631], [2042368.3402197505, 805734.6233024988], [2042112.3945374207, 806122.2983801597], [2041983.986657755, 806311.7681455963], [2041612.4224402609, 806853.6266419241], [2041592.5546978419, 806882.7197595744], [2041506.5607753403, 807007.8205592459], [2041301.6484554987, 807314.7631868348], [2041214.4731049247, 807440.2271747725], [2041146.874814928, 807532.5931317512], [2041083.1433150903, 807611.131688606], [2041013.7904354192, 807689.298855092], [2040958.6675141742, 807748.9211111733], [2040904.1410484165, 807805.2681113416], [2040858.508921846, 807849.6148074272], [2040747.4077660898, 807946.6533272598], [2040529.3612861775, 808132.3652261766], [2040391.9038839191, 808245.7498419343], [2040289.9979197548, 808328.6063034979], [2040111.6596937648, 808476.8819255858], [2039834.3784241693, 808708.7485878164], [2039726.5453065035, 808800.699191338], [2039647.4483518442, 808868.2997779141], [2039541.097842752, 808958.7973003387], [2039473.264645084, 809012.5809854271], [2039276.8624788364, 809177.5822958465], [2039182.3620116713, 809259.360347508], [2039130.8089651752, 809309.5262576852], [2039094.3549698452, 809353.5242011666], [2039080.1230429253, 809375.346336009], [2039035.9292336688, 809454.6437496067], [2038992.866327674, 809573.6208738332], [2038960.7761687643, 809674.4116827652], [2038793.4595742528, 810226.4076260002], [2038770.3004998434, 810286.804158751], [2038741.827787757, 810338.0934262575], [2038696.7819460947, 810391.9089354265], [2038577.626016425, 810551.9207545011], [2038237.984963417, 810980.2919450097], [2037666.6514604255, 810972.2732602482], [2037445.633201675, 810969.0787128363], [2037262.7825175067, 810966.662051022], [2037184.371585085, 810968.7466925022], [2037151.5255221706, 810971.6170936038], [2037111.5738304271, 810977.7552046784], [2037065.4046314212, 810987.1613538419], [2037011.2423381815, 811000.1977450912], [2036957.3720390936, 811016.1468601591], [2036913.5607750118, 811033.2006318313], [2036873.00114484, 811052.4427193423], [2036823.26141493, 811077.8616317442], [2036460.5810379235, 811262.331407158], [2036400.7763675004, 811292.4707825928], [2036206.5608766684, 811390.1520176769], [2036105.0105548336, 811443.1738932519], [2035847.731213763, 811577.5463279121], [2035756.2458324272, 811626.9415703529], [2035675.1246035853, 811669.7971276827], [2035596.377713845, 811706.831502429], [2035512.9021590038, 811739.4925263288], [2035403.3708820061, 811788.1387544957], [2035310.1128664177, 811836.8053238331], [2035225.7324577568, 811884.3905305119], [2034432.019478262, 812296.9763195069], [2033704.052102178, 812673.2570630027], [2033285.456810756, 812890.0998051728], [2033237.4943082652, 812919.1670042555], [2033176.206701175, 812958.7761769965], [2032958.3252471695, 813073.561380512], [2032722.6866108482, 813194.8806916763], [2032888.7771579186, 813620.970390675], [2032975.2084155104, 813846.7602934216], [2033101.7734510917, 814161.780660745], [2033166.3950410045, 814311.4660569391], [2033280.2914667572, 814576.2381651666], [2033333.7027772528, 814696.4259169222], [2033417.5064154286, 814885.8120210874], [2033491.8714241695, 815049.7063783455], [2033542.6265720138, 815162.6110081647], [2033572.1399644178, 815224.1643627571], [2033626.1513393377, 815334.8885507567], [2033651.5203830893, 815398.6213629227], [2033661.5456255076, 815427.3906623324], [2034041.3033961824, 815253.4622044328], [2034283.1296841821, 815144.1730529399], [2034306.8094268437, 815133.2800300881], [2034422.542791174, 815081.3601864352], [2034452.4377445132, 815068.2906587617], [2034572.6090920852, 815016.7408930969], [2034640.6860556756, 814987.6992845074], [2034884.5818933384, 814883.1499529162], [2034897.3125109216, 814875.1565305924], [2034912.4092655021, 814867.8940779333], [2034932.8288440835, 814862.093892678], [2034962.1220925918, 814858.124740499], [2034973.2447737623, 814212.7283935087], [2034973.8743656722, 814181.0591655108], [2034984.042652429, 813592.4497784115], [2035235.2153784174, 813598.2102655997], [2035258.2894792573, 813600.0580309181], [2035293.7844870077, 813606.2889895895], [2035317.737523093, 813615.4182364034], [2035349.9516975132, 813643.4867498344], [2035395.739991756, 813700.6930002499], [2035414.6549801663, 813717.0968388282], [2035437.1247515075, 813729.5006854205], [2035461.0804122542, 813736.4458815097], [2035493.0278549206, 813740.124679923], [2035506.636095419, 813740.8691010039], [2035753.363292261, 813751.725050429], [2035872.8833944213, 813755.1469595984], [2036105.1191504286, 813761.6200437542], [2036640.8874358374, 813776.8444227633], [2036756.264501675, 813780.9927084185], [2036780.2231151771, 813785.3909935958], [2036810.3870968367, 813795.6212880858], [2036847.050737424, 813813.1402819139], [2036898.7868544299, 813843.0552483338], [2036918.8934415134, 813852.180886252], [2036939.889134423, 813859.8518026833], [2036961.4789862616, 813865.7031689298], [2036991.3552388411, 813869.3809830971], [2037020.050719515, 813870.8734341778], [2038146.0547010887, 813873.7704100001], [2038212.02930668, 813873.8560397637], [2038241.9121209227, 813872.4387197498], [2038277.1177591672, 813872.8488239025], [2038317.0546871712, 813875.0850399294], [2038324.450013591, 813875.8225712512], [2038405.5023449233, 813883.9370563242], [2038480.3352005049, 813897.1397858427], [2038524.9948880973, 813907.7549220849], [2038569.9465698467, 813920.9186096755], [2038646.830274343, 813949.4133033343], [2038842.8685961796, 814032.6687142565], [2039127.0186184184, 814153.5369108435], [2039598.3293555977, 814354.3800130936], [2039842.3062298433, 813988.868933083], [2040142.1245278409, 814115.592432905], [2040263.340820835, 814175.09395433], [2040712.9783730072, 813571.4389936792], [2040901.191579254, 813323.0743329211], [2040985.6481032537, 813224.5423777386], [2041064.5111345034, 813106.3457637597], [2041100.0816014276, 813058.3448755034], [2041133.2623093412, 813026.3574066805], [2041146.9046705058, 813003.0792380124], [2041175.672657596, 812953.2486290092], [2041303.746220337, 812767.050182511], [2041356.5207210917, 812688.1317051663], [2041403.9668204188, 812611.3903888337], [2041500.364593505, 812440.0728180909], [2041597.0710930093, 812260.3835449197], [2041637.1179289238, 812186.5441256766], [2041686.0522142493, 812104.7089875155], [2041719.2480140044, 812063.6217993374], [2041760.4464224281, 812012.3535291685], [2041792.214403511, 811935.2263868516], [2041885.6292429264, 811783.9271487533], [2041959.7754200837, 811659.1741174122], [2042015.8307541765, 811564.6090178378], [2042033.032491429, 811535.875807581], [2042069.4989539231, 811484.2371313404], [2042110.9923092588, 811434.79005176], [2042172.9127890926, 811377.3636574157], [2042203.7611525944, 811323.5330564269], [2042277.566779255, 811231.5420986755], [2042294.758674012, 811210.0897137424], [2042453.3590785877, 810998.4589034213], [2042532.7992084168, 810898.832462257], [2042856.2109631728, 810483.5918229241], [2043168.3658506733, 810083.2635553299], [2043392.1928308476, 809791.6496372524], [2043427.7737964233, 809741.8314954195], [2043513.761157259, 809621.1043746686], [2043915.4604850842, 809110.619175162], [2043980.3858801713, 809028.0839071802], [2044147.881608172, 808820.1161472298], [2044227.35684292, 808704.8417714923], [2044329.953750597, 808562.6648905139], [2044453.0096068382, 808393.9460678275], [2044475.255953433, 808358.6698916755], [2044528.3654272563, 808264.8334651765], [2044597.5106301745, 808133.8917979134], [2044659.2582100937, 808003.3028202523], [2044556.1288231744, 807908.8653450701], [2044473.0883068452, 807835.9357009263], [2044301.3665374229, 807701.3532929178], [2044262.9506037526, 807666.3497540015], [2044227.501199589, 807626.2543617578], [2044207.71449375, 807600.0152410179], [2044143.0719065075, 807491.8044994179], [2044127.1359147574, 807463.0230609125], [2044109.1412000956, 807425.5021385801], [2044003.5948232557, 807164.3425559317], [2043994.7601952539, 807135.5719441739], [2043980.069607841, 807065.2941975836], [2043972.4482320119, 807016.8684414197], [2043969.8435784266, 806977.5506066716], [2043969.601124837, 806941.8764654303], [2043962.7970045963, 806742.7482547557], [2043956.1385533358, 806644.0893313529], [2043947.7369953408, 806523.5866195845], [2043930.8761366766, 806321.1674050286], [2043877.3431072542, 806301.0663953447], [2043746.632082596, 806241.5363306559], [2043554.7135031673, 806148.0627643348], [2043445.0067015896, 806092.2055925928]]]}}, {"type": "Feature", "properties": {"precinct_code": "15", "precinct_name": "MT CALVARY CHURCH", "county": "DURHAM"}, "geometry": {"type": "Polygon", "coordinates": [[[2040001.6290739172, 814526.0168089307], [2040263.340820835, 814175.09395433], [2040142.1245278409, 814115.592432905], [2039842.3062298433, 813988.868933083], [2039598.3293555977, 814354.3800130936], [2039127.0186184184, 814153.5369108435], [2038842.8685961796, 814032.6687142565], [2038646.830274343, 813949.4133033343], [2038569.9465698467, 813920.9186096755], [2038524.9948880973, 813907.7549220849], [2038480.3352005049, 813897.1397858427], [2038405.5023449233, 813883.9370563242], [2038324.450013591, 813875.8225712512], [2038317.0546871712, 813875.0850399294], [2038277.1177591672, 813872.8488239025], [2038241.9121209227, 813872.4387197498], [2038212.02930668, 813873.8560397637], [2038146.0547010887, 813873.7704100001], [2037020.050719515, 813870.8734341778], [2036991.3552388411, 813869.3809830971], [2036961.4789862616, 813865.7031689298], [2036939.889134423, 813859.8518026833], [2036918.8934415134, 813852.180886252], [2036898.7868544299, 813843.0552483338], [2036847.050737424, 813813.1402819139], [2036810.3870968367, 813795.6212880858], [2036780.2231151771, 813785.3909935958], [2036756.264501675, 813780.9927084185], [2036640.8874358374, 813776.8444227633], [2036105.1191504286, 813761.6200437542], [2035872.8833944213, 813755.1469595984], [2035753.363292261, 813751.725050429], [2035506.636095419, 813740.8691010039], [2035493.0278549206, 813740.124679923], [2035461.0804122542, 813736.4458815097], [2035437.1247515075, 813729.5006854205], [2035414.6549801663, 813717.0968388282], [2035395.739991756, 813700.6930002499], [2035349.9516975132, 813643.4867498344], [2035317.737523093, 813615.4182364034], [2035293.7844870077, 813606.2889895895], [2035258.2894792573, 813600.0580309181], [2035235.2153784174, 813598.2102655997], [2034984.042652429, 813592.4497784115], [2034973.8743656722, 814181.0591655108], [2034973.2447737623, 814212.7283935087], [2034962.1220925918, 814858.124740499], [2034932.8288440835, 814862.093892678], [2034912.4092655021, 814867.8940779333], [2034897.3125109216, 814875.1565305924], [2034884.5818933384, 814883.1499529162], [2034640.6860556756, 814987.6992845074], [2034572.6090920852, 815016.7408930969], [2034452.4377445132, 815068.2906587617], [2034422.542791174, 815081.3601864352], [2034306.8094268437, 815133.2800300881], [2034283.1296841821, 815144.1730529399], [2034041.3033961824, 815253.4622044328], [2033661.5456255076, 815427.3906623324], [2033672.1532158395, 815464.5329765138], [2033679.792636259, 815510.0443684043], [2033686.2263504264, 815575.211560924], [2033703.5343866784, 815960.366302412], [2033715.8939420138, 816274.8952009239], [2033725.3286344272, 816559.9353132438], [2033734.3778289256, 816923.2397047512], [2034149.418993594, 816917.8948991825], [2034366.5540580011, 816915.2361118235], [2034672.7329075914, 816910.8637452509], [2034968.8537064202, 816906.4825204225], [2035472.3458096695, 816901.26205842], [2036070.5037340957, 816893.2542004246], [2036416.0263370138, 816889.676451669], [2036490.2771727582, 816889.768643094], [2036556.251122178, 816884.7542174277], [2036588.5033542505, 816878.6062638467], [2036763.0991336713, 816829.3173204283], [2036865.1934176683, 816800.3232839251], [2037294.882518917, 816677.0984647615], [2037850.0510280118, 816517.2749655072], [2038293.065561919, 816390.0777133385], [2038596.1053101704, 816302.745210844], [2038698.7911284275, 816277.0346323515], [2038804.8926222615, 816129.0178680182], [2039243.7975843395, 815542.434067426], [2039411.5406871752, 815318.0572195933], [2039796.826333925, 814802.3945370008], [2040001.6290739172, 814526.0168089307]]]}}, {"type": "Feature", "properties": {"precinct_code": "17", "precinct_name": "COUNTY MAIN LIBRARY", "county": "DURHAM"}, "geometry": {"type": "Polygon", "coordinates": [[[2032975.2084155104, 813846.7602934216], [2032888.7771579186, 813620.970390675], [2032722.6866108482, 813194.8806916763], [2032659.3370000117, 813227.2080548521], [2031834.6178489178, 813652.9345655895], [2031795.8383989185, 813674.0057176708], [2031489.750756501, 813838.2133945008], [2031453.6340308352, 813859.6519999204], [2031384.06035109, 813905.4442311629], [2031368.0561180112, 813932.0006085052], [2031352.071898014, 813939.6278898434], [2031314.4801096758, 813957.4247702578], [2031281.6114090085, 813985.0556204905], [2031146.2806429255, 814105.4024926818], [2031102.7452969272, 814148.3108714159], [2031066.0176800948, 814188.6782447651], [2031024.250047086, 814238.8690892686], [2030985.4436942635, 814286.8788357574], [2030963.496559681, 814338.5467114148], [2030931.514996335, 814367.2707353417], [2030926.1708469242, 814385.102064505], [2030888.8556328425, 814421.8290251831], [2030815.3610291763, 814541.1506369232], [2030781.5677896757, 814605.1829891613], [2030755.177750586, 814662.3065625887], [2030731.7486635898, 814717.2493660896], [2030566.5298339287, 815134.9732681684], [2030508.6533092556, 815316.1956747613], [2030473.6504265063, 815407.1646529245], [2030445.5038292569, 815447.9057131576], [2030439.8703103377, 815459.9125789251], [2030433.9408602584, 815472.2832890886], [2030388.5784181813, 815568.7020595132], [2030343.512891503, 815664.3931410852], [2030295.4923182568, 815757.1688741702], [2030214.3077693433, 815880.4885094039], [2030157.7301265886, 815952.5067380863], [2029973.4909937526, 816180.9239321669], [2029861.2271106679, 816323.8698405105], [2029848.198593423, 816335.8694884168], [2029749.5941318406, 816429.3230416881], [2029692.4489049178, 816479.8642791668], [2029607.7742055051, 816548.2148642672], [2029519.5499725034, 816616.5621685088], [2029453.2361287605, 816666.0023583254], [2029205.4659550046, 816833.9331248427], [2029211.3685022586, 816847.7720079325], [2029214.6178395886, 816852.5072346738], [2029222.5932173429, 816864.164035503], [2029265.1279091672, 816927.9102990944], [2029387.4209716779, 817104.2190015904], [2029028.94334218, 817349.213262268], [2028885.3757159272, 817447.7219235001], [2028462.9687523402, 817736.343065425], [2028433.639086591, 817782.1815564103], [2028432.4307556762, 817808.0259929101], [2028438.5439324244, 817910.322048158], [2028457.7479622527, 818239.7810349155], [2028503.0510212625, 818803.3320731688], [2028517.0624761735, 818995.9137090014], [2028566.0915775886, 819679.5963967566], [2028579.6637289214, 820018.515010249], [2028585.2313030956, 820072.3958080248], [2028597.0016207532, 820135.3835429337], [2028666.372216926, 820278.1483492533], [2029030.1834971765, 820283.6020785079], [2029165.3571113334, 820284.0997809207], [2029362.6457587641, 820284.6604753417], [2029567.3264517644, 820287.7782512691], [2029843.29112293, 820291.3336903346], [2030191.4259253454, 820296.0577622446], [2030439.2899309231, 820300.3179243424], [2030755.7774869197, 820303.5600438312], [2031020.5036635117, 820305.29429235], [2031124.6248463385, 820301.0364268417], [2031167.5210860085, 820294.1653775872], [2031278.189171762, 820252.7845548452], [2031391.8067266801, 820219.4155270963], [2031634.1179218462, 820161.7958916739], [2031821.990249514, 820117.9521473378], [2031944.1793095926, 820091.5109272595], [2031988.8449026786, 820090.1034497521], [2032083.787298082, 820094.9393980951], [2032112.7718201715, 820097.5194454127], [2032319.8114323453, 820108.3032165089], [2032475.974177762, 820120.1240590084], [2033043.2341980943, 820173.904463266], [2033708.3942850966, 820230.7202945137], [2033732.654079095, 819968.6512648311], [2033759.9115705064, 819672.3677366655], [2033785.685469092, 819380.4506695827], [2033791.40068075, 819297.8241944124], [2033790.543070927, 819271.9774613463], [2033791.8035670968, 819204.6347482512], [2033784.281272427, 819058.2889123354], [2033775.9331919989, 818858.4307162608], [2033772.273094341, 818697.1643065085], [2033770.2865497612, 818623.993521103], [2033766.3200222545, 818472.1916593434], [2033759.1592754263, 818268.3305185032], [2033746.5664528476, 817900.653432335], [2033741.8295856705, 817646.56043659], [2033741.8302418424, 817388.468433082], [2033734.3778289256, 816923.2397047512], [2033725.3286344272, 816559.9353132438], [2033715.8939420138, 816274.8952009239], [2033703.5343866784, 815960.366302412], [2033686.2263504264, 815575.211560924], [2033679.792636259, 815510.0443684043], [2033672.1532158395, 815464.5329765138], [2033661.5456255076, 815427.3906623324], [2033651.5203830893, 815398.6213629227], [2033626.1513393377, 815334.8885507567], [2033572.1399644178, 815224.1643627571], [2033542.6265720138, 815162.6110081647], [2033491.8714241695, 815049.7063783455], [2033417.5064154286, 814885.8120210874], [2033333.7027772528, 814696.4259169222], [2033280.2914667572, 814576.2381651666], [2033166.3950410045, 814311.4660569391], [2033101.7734510917, 814161.780660745], [2032975.2084155104, 813846.7602934216]]]}}, {"type": "Feature", "properties": {"precinct_code": "19", "precinct_name": "AMERICAN LEGION POST 7", "county": "DURHAM"}, "geometry": {"type": "Polygon", "coordinates": [[[2038039.9502544985, 820414.3836410892], [2037970.1636486803, 820400.0965961602], [2037938.520339249, 820395.6874842538], [2037914.2687473462, 820393.471937504], [2037851.8640165012, 820389.0231275258], [2037798.9198966774, 820387.8626967467], [2037693.910920338, 820392.0959560123], [2037640.366408006, 820397.8518499982], [2037593.6197823454, 820407.6205312654], [2037502.1993615031, 820425.7048126794], [2036918.4574187535, 820552.0093501023], [2036901.292754918, 820559.268193847], [2036879.3876150108, 820573.0736124059], [2036859.0054379252, 820551.570374593], [2036808.4684655087, 820518.0169639939], [2036688.7633243338, 820448.338625669], [2036621.9573555884, 820415.1290464301], [2036536.5234713408, 820376.800382925], [2036485.6728512645, 820357.0796218422], [2036339.616056756, 820307.7555735123], [2036268.0584570912, 820289.4659119244], [2036167.2213884296, 820268.2280935044], [2036129.3681176747, 820262.3570422545], [2035989.1876237523, 820244.347891926], [2035935.065028593, 820239.1851725761], [2035817.644003586, 820233.9453536768], [2035731.8597263396, 820238.9371415786], [2035615.014159501, 820247.1677681708], [2035322.1650076828, 820264.287156515], [2035146.4560414997, 820274.2690919286], [2035044.4060487603, 820277.4232850877], [2034683.534395174, 820288.279562587], [2034565.2278732497, 820281.5876468506], [2034492.4698166696, 820277.1335875171], [2034330.0882516797, 820272.9390420913], [2034231.0021637527, 820271.0033504152], [2033985.518074678, 820255.0650620856], [2033708.3942850966, 820230.7202945137], [2033043.2341980943, 820173.904463266], [2032475.974177762, 820120.1240590084], [2032319.8114323453, 820108.3032165089], [2032112.7718201715, 820097.5194454127], [2032083.787298082, 820094.9393980951], [2031988.8449026786, 820090.1034497521], [2031944.1793095926, 820091.5109272595], [2031821.990249514, 820117.9521473378], [2031634.1179218462, 820161.7958916739], [2031391.8067266801, 820219.4155270963], [2031278.189171762, 820252.7845548452], [2031167.5210860085, 820294.1653775872], [2031278.238384262, 820761.6893769274], [2031300.8964754187, 820871.6484745968], [2031372.3979728373, 821220.8236292627], [2031410.9434994326, 821408.7008781654], [2031445.084179178, 821566.7238560992], [2031463.6261368382, 821652.289301767], [2031539.828740345, 822026.9519382587], [2031624.8587540104, 822442.0308324968], [2031655.3255565907, 822439.1512450791], [2031677.5079269258, 822439.175195164], [2031703.8277561674, 822442.1158060839], [2031721.864793583, 822446.1397481731], [2031743.1511683448, 822454.1712281696], [2031789.8702350117, 822465.1423348355], [2031828.0161560937, 822472.1003261551], [2031834.5240170949, 822471.0153545958], [2031869.1230292611, 822476.1492025844], [2031891.593456761, 822483.0901335923], [2031948.9457042536, 822506.813839422], [2032035.5580638358, 822549.499121494], [2032078.7794340844, 822783.6138107637], [2032248.5254856783, 823610.1354516641], [2032272.656342925, 823720.09750209], [2032287.073636921, 823787.8221041765], [2032311.2025256755, 823899.2401884189], [2032347.39602284, 824066.0033063422], [2032351.516093343, 824084.5731510778], [2032363.284114422, 824140.6458735883], [2032373.5757605133, 824194.532904919], [2032381.5150490843, 824236.0406959233], [2032393.8601687565, 824305.2190352506], [2032532.0278714292, 824255.8644751696], [2032563.0908014167, 824247.1620647552], [2032683.7936440099, 824212.7139709324], [2032741.7758115095, 824198.5814532508], [2032816.0253349238, 824183.0112744222], [2032953.5749285952, 824158.775758601], [2033059.7646768373, 824143.9700139123], [2033162.1066637645, 824132.0727280071], [2033249.6570135965, 824123.7991225169], [2033312.9528187504, 824118.7745262559], [2034133.7280800939, 824053.1007730771], [2034337.8129737515, 824036.9577607595], [2036099.781890751, 823876.7162833472], [2036309.1968262633, 823857.3170439344], [2036342.3014188395, 823873.0112382595], [2036820.2499380095, 824095.6620396713], [2036813.9274440869, 824184.8400109229], [2036807.8792278455, 824291.1278560911], [2036801.4901330026, 824433.4536869386], [2036799.2558855128, 824564.1358402476], [2036804.1699176738, 824654.7842809915], [2036813.826394422, 824737.0659405882], [2036855.7465861759, 825032.3432371757], [2036931.1230758445, 825531.8806239202], [2036986.5701434175, 825886.1473038392], [2037012.6698287562, 826060.9127023375], [2037026.8696034984, 826056.9261617446], [2037044.61300634, 826057.3126439146], [2037050.8203430017, 826059.5045686675], [2037100.7933401782, 826063.5721458497], [2037184.762004256, 826077.8752668353], [2037264.5804141765, 826099.8181363386], [2037326.657717841, 826119.9184898463], [2037382.8124611685, 826146.1996052613], [2037446.6486195931, 826178.3153546761], [2037719.945973262, 826372.6909501628], [2037803.849020677, 826436.8673309985], [2037953.9186024223, 826559.3736476719], [2038137.3257159283, 826741.6245954913], [2038171.2866060135, 826777.7072005188], [2038284.9642001686, 826911.8168404175], [2038295.0012535881, 826925.2987688332], [2038280.7391430128, 826976.9718938413], [2038272.7086472525, 827012.272020092], [2038266.7496696715, 827046.4825815907], [2038258.3635315911, 827128.0135864959], [2038255.942604675, 827170.2375834287], [2038260.5446295873, 827269.6225552664], [2038267.2686975016, 827328.9679090121], [2038332.760036334, 827675.9701677613], [2038466.3411340136, 828414.3909349969], [2038475.6993830062, 828494.1250274911], [2038477.1380284296, 828524.341174429], [2038474.6938075856, 828584.4024059965], [2038469.3129128388, 828628.8065166792], [2038460.3851091717, 828672.1141728463], [2038437.5265590833, 828740.521188256], [2038395.6880600918, 828851.1305470938], [2038381.725489586, 828900.6199494096], [2038408.6079817559, 828920.6766678382], [2038491.9427888396, 828960.4646460045], [2038564.649992511, 828986.7700395973], [2038634.4093674258, 829006.1551714224], [2038807.9205033323, 829054.435586678], [2039018.6786120099, 829110.4111965009], [2039151.9975710965, 829140.8028680146], [2039256.0619955058, 829156.2309867565], [2039319.3331944197, 829162.1400956698], [2039398.8691245918, 829166.978996751], [2039460.3745790129, 829166.6978293433], [2039473.385051669, 829166.7152177525], [2039620.3565425132, 829159.2687103361], [2039924.6544903375, 829140.0236701058], [2040142.8974921696, 829126.4882640723], [2040185.775687264, 829124.7267846519], [2040236.6410710956, 829120.7920812451], [2040302.2977639274, 829112.1454450149], [2040452.54713534, 829086.506388675], [2040507.8590325855, 829074.5697327675], [2040636.2419779298, 829038.344411514], [2040781.203630255, 828988.309734662], [2040985.935832335, 828910.3289194995], [2041664.0673500898, 828636.4433124125], [2042220.611512586, 828407.9017747334], [2042281.5598815093, 828384.6918474241], [2042501.9816847604, 828300.5558608335], [2042528.8973133424, 828296.2264731588], [2042586.5740352592, 828286.4814139116], [2042700.7165235134, 828286.2832515896], [2042788.836754084, 828286.4115321769], [2043261.637645753, 828308.2179190184], [2043608.1805878414, 828324.3838971562], [2043620.3042512531, 828324.4019417606], [2043700.1430023483, 828325.612897336], [2043789.7399360104, 828326.8382885921], [2043987.0111950045, 828302.743520505], [2044045.8752505046, 828290.4548311674], [2044224.226927921, 828263.0569200938], [2044825.8320239177, 828171.8707507538], [2045287.2490800926, 828097.5894032634], [2045643.677829175, 828032.61676417], [2045862.8601335892, 827992.5515555986], [2046193.853566097, 827931.9138815769], [2047001.3749169242, 827785.0368787593], [2046996.7614090901, 827711.4960153379], [2046997.127222, 827667.8136880039], [2047000.4831864242, 827603.3863234327], [2047013.737425015, 827451.6084117579], [2047051.7924670132, 827140.0627749943], [2047069.7717617596, 826992.6608388297], [2047073.37247634, 826960.2685151675], [2047084.5328870867, 826823.7763340924], [2047094.8957272635, 826447.3899477554], [2047099.797948421, 825972.3439818391], [2047105.3701157584, 825632.7167083445], [2047122.3799242529, 825353.1723199127], [2047131.7965720904, 825198.1125906726], [2047155.0980346787, 824868.3429090115], [2047165.9936821768, 824713.2858044213], [2047172.2922260012, 824658.6920815894], [2047177.1163633463, 824601.1836664099], [2047178.6987092658, 824536.7536771704], [2047177.3099325015, 824480.6917814263], [2047150.985510095, 824114.4398892539], [2047142.2224042562, 824046.3530831846], [2047131.9606137583, 823990.6409242487], [2047109.3655145923, 823879.9410144222], [2047101.4393493375, 823843.1618885114], [2047081.1634712531, 823761.5875765876], [2047073.5201138398, 823732.817292932], [2046917.9882726665, 823156.6813060949], [2046828.2397645107, 822869.6864732486], [2046816.4861790847, 822821.6163594293], [2046797.1184356827, 822725.8471940107], [2046790.110903753, 822669.0480950007], [2046783.4891978353, 822555.4617080019], [2046782.1079670032, 822494.3036938399], [2046781.9229280038, 822424.7746334119], [2046778.5446539214, 822317.3821316811], [2046772.0971602506, 822094.5889420944], [2046759.355715929, 821552.1723759861], [2046756.462349011, 821511.7610395114], [2046748.5463543385, 821467.7017444209], [2046728.8410131778, 821397.7776716739], [2046712.9450475874, 821350.0651686679], [2046625.451128094, 821128.5994042547], [2046554.785915093, 821112.4704995017], [2046416.6959681802, 821088.226125425], [2046359.6212791803, 821081.5834221691], [2046319.3956378421, 821081.5201020729], [2046154.0347480942, 821094.7287370719], [2045894.885332005, 821125.2644371551], [2045470.9599987566, 821174.112108498], [2045414.7566990843, 821177.6652509926], [2045357.3768925974, 821177.2124960162], [2045313.0180574204, 821172.0478081652], [2045275.4656390843, 821164.70924017], [2045242.3459546717, 821159.9261132729], [2045161.9173097603, 821145.2411032637], [2045110.7678057547, 821132.0577306745], [2045069.3820617655, 821117.0692435903], [2044861.291598677, 821027.2006569315], [2044824.9347160023, 821011.4920269257], [2044735.6720992622, 820970.5852845951], [2044296.7520453336, 820763.518441493], [2044133.592266679, 820689.3758732494], [2044062.6488390118, 820659.7834127685], [2044002.0469260956, 820637.4871974961], [2043952.9689402594, 820622.8527123434], [2043896.494643763, 820609.2992617383], [2043828.189006091, 820595.7284227655], [2043761.9457002578, 820587.6211555165], [2043732.369643927, 820586.1208304168], [2043691.2552248405, 820586.4236513387], [2043400.485793263, 820596.1851147491], [2043210.5855825099, 820601.3655505872], [2043106.4706332549, 820600.8484912451], [2042976.9249605853, 820595.9262569993], [2042826.3908128424, 820582.6014805089], [2042659.5906214998, 820567.7977043305], [2042553.1174092605, 820561.8187136594], [2042453.4420836724, 820559.1261337603], [2042386.2978610108, 820560.1212104977], [2042314.1221523439, 820563.2934482751], [2042254.0714194167, 820567.9391082411], [2042226.8562507618, 820570.0841170796], [2042129.8223240958, 820581.9577809974], [2042050.8260910048, 820597.497448089], [2041670.6185180836, 820686.5051440875], [2041585.996640085, 820706.4066790828], [2041471.4860423359, 820736.8226287371], [2041404.6101918386, 820757.4774430736], [2041320.2681689283, 820789.0288891762], [2041191.5331901773, 820839.0832510039], [2041063.6988001775, 820880.038877764], [2040981.146143764, 820901.4007116666], [2040933.5110684172, 820911.8911762546], [2040873.1558741769, 820923.4557856773], [2040823.4542019235, 820931.0312298387], [2040690.6332733321, 820942.4954457524], [2040640.0526658443, 820944.2454422673], [2040590.951386093, 820945.6338909292], [2040470.8725580133, 820940.0075898321], [2040394.8684449214, 820931.8944170979], [2040128.4286890926, 820889.6664831626], [2040071.651571677, 820880.4883519283], [2040052.1345503482, 820877.1855370114], [2039744.8861490923, 820827.6246125106], [2039706.442656428, 820821.7483119285], [2039508.3134595011, 820789.083022924], [2039366.3744389277, 820762.3186407582], [2039060.9383700043, 820682.553380341], [2038858.1041299999, 820628.0449591705], [2038532.8570770917, 820541.3427047667], [2038130.1380662608, 820434.8862247631], [2038089.3327016667, 820425.0043547704], [2038039.9502544985, 820414.3836410892]]]}}, {"type": "Feature", "properties": {"precinct_code": "21", "precinct_name": "CLUB BOULEVARD SCHOOL", "county": "DURHAM"}, "geometry": {"type": "Polygon", "coordinates": [[[2029134.3135382545, 825038.9541163461], [2029066.0033074175, 825033.7900846668], [2028822.9033999287, 825036.826495903], [2028713.1821626727, 825039.6312803234], [2028426.8999268415, 825047.725424263], [2028329.0064218335, 825051.9990377583], [2027963.1672585024, 825064.0252604132], [2028018.4309274983, 825725.1479539347], [2028020.0936538419, 825842.0017228413], [2028020.3705561769, 825861.6591638416], [2028022.8600525102, 826041.8543415096], [2028021.9515897646, 826064.4228659249], [2028023.2294743373, 826274.467065262], [2028040.6470904201, 826306.1540097573], [2028038.5719633412, 826311.6123321629], [2028017.8134746694, 826372.020675926], [2028016.8738440138, 826426.9877575999], [2028014.4722740066, 826464.480136678], [2028012.9712927635, 826487.7763499223], [2028014.7042289216, 826531.0971294126], [2028014.9932703369, 826538.3779547642], [2028017.9151805055, 826575.1472381685], [2028014.8436643316, 826694.908809687], [2028004.4096300893, 826782.9932791748], [2027978.2859946801, 826888.1718745782], [2027968.1764348464, 826946.0421656665], [2027956.2706187516, 827026.8444975056], [2027953.2424095885, 827101.4670516693], [2027935.3379178343, 827581.9644502599], [2027934.4009118376, 827634.3833086878], [2027931.887465418, 827789.4561612742], [2027932.664694846, 828215.7318835132], [2027932.3129895043, 828585.218349239], [2027933.077751756, 829024.5993602717], [2027934.182080253, 829417.7494925803], [2028117.8139308384, 829411.7363812622], [2028283.9976535898, 829407.89190077], [2028892.8517508362, 829387.007100003], [2028858.75864318, 829476.8884819015], [2028845.4263207626, 829503.4491243345], [2028821.1478260013, 829535.8237315085], [2028793.0297720123, 829563.4621276718], [2028775.8697013413, 829573.6382884419], [2028759.5947995025, 829585.6349835824], [2028753.6732234198, 829593.6379203291], [2028629.8279986668, 829845.7876785136], [2028595.1302334215, 829950.5935712607], [2028587.1289370963, 829968.7871044255], [2028555.7484224297, 830007.343457753], [2028487.0782841723, 830080.0821574267], [2028451.5619510124, 830114.9944891826], [2028313.0409025862, 830259.7432154223], [2028266.2870590826, 830296.8290992527], [2028246.7500246756, 830319.3799071843], [2028224.245804593, 830352.8486722566], [2028194.3311662518, 830405.2399716711], [2028170.9299663438, 830449.264818008], [2028147.5399212558, 830481.6407375069], [2028126.8211306792, 830503.462544275], [2028117.9458203465, 830508.5504605811], [2028099.3123274313, 830514.3572075119], [2028034.532273262, 830541.2331380087], [2028007.3167765155, 830554.3121800865], [2027987.7984428422, 830557.9338920048], [2027934.273943587, 830564.0713469307], [2027934.2690223476, 830569.167793423], [2027921.6069741677, 830825.066887918], [2027901.2451382584, 831094.0640533412], [2027945.6016768354, 831089.0099295798], [2028085.7565802624, 831084.7753580079], [2028347.1599288434, 831058.8164204252], [2028423.7463898368, 831052.7022594309], [2028510.0864402507, 831050.2376974237], [2028621.845731171, 831057.2629458468], [2028691.91022359, 831068.6162695966], [2028765.2201163461, 831086.8895269978], [2028849.4627300075, 831112.8179528482], [2029132.3269936726, 831212.1130298455], [2029183.7593055058, 831227.4532222578], [2029213.0253230915, 831233.3068850891], [2029253.231607512, 831238.8072021746], [2029279.5429065973, 831242.8377059347], [2029323.00443384, 831245.4292361763], [2029373.270409421, 831244.3875715845], [2029418.513757257, 831239.3364005799], [2029479.7291860115, 831228.8410147573], [2029532.0788188432, 831213.9686691738], [2029594.7883390922, 831187.8217398311], [2029694.7779685096, 831137.3228250925], [2029709.8563504212, 831138.4301063466], [2029726.4058580096, 831146.4556808207], [2029739.993429257, 831159.9382654267], [2029781.6167055974, 831226.2337365008], [2029890.5351229305, 831408.7222166676], [2030149.0995664317, 831842.5438555906], [2030503.8833056686, 832430.4518005258], [2030529.2687535884, 832470.5212741833], [2030662.1359419227, 832361.0874379212], [2030720.1312327539, 832317.8286661606], [2030736.108234927, 832307.2886609944], [2030818.6487522568, 832259.6873782638], [2030919.8217782525, 832207.0096620953], [2031230.7237155149, 832059.1795771738], [2031321.248468847, 832011.9523094153], [2031402.014711514, 831966.1709049158], [2031467.1087414187, 831922.1933025816], [2031520.9639486666, 831881.8439738365], [2031837.3215836731, 831616.8090708519], [2031909.8316092652, 831552.0906963248], [2031946.532979428, 831517.1839420078], [2031974.9512296754, 831486.2725865024], [2032008.1125806728, 831444.0817259843], [2032027.658801421, 831414.9807343149], [2032067.6393645098, 831355.6878739087], [2032093.405061008, 831317.493068425], [2032137.8518225115, 831230.1750015971], [2032150.8980562543, 831196.6986905939], [2032187.1200966695, 831060.2281629955], [2032219.8496900052, 830873.5179065012], [2032293.642193348, 830451.6909942591], [2032368.3326607642, 830021.856880175], [2032441.8348103461, 829599.3026071823], [2032485.5758645816, 829351.4484440859], [2032517.1237017498, 829166.9215821816], [2032578.132109926, 828814.9754356679], [2032586.787932502, 828742.5438219972], [2032590.6691583395, 828709.0576684878], [2032593.4480241688, 828603.1287465089], [2032594.38896717, 828554.7144732736], [2032587.9175234302, 828257.6615896733], [2032580.6150445945, 827910.0080855049], [2032576.4798822554, 827639.1677479097], [2032571.9513480074, 827456.4217223272], [2032559.1324760027, 826749.4687399323], [2032549.3719968342, 826217.6161290844], [2032544.8195125014, 826055.9835783326], [2032534.02425851, 825656.9997962563], [2032527.5606887643, 825351.5752102647], [2032525.594157264, 825258.0183107604], [2032521.0964628467, 825046.8789692462], [2032515.279217257, 824958.7780955767], [2032505.6096171737, 824877.5899377624], [2032501.495452179, 824853.9236465113], [2032469.4351488354, 824695.5371522788], [2032458.843962671, 824645.2902055124], [2032436.7806865864, 824538.9705362496], [2032417.6724570836, 824434.838198584], [2032408.265651761, 824383.1362022704], [2032393.8601687565, 824305.2190352506], [2032300.367901669, 824338.6061075899], [2032236.4618615054, 824361.4695789355], [2032125.5050624332, 824409.3992730766], [2031430.1363744293, 824754.470433338], [2031226.2637506733, 824855.087686163], [2031023.8711108414, 824956.0723923356], [2030739.517348841, 825098.1068851808], [2030437.4129661785, 825249.2266616682], [2030313.433555333, 825313.1668225093], [2030137.0825300948, 825403.627599577], [2030056.010185676, 825443.587493414], [2029986.2550758417, 825406.3854680876], [2029537.8678492615, 825166.0381797706], [2029445.9398835003, 825120.0786259943], [2029360.8002900034, 825087.5950951624], [2029274.4697540093, 825062.7552498414], [2029175.4164744157, 825043.7274007414], [2029134.3135382545, 825038.9541163461]]]}}, {"type": "Feature", "properties": {"precinct_code": "22", "precinct_name": "VFW POST 2740", "county": "DURHAM"}, "geometry": {"type": "Polygon", "coordinates": [[[2032408.265651761, 824383.1362022704], [2032417.6724570836, 824434.838198584], [2032436.7806865864, 824538.9705362496], [2032458.843962671, 824645.2902055124], [2032469.4351488354, 824695.5371522788], [2032501.495452179, 824853.9236465113], [2032505.6096171737, 824877.5899377624], [2032515.279217257, 824958.7780955767], [2032521.0964628467, 825046.8789692462], [2032525.594157264, 825258.0183107604], [2032527.5606887643, 825351.5752102647], [2032534.02425851, 825656.9997962563], [2032544.8195125014, 826055.9835783326], [2032549.3719968342, 826217.6161290844], [2032559.1324760027, 826749.4687399323], [2032571.9513480074, 827456.4217223272], [2032576.4798822554, 827639.1677479097], [2032580.6150445945, 827910.0080855049], [2032587.9175234302, 828257.6615896733], [2032594.38896717, 828554.7144732736], [2032593.4480241688, 828603.1287465089], [2032590.6691583395, 828709.0576684878], [2032586.787932502, 828742.5438219972], [2032578.132109926, 828814.9754356679], [2032517.1237017498, 829166.9215821816], [2032485.5758645816, 829351.4484440859], [2032441.8348103461, 829599.3026071823], [2032368.3326607642, 830021.856880175], [2032293.642193348, 830451.6909942591], [2032219.8496900052, 830873.5179065012], [2032187.1200966695, 831060.2281629955], [2032150.8980562543, 831196.6986905939], [2032137.8518225115, 831230.1750015971], [2032093.405061008, 831317.493068425], [2032067.6393645098, 831355.6878739087], [2032027.658801421, 831414.9807343149], [2032008.1125806728, 831444.0817259843], [2031974.9512296754, 831486.2725865024], [2031946.532979428, 831517.1839420078], [2031909.8316092652, 831552.0906963248], [2031837.3215836731, 831616.8090708519], [2031520.9639486666, 831881.8439738365], [2031467.1087414187, 831922.1933025816], [2031402.014711514, 831966.1709049158], [2031321.248468847, 832011.9523094153], [2031230.7237155149, 832059.1795771738], [2030919.8217782525, 832207.0096620953], [2030818.6487522568, 832259.6873782638], [2030736.108234927, 832307.2886609944], [2030720.1312327539, 832317.8286661606], [2030662.1359419227, 832361.0874379212], [2030529.2687535884, 832470.5212741833], [2030257.913325176, 832695.9378180876], [2030203.4616624261, 832744.6614739061], [2030194.8796585945, 832752.297285412], [2030126.8082724202, 832819.9365858464], [2030063.7608263341, 832890.1293588355], [2029999.2209291754, 832974.5179695794], [2029962.7977736746, 833030.541151507], [2029926.9664805082, 833086.2011451729], [2029879.2736625094, 833176.7954521785], [2029847.2697895041, 833248.476411167], [2029739.3789291685, 833517.3840098426], [2029556.7953048332, 833975.5120305907], [2029344.586739762, 834500.2288289211], [2029333.9177978337, 834526.0640790863], [2029327.3987820004, 834540.9826844172], [2029317.0257712614, 834566.4544182512], [2029253.927472265, 834693.4377600831], [2029208.6083371802, 834780.0314189311], [2029144.3387806704, 834896.45703909], [2028861.1828509262, 835430.9359570073], [2028822.9572055957, 835521.5417469277], [2028795.0907915076, 835599.7807636729], [2028774.6308586753, 835662.3738143464], [2028739.644052012, 835766.8161907577], [2028681.1976465865, 835978.9880105009], [2028623.8988766687, 836227.9284575046], [2028579.0387301736, 836454.3112068363], [2028565.6526020933, 836539.845156507], [2028546.2497537585, 836732.3982490896], [2028506.5526546673, 837427.6570291638], [2028501.7777298398, 837473.8842989131], [2028500.2688745868, 837505.9176994184], [2028519.1835349197, 837510.3041735834], [2028538.982707919, 837517.6040277526], [2028558.4833250935, 837527.4517770846], [2028577.6866987636, 837539.119732745], [2028592.7519573434, 837550.4192508397], [2028637.933953584, 837598.1511107424], [2028693.1477539225, 837665.1867378252], [2028747.1719240847, 837739.5018779301], [2028831.2954435032, 837866.9950612428], [2028982.4257186789, 838091.022500332], [2029112.592781171, 838288.09198808], [2029618.796493172, 839039.2299215075], [2029692.2865036728, 839151.4258913477], [2029776.4044456773, 839276.373476078], [2029796.4746155126, 839306.2444793354], [2029877.9321297563, 839430.4620786747], [2030052.642738341, 839704.3916489149], [2030132.6120665958, 839836.2529337419], [2030225.2650965017, 839993.6099025019], [2030274.2462977632, 840077.0234495953], [2030292.8318905085, 840112.3537595136], [2030423.8395025118, 840336.732575829], [2030454.826645255, 840384.0887803418], [2030492.9069496694, 840432.1805476706], [2030533.948534249, 840474.8149768396], [2030928.2627062511, 840468.3113809047], [2031008.0712736691, 840466.9393364155], [2031422.7748405952, 840465.9245746839], [2031525.9334269168, 840465.6712943311], [2031963.9958710065, 840457.4081875143], [2032093.1675286733, 840455.3652125747], [2032181.548257427, 840454.0056352647], [2032465.609041006, 840448.8583358416], [2032516.1545435928, 840448.186093099], [2032888.0087867544, 840438.4075693394], [2032870.0104631772, 839881.7833545014], [2032856.8651482598, 839478.4222845901], [2032844.5741623358, 839103.4564990838], [2032825.0056319232, 838363.7237265875], [2032825.3094370952, 838356.4435574217], [2032830.733310759, 838264.3499095764], [2032852.138451679, 837891.6065605836], [2032858.4537277543, 837795.5096399264], [2032865.6695925877, 837687.4006041789], [2032921.2990744999, 836848.0092383354], [2032928.2662521745, 836698.4009417652], [2032933.1113868367, 836595.7499003351], [2032944.6274399322, 836344.2179230759], [2032957.9591061785, 836055.5574111858], [2032975.4531656806, 835746.1518620122], [2032977.2668103443, 835710.4790330818], [2032980.8836010082, 835648.9620957536], [2032982.999738516, 835607.4651315017], [2032994.2949915093, 835552.8733771758], [2032998.8602710976, 835436.7528744909], [2033013.1765154297, 835061.8189130978], [2033028.3963012553, 834672.6887858341], [2033038.2771870047, 834562.0348076713], [2033039.1738387644, 834553.2992608421], [2033060.05010934, 834392.4219579144], [2033065.4014765904, 834365.853769583], [2033074.9201583406, 834314.536615003], [2033085.626173676, 834258.8520150944], [2033100.807245673, 834167.1340226714], [2033141.2946975084, 833919.6400950892], [2033149.630966917, 833868.3213000916], [2033166.8888064192, 833770.7811408343], [2033231.1629560897, 833405.3688139151], [2033236.826986758, 833364.2399591638], [2033240.404407427, 833338.0339748341], [2033282.3918562543, 833334.0772898298], [2033397.7167568342, 833316.7351329025], [2033455.9728739273, 833306.2446683238], [2033536.7026993344, 833292.1393815858], [2033591.7042297565, 833283.4658425002], [2033667.4110993438, 833266.8070831747], [2033717.687901675, 833253.3956926796], [2033749.039545014, 833242.875044424], [2033893.9752787508, 833186.9817835153], [2033961.417401091, 833158.665239096], [2034002.2417945107, 833138.3270251761], [2034028.868053587, 833123.4326980138], [2034097.2051872616, 833088.565313671], [2034116.7300825878, 833078.7592309263], [2034128.5417387632, 833091.1499541629], [2034184.056719586, 833150.187237664], [2034686.6383915832, 833679.3466124224], [2034789.6910070032, 833788.6771024188], [2034951.5033474285, 833959.9628490902], [2035077.8807193327, 834093.7122535165], [2035140.7693730905, 834164.0451180866], [2035288.1083172548, 834320.7544503373], [2035869.4765770866, 834939.2167960943], [2035904.0217835917, 834975.6619331697], [2036199.8637115965, 835289.818785183], [2036581.321282013, 835692.9082020723], [2036803.931729167, 835928.3499884087], [2036894.8649462613, 836024.2037993355], [2037079.115233928, 835731.3920489965], [2037108.4422750047, 835684.1053981674], [2037326.7672976716, 835334.1858224298], [2037381.8554420925, 835255.625612089], [2037392.5138853337, 835243.2621197541], [2037406.7212060085, 835230.1752036667], [2037437.789713427, 835209.1010988381], [2037472.9871495978, 835196.0407575086], [2037313.225986169, 834591.1846837656], [2037256.7343012558, 834377.0637209164], [2037240.845553504, 834317.3427117624], [2037195.2337680918, 834149.103546917], [2037163.7462982542, 834033.3025974192], [2037090.7753155963, 833756.5482296762], [2036940.417676671, 833184.833493846], [2036890.6884454198, 832996.568122337], [2036875.396153166, 832931.3878065035], [2036855.6931085873, 832846.9083166734], [2036848.3745536814, 832788.6548242598], [2036841.3742395935, 832712.5640971699], [2036895.8045769173, 832689.6986573276], [2037041.5998890118, 832662.5799451699], [2037628.0399890854, 832550.4771510054], [2037987.6550835073, 832481.4110161624], [2038356.4414194229, 832409.0850453468], [2038395.184780254, 832400.3990391004], [2038431.8625284284, 832388.7980124182], [2038470.612450928, 832375.0158877538], [2038555.5158244213, 832338.7242936799], [2038592.2014465937, 832320.9352872568], [2038635.6987349228, 832294.7824524196], [2038677.1287701717, 832266.8067865622], [2038709.683495089, 832242.8238949223], [2038758.5206677604, 832203.2091447564], [2038827.4978920084, 832137.4113760951], [2038847.929609672, 832114.1404252418], [2038870.4390790907, 832085.0479637446], [2038925.2385101777, 832008.6747569314], [2039036.3350727553, 831842.4615066533], [2039049.6746130139, 831816.6331462566], [2039059.4738060103, 831784.9757292664], [2039064.5413811794, 831754.0400955878], [2039067.2388823496, 831726.7415937542], [2039067.5646690878, 831704.172413172], [2039064.6440712526, 831676.8663654168], [2039057.2956607628, 831644.4579656563], [2039038.4587561795, 831579.6359168683], [2039024.605765508, 831546.8551424977], [2038990.392579346, 831483.104613839], [2038964.1327893443, 831441.5705761742], [2038941.1141345957, 831408.4134902514], [2038890.6381856785, 831344.641636176], [2038621.648894251, 831063.2570283519], [2038595.069223002, 831039.5602253263], [2038566.4321411715, 831006.3962496632], [2038526.8656192562, 830964.8448235845], [2038483.7672802506, 830910.9121886687], [2038456.6177282638, 830870.4696842573], [2038435.3808940933, 830830.7627426524], [2038415.3418921684, 830779.4088427665], [2038399.435756011, 830733.1563105889], [2038394.1477088332, 830706.9394995115], [2038385.6267285047, 830665.7932563416], [2038363.3495420949, 830516.8768874942], [2038354.9355169255, 830393.8246401687], [2038349.7130864265, 830317.3720371746], [2038346.3551534999, 829945.331442671], [2038344.8095529224, 829770.5965559193], [2038347.045112761, 829643.5538310121], [2038350.2330985055, 829466.640798993], [2038356.7649095939, 829220.2029716597], [2038363.8055779198, 829036.7427086593], [2038375.463034928, 828941.0188187513], [2038381.725489586, 828900.6199494096], [2038395.6880600918, 828851.1305470938], [2038437.5265590833, 828740.521188256], [2038460.3851091717, 828672.1141728463], [2038469.3129128388, 828628.8065166792], [2038474.6938075856, 828584.4024059965], [2038477.1380284296, 828524.341174429], [2038475.6993830062, 828494.1250274911], [2038466.3411340136, 828414.3909349969], [2038332.760036334, 827675.9701677613], [2038267.2686975016, 827328.9679090121], [2038260.5446295873, 827269.6225552664], [2038255.942604675, 827170.2375834287], [2038258.3635315911, 827128.0135864959], [2038266.7496696715, 827046.4825815907], [2038272.7086472525, 827012.272020092], [2038280.7391430128, 826976.9718938413], [2038295.0012535881, 826925.2987688332], [2038284.9642001686, 826911.8168404175], [2038171.2866060135, 826777.7072005188], [2038137.3257159283, 826741.6245954913], [2037953.9186024223, 826559.3736476719], [2037803.849020677, 826436.8673309985], [2037719.945973262, 826372.6909501628], [2037446.6486195931, 826178.3153546761], [2037382.8124611685, 826146.1996052613], [2037326.657717841, 826119.9184898463], [2037264.5804141765, 826099.8181363386], [2037184.762004256, 826077.8752668353], [2037100.7933401782, 826063.5721458497], [2037050.8203430017, 826059.5045686675], [2037044.61300634, 826057.3126439146], [2037026.8696034984, 826056.9261617446], [2037012.6698287562, 826060.9127023375], [2036986.5701434175, 825886.1473038392], [2036931.1230758445, 825531.8806239202], [2036855.7465861759, 825032.3432371757], [2036813.826394422, 824737.0659405882], [2036804.1699176738, 824654.7842809915], [2036799.2558855128, 824564.1358402476], [2036801.4901330026, 824433.4536869386], [2036807.8792278455, 824291.1278560911], [2036813.9274440869, 824184.8400109229], [2036820.2499380095, 824095.6620396713], [2036342.3014188395, 823873.0112382595], [2036309.1968262633, 823857.3170439344], [2036099.781890751, 823876.7162833472], [2034337.8129737515, 824036.9577607595], [2034133.7280800939, 824053.1007730771], [2033312.9528187504, 824118.7745262559], [2033249.6570135965, 824123.7991225169], [2033162.1066637645, 824132.0727280071], [2033059.7646768373, 824143.9700139123], [2032953.5749285952, 824158.775758601], [2032816.0253349238, 824183.0112744222], [2032741.7758115095, 824198.5814532508], [2032683.7936440099, 824212.7139709324], [2032563.0908014167, 824247.1620647552], [2032532.0278714292, 824255.8644751696], [2032393.8601687565, 824305.2190352506], [2032408.265651761, 824383.1362022704]]]}}, {"type": "Feature", "properties": {"precinct_code": "36", "precinct_name": "YATES BAPTIST CHURCH", "county": "DURHAM"}, "geometry": {"type": "Polygon", "coordinates": [[[2015492.5091290034, 803744.2837792542], [2015488.0813163358, 803722.4406470975], [2015471.8310207592, 803671.469620416], [2015456.1624169198, 803639.0638453519], [2015428.6634561706, 803591.7273258332], [2015415.0604650076, 803571.3353062676], [2015402.0473676766, 803554.5836993454], [2015348.508760841, 803498.8610417501], [2015320.1101955913, 803473.3650297568], [2015273.6604853421, 803444.2194187392], [2015228.6887904992, 803417.9868596796], [2015213.0070633427, 803410.698488425], [2015173.9487425084, 803395.3897920053], [2015073.0417920956, 803368.4003446714], [2015054.9903190122, 803364.7510737631], [2014892.2239122544, 803346.1031451623], [2014485.0058946759, 803309.8620759266], [2014116.8521034287, 803276.1931800031], [2014053.817780672, 803266.3346039096], [2013965.9298330853, 803242.9957398461], [2013920.9519046675, 803226.5935416672], [2013855.263387755, 803197.0771965038], [2013783.3642533415, 803157.7295061625], [2013438.3731454315, 802947.1682474972], [2013375.353586421, 802903.4573769271], [2013333.3418594282, 802870.6769306634], [2013316.1824449303, 802857.2005796682], [2013249.2573819307, 802940.8939818491], [2013227.3420714303, 802972.553695424], [2013209.273538008, 803006.0349276618], [2013201.570141346, 803024.9604147513], [2013192.0842679304, 803058.8097565083], [2013185.5560657512, 803096.3004951595], [2013184.354296505, 803136.7055980791], [2013191.1384036676, 803187.3072029257], [2013275.8964362578, 803589.9474737573], [2013371.6140925882, 803966.3843849138], [2013390.5103802546, 804064.3133229072], [2013392.8427246802, 804141.4860688415], [2013390.7600516668, 804165.8744715017], [2013387.4834834207, 804212.1030535853], [2013383.6268638365, 804232.4862149323], [2013374.1413184996, 804265.9713841726], [2013360.2141810064, 804304.9148758324], [2013343.0331130035, 804340.2166425008], [2013315.1916332538, 804390.4383268342], [2013220.1193168447, 804553.8392467471], [2013159.4058555947, 804654.280646922], [2013088.379422842, 804654.2488228413], [2012970.596193837, 804649.8285560897], [2012726.7413665964, 804644.6254824965], [2012529.348060594, 804642.3564581567], [2012423.10352242, 804644.4955615054], [2012322.4803640833, 804651.0053909997], [2012209.128556669, 804664.4269520801], [2012106.1330277636, 804682.2208797472], [2012012.9019150145, 804704.7516745918], [2011926.7724940926, 804729.1059565818], [2011858.992774011, 804751.6475781695], [2011776.1162993442, 804783.2836697571], [2011755.3971806765, 804791.2836537426], [2011642.328509166, 804839.2888070896], [2011635.8167111725, 804841.8344056814], [2011410.5628965953, 804951.3151578346], [2011689.2037435023, 805289.5969615885], [2011730.0222314291, 805342.0315680079], [2011919.0264465967, 805585.6354114944], [2012010.126001926, 805703.2500056823], [2011873.6538339271, 805820.044391509], [2011825.9902153467, 805866.2552570765], [2011793.1280763447, 805900.8237575139], [2011741.610134751, 805966.3262511658], [2011716.7371530093, 806003.4462556802], [2011674.9787063457, 806085.333559083], [2011626.4059688465, 806187.2391951678], [2011608.9273292567, 806235.2827342618], [2011600.6268209226, 806271.6809554182], [2011590.2446238408, 806334.651958094], [2011564.4480875125, 806463.8682350755], [2011445.1737197642, 807266.1169586725], [2011413.130804838, 807481.9672487595], [2011745.6960845878, 807589.1195935071], [2012063.7597529285, 807694.4497634249], [2012228.5609325033, 807747.3007075844], [2012492.4783836755, 807831.8638586814], [2012738.93819259, 807910.5979531759], [2013226.5261281715, 808071.345335094], [2013752.5729763352, 808239.3994609409], [2014089.269481421, 808334.5679057505], [2014388.395851673, 808404.9683554939], [2014397.8643366676, 808406.4293105913], [2014665.9333543484, 808448.4239772515], [2014720.672418086, 808455.0036884944], [2014768.9019804297, 808460.8521020076], [2014775.1148945084, 808463.0394335955], [2015420.7408998464, 808536.1747859967], [2015871.969000013, 808583.009666086], [2016116.6640486731, 808614.0844070857], [2016212.824289427, 808629.4262399343], [2016300.9943886686, 808645.491824591], [2016422.59519534, 808673.2250368479], [2016536.7980509242, 808700.5904676829], [2016641.8257280132, 808731.9552343366], [2016804.245022593, 808785.9226460941], [2016908.380969167, 808822.7483598496], [2017162.4959465105, 808932.8291764259], [2017247.3940706714, 808975.8333554997], [2017375.1835132528, 809041.795822003], [2017418.6660378433, 809066.5749719286], [2017581.3537045873, 809160.9527359102], [2018081.2336103457, 809465.2119699159], [2018128.5599592612, 809492.5426239184], [2018298.3388191767, 809596.0292935944], [2018361.0493236762, 809626.2818577593], [2018400.092880755, 809649.2394889989], [2018487.9493323406, 809686.7886265116], [2018507.1786245855, 809692.6252289986], [2018545.9334683416, 809703.9342615021], [2018604.2148478497, 809718.8958457495], [2018651.5523515935, 809726.9342155051], [2018687.6493922614, 809729.8692490094], [2018684.4115378417, 809702.9299984254], [2018680.6162698427, 809622.4793719237], [2018678.577560008, 809571.1513905867], [2018676.3180500881, 809401.8810598373], [2018675.754074843, 809358.1984044149], [2018673.114316344, 809321.7949339172], [2018668.3971341713, 809294.4905265844], [2018654.5195372554, 809247.8872733432], [2018632.0681385852, 809189.99401643], [2018590.9875120975, 809112.4318355877], [2018222.476438092, 808348.4897939261], [2018143.8647186747, 808187.9087502398], [2017974.2259503445, 807840.8950085989], [2017777.1033130882, 807427.6143390826], [2017770.012448012, 807409.4089949287], [2017758.7975754288, 807360.2598149983], [2017756.7362278393, 807343.5137855149], [2017756.166347086, 807307.1116273513], [2017775.6925547572, 807314.0397630961], [2018179.8311821676, 807448.2458595107], [2018405.863210424, 807523.3743181665], [2018767.396936178, 807638.6329459219], [2018879.228077339, 807675.8343150811], [2019258.2096028477, 807801.6667405844], [2019301.6993452609, 807815.892105835], [2019453.7649860086, 807865.4989620042], [2019648.728506834, 807927.8758057468], [2019997.5280060936, 808043.1409951684], [2019996.0342426733, 807629.2510749268], [2019994.8751242594, 807593.2124330944], [2019988.2317648372, 807354.4120576661], [2019972.6149981786, 806820.7507234276], [2019952.1471913462, 806021.7178726777], [2019951.3269830043, 805922.3404467569], [2019946.36144176, 805826.236308257], [2019942.860792591, 805751.9743176633], [2019929.3476962605, 805604.5382608379], [2019906.3949862558, 805412.6852980994], [2019888.7250740977, 805285.2672458442], [2019874.0827149285, 805057.0186865944], [2019874.106008842, 805022.8009072344], [2019880.127322258, 804433.8250510846], [2019877.2119737573, 804368.664092185], [2019873.6890149256, 804326.4358301706], [2019860.1332677612, 804241.2466960876], [2019843.6106630138, 804166.612002828], [2019825.006369503, 804106.5366636683], [2019788.078621835, 804008.5913215023], [2019758.823431, 803943.7764905198], [2019724.5357699231, 803880.0505680942], [2019705.024326013, 803848.3678886803], [2019637.916848674, 803738.3900902536], [2019598.5973735002, 803675.0247314259], [2019524.388204338, 803562.1302721502], [2019460.7338040916, 803598.8536239279], [2019427.5754058373, 803616.3043764342], [2019370.736280679, 803640.656033756], [2019311.8269496697, 803662.8223280142], [2019233.9776959268, 803683.5201212626], [2019168.5641128423, 803696.2179305163], [2018837.3725180018, 803728.037420671], [2018290.419543669, 803780.4739955916], [2017878.4410369254, 803802.4257233413], [2017573.010873512, 803815.7098175], [2017266.3950169221, 803833.0007934314], [2017202.7639105923, 803835.8757876701], [2017122.8559339195, 803837.2852336837], [2017076.3934284293, 803834.3459351071], [2017016.912248179, 803825.5749552551], [2016970.7492827624, 803816.448005012], [2016926.0679416799, 803803.6816263392], [2016874.5818241704, 803786.9070536013], [2016836.70427525, 803779.2410584325], [2016821.0251727558, 803768.3116183537], [2016749.4206571723, 803740.2414645236], [2016660.3558746732, 803710.7054343475], [2016605.0206835112, 803696.4774444193], [2016520.6825975913, 803681.5050334196], [2016455.8723597536, 803675.28063641], [2016399.643141507, 803672.3370727707], [2016293.097094761, 803677.7379805885], [2016256.1007776728, 803681.3577240054], [2016134.4569920881, 803694.7592720082], [2015879.0342745949, 803723.3773250012], [2015496.0478358422, 803768.3109621727], [2015492.5091290034, 803744.2837792542]]]}}, {"type": "Feature", "properties": {"precinct_code": "37", "precinct_name": "COLE MILL CHURCH", "county": "DURHAM"}, "geometry": {"type": "Polygon", "coordinates": [[[2013663.8320120852, 828515.4087775935], [2013672.7378341707, 828440.7875357547], [2013681.0403110108, 828391.6478702564], [2013704.1695298401, 828253.6924374942], [2013647.9695110032, 828288.2487988173], [2013607.447610422, 828310.4357623388], [2013533.2043205944, 828356.9966928399], [2013435.888570339, 828420.2924980072], [2013360.7551904188, 828474.8622707587], [2013196.8798620105, 828598.9210777552], [2013072.9401492607, 828689.8723394208], [2013065.2495478408, 828695.329349483], [2012792.8147252481, 828911.4411220115], [2012724.7813967625, 828963.467264668], [2012659.9997021693, 829019.1354604133], [2012525.9970174292, 829140.2989319958], [2012466.5404434202, 829191.2371503413], [2012419.5060886757, 829234.9004488344], [2012365.6705664243, 829280.3810009228], [2012119.5614785864, 829500.1505744944], [2012055.373286754, 829555.8204106669], [2011955.3928436788, 829644.9662297495], [2011799.2120536708, 829784.3252030167], [2011711.6564545024, 829862.5560176641], [2011486.262548343, 830064.1379635934], [2011470.2898112522, 830078.3285520159], [2011401.668229342, 830135.8182664241], [2011385.9917515058, 830148.9169934912], [2011321.21300967, 830209.3204160058], [2011262.9447535123, 830256.621830576], [2011073.049135923, 830430.9183980133], [2011012.4140865935, 830484.771636753], [2010958.8787605895, 830529.5271246617], [2010909.482205838, 830576.4679756851], [2010812.171704917, 830660.8864420131], [2010756.5395983476, 830781.7231425982], [2010695.5925417547, 830883.2646061707], [2010661.86688742, 830933.4879309266], [2010606.2541377528, 831002.633133853], [2010550.6453250959, 831063.0414775881], [2010472.856766759, 831133.6351684141], [2010425.535011007, 831171.8411287476], [2010357.8084404152, 831219.5047473517], [2010289.197685258, 831259.8875405951], [2010189.8320703376, 831314.0931408391], [2009228.1427207608, 831809.5806669317], [2009043.6194677516, 831892.8856184273], [2008823.0227960956, 831984.9175865893], [2008357.0109328497, 832124.2037253374], [2008063.389800922, 832212.9446895901], [2007127.543575512, 832481.7190864254], [2006779.8205176762, 832584.292700176], [2006597.386171251, 832633.7588085927], [2006390.1169007556, 832683.2206519325], [2006272.1430553333, 832706.8570875765], [2005997.4651270045, 832753.7595528436], [2005846.9693650014, 832776.6627222657], [2005723.3810295006, 832790.1075772501], [2005586.1933117525, 832799.5458785917], [2005328.967448264, 832811.1469052647], [2005096.5781492603, 832815.8378407552], [2004976.244728507, 832816.5455165115], [2004539.5579378475, 832804.4615511759], [2004468.008868336, 832800.8103117432], [2004248.3350950917, 832792.7693173426], [2004206.6471863377, 832792.0350668422], [2004185.3598273392, 832791.3040971728], [2004185.3578588378, 832803.3168684302], [2004203.9644489302, 832943.4704595095], [2004225.820704431, 833098.1857012454], [2004234.3859760028, 833158.9795429279], [2004238.2258633366, 833186.2823098383], [2004239.1116883461, 833192.8347901655], [2004239.9978414183, 833197.931564746], [2004240.5887195035, 833201.2078049142], [2004242.6563006775, 833215.041110593], [2004278.098158926, 833467.682009487], [2004316.4934233425, 833737.796626754], [2004330.6699041708, 833836.8144733324], [2004361.0894627562, 834053.7802467482], [2004383.5342997613, 834216.8685032701], [2004404.7986929282, 834364.6674202548], [2004442.601110755, 834628.9579021679], [2004454.4140792622, 834712.686409251], [2004499.3030970849, 835027.9423404204], [2004722.2557351727, 836600.9483807494], [2004730.8190382558, 836660.650689174], [2004731.7051913436, 836666.8393250866], [2004732.591016336, 836673.0279609899], [2004893.8111663444, 837803.367563839], [2005129.421259418, 839439.3613390814], [2005131.4858878423, 839465.935761], [2005133.5521566735, 839482.3176180131], [2005169.3175050924, 839489.6046769102], [2005175.524513678, 839490.6978505859], [2005290.5098480138, 839490.7181917612], [2005372.40404117, 839408.8262951606], [2005423.5630595838, 839291.9817125887], [2005487.4385880088, 839146.3812820092], [2005503.7243165988, 838998.5876143379], [2005438.1260225934, 838867.5245562512], [2005438.1443952632, 838768.8721945006], [2005503.7794345934, 838703.3588740919], [2005766.2884240008, 838621.1385660857], [2005979.416934757, 838621.1812169233], [2006209.088391422, 838670.3730476588], [2006340.3204124258, 838736.2905667538], [2006488.0842245088, 838900.1366957587], [2006488.0550250874, 839031.5517872568], [2006405.8435753442, 839195.3473914283], [2006405.8051895935, 839371.5383119966], [2006405.9921970973, 839868.0766890153], [2006373.1641787589, 839949.9764595883], [2006373.1284176703, 840114.154608927], [2006488.0281222628, 840491.3162561517], [2006492.1652530883, 840495.3214975066], [2006553.632649838, 840556.8564794204], [2006914.5220199246, 840622.4649439924], [2007127.6357669232, 840622.5157969187], [2007275.438292846, 840573.4079555009], [2007483.8364980952, 840519.5835880901], [2007652.5953469276, 840589.8852847513], [2007734.7454450892, 840671.8139266717], [2007750.9763837596, 840770.1067091031], [2007800.3204451792, 840836.0094644384], [2007784.0071575935, 841048.9634348376], [2007751.1765145962, 841131.2260655933], [2007751.094165669, 841442.836990936], [2007783.8939688369, 841475.6085789162], [2007740.72410767, 841538.2104878406], [2007866.0014161759, 841705.3344974174], [2008095.6003664292, 841918.3557249156], [2008194.0106026672, 841967.8913870114], [2008325.2377024286, 841984.3096612608], [2008489.277728678, 841983.9927327373], [2008751.7607995109, 841918.5440447637], [2008866.4607013485, 841853.0527059245], [2008932.0767118316, 841853.0727189882], [2009047.0784503387, 841770.8366630137], [2009128.9559112624, 841754.4803965079], [2009211.1499725888, 841672.5989985948], [2009309.5854712578, 841639.5032642485], [2009358.6657536775, 841590.3744255072], [2009539.2756286708, 841541.2885656637], [2009719.5741525884, 841541.3476206741], [2009834.5348806698, 841590.5302650982], [2010031.3852087567, 841590.5968660021], [2010375.754598753, 841508.4454555032], [2010572.6052549186, 841508.5156653216], [2010687.5646706678, 841557.7015905811], [2010736.6114885937, 841606.8638938394], [2010884.378909587, 841656.0626143294], [2011031.8805830916, 841623.3546744919], [2011056.4307308327, 841576.7678254186], [2011261.545478091, 841606.6965713429], [2011359.9324204198, 841705.3869907429], [2011491.3773675128, 841918.397063433], [2011491.3130631757, 842082.5755408414], [2011442.1661798363, 842295.8789200025], [2011458.4551892588, 842968.2529033424], [2011573.3555500074, 843148.8581851817], [2011737.3690015064, 843198.0677324194], [2011829.8957193343, 843153.3286486693], [2011917.6442315152, 843230.9032966817], [2012131.0276630071, 843247.3720957505], [2012310.9872768384, 843326.0779750926], [2012342.6056519293, 843339.9247321596], [2012356.198472498, 843345.7547730035], [2012393.43133767, 843362.1520499294], [2012409.980517178, 843366.1635248299], [2012426.5296966727, 843370.5388441683], [2012524.6430175009, 843394.9705538471], [2012573.979204925, 843444.1361379223], [2012690.4222135085, 843454.7434001642], [2012754.259028091, 843460.5954225964], [2012852.656141015, 843509.7826601763], [2013410.0667715955, 843509.668159084], [2013426.0267134306, 843509.6757049962], [2013554.9034241736, 843474.4234789059], [2013618.4469322572, 843474.4530064111], [2013625.244818924, 843474.4562872557], [2013653.6177936804, 843474.4694105651], [2013686.4241585133, 843474.4848305056], [2013717.1626140913, 843471.950714838], [2013736.9644117514, 843471.9602292515], [2013767.6792453385, 843520.3909066687], [2013767.6776049295, 843524.0309912702], [2013774.1720145047, 843540.0516284952], [2013776.5240439158, 843566.6270346785], [2013780.6444425122, 843603.7604905809], [2013776.4941883371, 843630.3329440029], [2013772.0394728326, 843676.1989940153], [2013767.5863977536, 843718.0604588398], [2013767.570977838, 843750.823516671], [2013767.55358942, 843788.3188485148], [2013758.9712575083, 843812.3411101802], [2013735.316121085, 843836.7199984177], [2013710.4818531715, 843854.1819057553], [2013693.0333972566, 843878.1999023391], [2013662.2837868347, 843904.7602166653], [2013632.1227579264, 843937.5091669274], [2013630.0518959179, 843941.8766122514], [2013590.9814360156, 844067.4495238332], [2013607.4256288393, 844297.1619909278], [2013645.8304076798, 844331.0349546676], [2013719.0946968333, 844396.2310184927], [2013736.8197270057, 844412.2569050869], [2013755.1359633363, 844428.2827916718], [2013827.837917671, 844431.5931525149], [2014115.9853072625, 844444.8355800959], [2014493.1377681803, 844362.7481458372], [2015050.8528600943, 844313.5205539998], [2015083.6749729225, 844280.7742284201], [2015591.9921977532, 844315.2590675954], [2015805.6623740937, 844329.9348912514], [2015838.4677546786, 844329.9526077582], [2015920.288785265, 844411.9042154942], [2015969.590852006, 844510.2199637551], [2016133.5350779302, 844658.107135181], [2016297.523595094, 844723.7238018415], [2016429.029237582, 844740.178493332], [2016773.3421972524, 844723.6276734185], [2016986.7499069276, 844674.6061179221], [2017232.7645067566, 844461.062253657], [2017274.448478507, 844439.9727289205], [2017298.3942967523, 844428.3379096796], [2017429.6053204236, 844444.7968662514], [2017593.5429846812, 844592.3280672631], [2017741.1545660929, 844854.8849568338], [2017823.1547301712, 845117.4028045184], [2017954.5816326744, 845258.3638086821], [2018036.3901960861, 845346.8741303373], [2018167.8617179254, 845412.4812825936], [2018233.4701825082, 845412.5219649299], [2018348.1979714183, 845314.3043135933], [2018577.8277615015, 845314.0848258456], [2018659.9443951708, 845379.6631067547], [2018776.3762489262, 845392.4783698292], [2018856.769132762, 845379.7887626874], [2018971.489047678, 845297.9552649347], [2019098.8621525012, 845300.9503376767], [2019106.274211169, 845264.1876159153], [2019148.2908594306, 845186.6759599159], [2019210.4012995062, 845113.1816843393], [2019250.317230181, 845084.4494583377], [2019463.7485618452, 845002.6825614936], [2019634.9509753445, 844873.2008650821], [2019808.2039096807, 844772.8441104107], [2020119.758404673, 844690.7845632579], [2020300.4125709243, 844575.8746880837], [2020369.569256752, 844575.922588258], [2020398.8277284207, 844575.9429294146], [2020468.5437963458, 844621.1314873243], [2020480.646790506, 844641.5258035071], [2020595.612111761, 844641.6065120081], [2020718.8270884291, 844677.3682514956], [2020856.5164455913, 844722.6060219371], [2020964.948643431, 844766.0032448143], [2021021.970839083, 844789.3421089198], [2021333.7526958426, 844805.5848585794], [2021477.4118573384, 844768.1941853354], [2021563.4343230878, 844740.2267215853], [2021793.068378256, 844740.0321681591], [2021891.5074858386, 844707.3426010187], [2022252.2524992512, 844461.1636314307], [2022372.579030261, 844407.7421503393], [2022411.59404409, 844403.40357633], [2022431.085146844, 844422.7122647634], [2022449.146462425, 844379.0420765067], [2022645.965294509, 844395.5748518391], [2022698.2791662505, 844391.9751215043], [2022908.4204782548, 844379.033218251], [2023187.5039095879, 844264.2178310911], [2023335.0715278378, 844149.6645825073], [2023712.4828465136, 844149.6032309169], [2023876.5373084228, 844116.6092024138], [2024007.5311409228, 844034.8085130018], [2024155.345149755, 843985.421472673], [2024335.6151304233, 844001.9519514391], [2024483.3198875054, 844083.9822991795], [2024991.9546970143, 844084.0469315961], [2025155.8421645032, 843903.2628443314], [2025126.903246002, 843874.4794373341], [2025122.475105255, 843868.2868644097], [2025106.597840429, 843772.1686183313], [2025085.3416493381, 843744.8481349234], [2025033.9382088338, 843718.9577667551], [2024963.3153185854, 843702.8803711047], [2024874.6583436741, 843693.7042083344], [2024746.3889151828, 843694.6878021666], [2024704.1291571723, 843689.9197670938], [2024598.040130509, 843673.8131720126], [2024516.282420009, 843542.6930274263], [2024472.4180064213, 843335.5218538312], [2024460.3130437601, 843320.2223437646], [2024452.042062924, 843314.7548350105], [2024287.4534813475, 843272.7542628512], [2024228.3515654197, 843261.7844685196], [2024178.7017303407, 843257.7392010138], [2024148.8507401813, 843257.7145947526], [2024118.9981095933, 843259.874367346], [2024090.027367012, 843267.8592594977], [2024072.5812076775, 843278.0377168434], [2024063.1212528362, 843280.5783941773], [2024053.36766343, 843280.9343645775], [2024024.113456847, 843274.3576060772], [2024006.3871143458, 843265.6063112564], [2023974.203451677, 843226.9925433504], [2023966.8199362613, 843220.4341575055], [2023872.2686161716, 843187.958172595], [2023788.35769476, 843155.1268734236], [2023761.1766467523, 843142.7279480937], [2023735.1803076714, 843127.4176112561], [2023716.5651874251, 843121.2138835097], [2023696.7660144258, 843117.5573947543], [2023656.86648792, 843116.7972256587], [2023616.964992925, 843118.5852798277], [2023597.7583384225, 843113.109240906], [2023580.0326520964, 843103.630257242], [2023567.040552094, 843088.3304190779], [2023537.23090042, 843036.6139870835], [2023531.0297973473, 843029.3282404975], [2023522.1679384252, 843023.496559259], [2023503.5528181796, 843017.2931595915], [2023444.15333067, 843008.1448839274], [2023414.301684333, 843008.4851063361], [2023377.3447372597, 843024.1090908337], [2023357.5406430073, 843026.2773935947], [2023347.7883659287, 843024.8134857453], [2023253.5323208412, 842991.2476080039], [2023243.4850968414, 842989.055355172], [2023233.7308512635, 842990.1399986756], [2023215.9907292565, 842998.8627502557], [2023181.9842355843, 843020.6776672414], [2023172.2306461777, 843021.0339657438], [2023163.6634060876, 843016.2948020094], [2023156.2795625909, 843009.7364161736], [2023144.4698749196, 842993.7095453474], [2023138.869820506, 842974.0475111774], [2023135.0584764192, 842934.7290202577], [2023135.9692357625, 842904.5148418443], [2023144.5794547498, 842855.0133004279], [2023153.772021682, 842816.433325076], [2023169.7611629202, 842779.6784773151], [2023189.295572668, 842745.1109611654], [2023253.5651291776, 842576.9787515093], [2023287.0296291716, 842493.6419759236], [2023301.5502694251, 842445.6013895861], [2023307.796976088, 842395.733707175], [2023317.3497785036, 842276.338932851], [2023318.5794348416, 842216.6385929232], [2023315.695582344, 842126.356293174], [2023309.5515657521, 842046.9922786538], [2023299.55257, 841984.0068403344], [2023287.759614585, 841946.5023221653], [2023274.4810978477, 841918.8252121668], [2023262.3748228399, 841903.526358258], [2023239.6320861734, 841883.486372081], [2023215.7046405966, 841865.9939529968], [2023187.352663174, 841837.5770150778], [2023148.078135431, 841791.6781567527], [2023105.5601758363, 841735.9476251802], [2023070.1189737618, 841701.336801998], [2022934.2488386773, 841583.6480610124], [2022662.8136860135, 841331.526846101], [2022433.6077795934, 841123.1247038482], [2022319.304858596, 841011.2797831782], [2022245.7580896765, 840943.1499981645], [2022215.0373505952, 840917.6444717485], [2022181.6532310098, 840896.1415619958], [2022012.9435946802, 840808.6466582533], [2021939.088099345, 840756.5348858285], [2021922.838131844, 840747.0578706751], [2021844.248065918, 840701.1314533462], [2021735.8230859188, 840629.7008219215], [2021688.5574324275, 840592.898402093], [2021652.226468339, 840558.2888912542], [2021625.9417440158, 840528.4188722473], [2021623.5844652492, 840518.5881832646], [2021623.0076947524, 840498.9300860878], [2021591.3532305062, 840535.6737790129], [2021568.5789978353, 840555.3148158359], [2021551.4277854282, 840565.4952416689], [2021532.5055791743, 840572.3977869111], [2021513.2907225948, 840575.2960750909], [2021497.6158851697, 840587.6615359224], [2021470.6963195936, 840617.1283405031], [2021422.1744350032, 840681.1626612566], [2021381.334621669, 840749.2064884048], [2021362.1050013448, 840772.8547350889], [2021340.2169217602, 840793.588617504], [2021277.2229532609, 840842.6869445035], [2021170.4656208449, 840916.8721635941], [2021138.8209990861, 840941.2395689167], [2021069.6272398375, 840981.233255345], [2020984.1733425118, 841025.9480609128], [2020985.3606760933, 841019.032064259], [2020992.795700596, 840955.3320604243], [2021002.6598540847, 840801.7178663505], [2021003.283212424, 840756.5781928472], [2020996.836703003, 840677.9428514348], [2020996.2504180977, 840671.0258705026], [2020969.137611418, 840144.6171464169], [2020943.949997753, 839818.7910264368], [2020830.1493723386, 839817.2539559986], [2020554.3674435935, 839813.4193180036], [2020319.3744752547, 839813.2556044214], [2019586.6180667577, 839800.0161295877], [2019426.1144507532, 839798.0892961719], [2019231.0246178347, 839799.7808938391], [2019171.6110227555, 839800.1060244279], [2019121.3611232631, 839799.7093716773], [2019099.4878074245, 839799.331091582], [2019030.0269883405, 839795.2815590134], [2018974.756757675, 839787.601128178], [2018945.2023548353, 839780.6654465069], [2018912.9894927598, 839770.4518842591], [2018892.304494752, 839760.9735567576], [2018875.4629930125, 839750.0418200892], [2018790.6688712547, 839687.373966428], [2018666.8715466717, 839600.6556359165], [2018810.3646980058, 839395.433933511], [2018942.618698597, 839203.6744745085], [2018983.4493255923, 839144.3638975908], [2019012.7409336732, 839101.791476156], [2019153.271820591, 838913.6786634119], [2019199.131308927, 838849.6394214145], [2019229.0190444284, 838800.5148477453], [2019252.697146671, 838754.2984047483], [2019271.0589865905, 838701.5258724818], [2019288.5500933365, 838624.7271415892], [2019290.6468739216, 838582.500848081], [2019283.0235295878, 838487.8478221722], [2019274.7781392643, 838439.7905036018], [2019209.934108837, 838151.7999378465], [2019146.584826098, 837836.144073077], [2019100.8900355848, 837644.9984580112], [2019024.3170260042, 837659.8737563326], [2018977.310230255, 837667.1240699284], [2018932.0786934188, 837672.1913170129], [2018875.024017513, 837674.7027949205], [2018817.085485086, 837673.2093595753], [2018681.702881844, 837662.2018356732], [2018617.8562247613, 837654.1526391559], [2018564.3573160018, 837643.1979366767], [2018513.5211315888, 837629.3328069219], [2018390.2743308407, 837592.4880643347], [2018327.9138912575, 837570.9713750917], [2018270.284413337, 837547.2732597645], [2018216.20315668, 837522.1217352615], [2018152.0773006668, 837486.4069116698], [2018089.137137846, 837445.2327814219], [2018034.7688082606, 837405.8841068392], [2017947.6033001675, 837339.940997251], [2017884.0791490066, 837286.0257507586], [2017834.4467023448, 837235.0314301641], [2017791.023560835, 837181.8566677592], [2017721.6103138472, 837088.6229303239], [2017707.4325206727, 837069.32080358], [2017674.353846669, 837018.3366535801], [2017645.7092189204, 836968.4473176734], [2017620.6111720058, 836919.2882952506], [2017609.9835685955, 836894.8920185899], [2017599.0606901797, 836869.7673969283], [2017537.9630433482, 836710.2857605004], [2017459.458935261, 836490.3649405071], [2017411.053848342, 836360.7415121015], [2017366.7730970087, 836254.4185620125], [2017344.0388905117, 836205.6250244128], [2017290.5921470074, 836101.1170313482], [2017128.763074338, 835802.517890989], [2017095.6912900948, 835736.6095582519], [2017047.2707832614, 835628.1005889183], [2017026.6074387573, 835575.3041065994], [2017008.6032096734, 835524.6936435206], [2016984.1147415943, 835439.8608079214], [2016978.5097659226, 835419.1078966558], [2016970.2699530139, 835353.577844014], [2016957.8644660118, 835333.9128570876], [2016929.5541551712, 835211.582721171], [2016919.239871338, 835154.7882153398], [2016917.4737987535, 835141.3180979133], [2016912.4688875065, 835104.9123308354], [2016907.4715221685, 835055.4016030937], [2016896.0342090863, 834894.858289015], [2016887.560800834, 834720.8474821828], [2016904.490885093, 834584.7102872572], [2016922.3635527657, 834351.7419211648], [2016920.316968917, 834312.061882434], [2016908.8393015848, 834220.6837843407], [2016898.8166838458, 834170.0782425057], [2016886.1303575027, 834124.2033342562], [2016869.3039475963, 834079.7818351687], [2016847.1566821781, 834034.2655219971], [2016822.6426235887, 833991.2961197561], [2016755.2972858415, 833882.0489629244], [2016729.3029152616, 833842.3551446707], [2016695.0336268384, 833796.4680973532], [2016668.7384038426, 833765.146637681], [2016622.6436797525, 833718.160839263], [2016601.3664913487, 833701.4033268417], [2016574.7700878384, 833679.9105876649], [2016522.753787667, 833647.4828310078], [2016463.9350076756, 833619.055394434], [2016411.9124739156, 833597.912720177], [2016359.296765505, 833579.3179410826], [2016299.5849426673, 833561.447241917], [2016274.1624213445, 833555.244826505], [2016125.464227928, 833528.2245393364], [2016069.001414344, 833515.8164276673], [2016025.547433005, 833503.4158619196], [2015985.3467260005, 833488.4687133344], [2015946.3310560128, 833469.1541194157], [2015904.3623079194, 833443.6492491715], [2015875.9903174196, 833423.9763882584], [2015839.6370436684, 833401.3868665104], [2015787.0308496798, 833363.8636475976], [2015741.2261512575, 833323.7958143346], [2015703.11271043, 833274.9957150918], [2015671.5061463409, 833221.4666226673], [2015633.4058288329, 833148.2764803327], [2015606.5325230064, 833088.9255491806], [2015602.1040541672, 833076.9104813338], [2015593.8373384168, 833055.0643964299], [2015556.058870672, 832931.274617764], [2015443.699187262, 832949.4166418309], [2015331.341800422, 832963.1908925087], [2015165.4700849205, 832978.0297735799], [2014908.823616596, 833008.4768911756], [2014858.2626940892, 833015.7317979224], [2014801.1955510066, 833025.8954915177], [2014756.5463620883, 833035.7019023462], [2014718.6967002617, 833046.9676278451], [2014684.6895504305, 833059.6916837546], [2014650.6814163465, 833074.9639629333], [2014559.3000374297, 833122.2420835996], [2014515.82571493, 833148.0665070171], [2014478.8566287614, 833172.802349924], [2014399.294451922, 833235.7402161664], [2014337.475677921, 833290.6780984234], [2014322.981284335, 833305.5960475964], [2014276.284855425, 833270.2627849308], [2014230.7724792492, 833232.3816270933], [2014209.7912220065, 833211.2576535938], [2014145.0790810883, 833135.5087893396], [2014130.3061447584, 833115.4799580124], [2014117.6037423455, 833092.9042157546], [2014106.085392668, 833067.416733915], [2014096.3416457612, 833040.1097019184], [2014088.077554672, 833010.6196034293], [2014076.869243754, 832954.9179431809], [2014066.2600130152, 832882.8350820912], [2014055.081229597, 832765.2487030973], [2014048.924417765, 832656.7653242433], [2014036.5727364272, 832518.7928311739], [2014030.3860689998, 832472.1941710743], [2014021.5455355062, 832410.6693597643], [2014013.8749471747, 832376.0828147691], [2014003.5422906743, 832342.9513193257], [2013989.36515367, 832312.3664067525], [2013971.342551917, 832285.0554377534], [2013914.9053288419, 832211.8590618315], [2013895.1054996694, 832191.10024509], [2013863.774853678, 832169.9716784209], [2013825.64336826, 832149.9323484062], [2013785.145745842, 832131.7119124278], [2013655.9626052526, 832082.1434420192], [2013612.5089520072, 832061.7379710098], [2013566.1018925891, 832034.7783792648], [2013479.4974070028, 831978.3139252523], [2013517.6676062641, 831914.6267166665], [2013757.63563025, 831528.8686299012], [2013911.5034327507, 831279.5823830871], [2013938.1375658372, 831230.4512477563], [2013965.9593605855, 831171.1278755802], [2013993.1919176735, 831107.4360738295], [2014034.0468228457, 830999.7036777596], [2014067.2098142523, 830901.4318926845], [2014101.5634200869, 830787.1437354194], [2014128.520059096, 830683.7728791558], [2014138.3058006766, 830624.805477408], [2014140.386177093, 830602.9646418361], [2014142.1686538446, 830585.4922358296], [2014142.789387509, 830524.7000345929], [2014139.2795520138, 830444.6122682597], [2014131.0380986768, 830366.7065841734], [2014118.950196341, 830293.5312055937], [2014099.1835035973, 830201.7869665057], [2014078.52343993, 830122.4190150108], [2014059.9214430016, 830067.8059352452], [2013992.3179036663, 829839.1646602519], [2013892.5421845908, 829486.0111671003], [2013842.3638072617, 829296.329459856], [2013796.0135062633, 829139.0479502511], [2013755.5719860946, 828992.3264589178], [2013726.6422539204, 828888.201339095], [2013707.4503631727, 828827.0357790021], [2013692.986153259, 828773.1530127574], [2013684.4271152623, 828738.5664677668], [2013667.6095635877, 828658.4727959112], [2013665.844475256, 828638.4505262503], [2013660.2411400103, 828606.4135168353], [2013663.8320120852, 828515.4087775935]]]}}, {"type": "Feature", "properties": {"precinct_code": "23", "precinct_name": "THE RIVER CHURCH", "county": "DURHAM"}, "geometry": {"type": "Polygon", "coordinates": [[[2023276.4489416794, 839810.3556758285], [2023211.4024838354, 839831.7821421755], [2023167.6476500926, 839841.5764139313], [2023092.5608580103, 839850.9819069183], [2023049.1065485931, 839854.2240264259], [2022990.8747096807, 839855.270612252], [2022883.280764759, 839855.1862948319], [2022639.7199001776, 839849.5370279239], [2022291.5221057541, 839842.3539714176], [2022281.7678601746, 839841.9822529979], [2022274.3781111678, 839841.9766755824], [2022182.15618275, 839839.722743081], [2022133.0893517577, 839838.5934802573], [2021838.3924345968, 839831.820199825], [2021751.4893931756, 839831.7555674224], [2021470.0890373427, 839831.5485468353], [2021288.6015394176, 839825.5915377616], [2020943.949997753, 839818.7910264368], [2020969.137611418, 840144.6171464169], [2020996.2504180977, 840671.0258705026], [2020996.836703003, 840677.9428514348], [2021003.283212424, 840756.5781928472], [2021002.6598540847, 840801.7178663505], [2020992.795700596, 840955.3320604243], [2020985.3606760933, 841019.032064259], [2020984.1733425118, 841025.9480609128], [2021069.6272398375, 840981.233255345], [2021138.8209990861, 840941.2395689167], [2021170.4656208449, 840916.8721635941], [2021277.2229532609, 840842.6869445035], [2021340.2169217602, 840793.588617504], [2021362.1050013448, 840772.8547350889], [2021381.334621669, 840749.2064884048], [2021422.1744350032, 840681.1626612566], [2021470.6963195936, 840617.1283405031], [2021497.6158851697, 840587.6615359224], [2021513.2907225948, 840575.2960750909], [2021532.5055791743, 840572.3977869111], [2021551.4277854282, 840565.4952416689], [2021568.5789978353, 840555.3148158359], [2021591.3532305062, 840535.6737790129], [2021623.0076947524, 840498.9300860878], [2021623.5844652492, 840518.5881832646], [2021625.9417440158, 840528.4188722473], [2021652.226468339, 840558.2888912542], [2021688.5574324275, 840592.898402093], [2021735.8230859188, 840629.7008219215], [2021844.248065918, 840701.1314533462], [2021922.838131844, 840747.0578706751], [2021939.088099345, 840756.5348858285], [2022012.9435946802, 840808.6466582533], [2022181.6532310098, 840896.1415619958], [2022215.0373505952, 840917.6444717485], [2022245.7580896765, 840943.1499981645], [2022319.304858596, 841011.2797831782], [2022433.6077795934, 841123.1247038482], [2022662.8136860135, 841331.526846101], [2022934.2488386773, 841583.6480610124], [2023070.1189737618, 841701.336801998], [2023105.5601758363, 841735.9476251802], [2023148.078135431, 841791.6781567527], [2023187.352663174, 841837.5770150778], [2023215.7046405966, 841865.9939529968], [2023239.6320861734, 841883.486372081], [2023262.3748228399, 841903.526358258], [2023274.4810978477, 841918.8252121668], [2023287.759614585, 841946.5023221653], [2023299.55257, 841984.0068403344], [2023309.5515657521, 842046.9922786538], [2023315.695582344, 842126.356293174], [2023318.5794348416, 842216.6385929232], [2023317.3497785036, 842276.338932851], [2023307.796976088, 842395.733707175], [2023301.5502694251, 842445.6013895861], [2023287.0296291716, 842493.6419759236], [2023253.5651291776, 842576.9787515093], [2023189.295572668, 842745.1109611654], [2023169.7611629202, 842779.6784773151], [2023153.772021682, 842816.433325076], [2023144.5794547498, 842855.0133004279], [2023135.9692357625, 842904.5148418443], [2023135.0584764192, 842934.7290202577], [2023138.869820506, 842974.0475111774], [2023144.4698749196, 842993.7095453474], [2023156.2795625909, 843009.7364161736], [2023163.6634060876, 843016.2948020094], [2023172.2306461777, 843021.0339657438], [2023181.9842355843, 843020.6776672414], [2023215.9907292565, 842998.8627502557], [2023233.7308512635, 842990.1399986756], [2023243.4850968414, 842989.055355172], [2023253.5323208412, 842991.2476080039], [2023347.7883659287, 843024.8134857453], [2023357.5406430073, 843026.2773935947], [2023377.3447372597, 843024.1090908337], [2023414.301684333, 843008.4851063361], [2023444.15333067, 843008.1448839274], [2023503.5528181796, 843017.2931595915], [2023522.1679384252, 843023.496559259], [2023531.0297973473, 843029.3282404975], [2023537.23090042, 843036.6139870835], [2023567.040552094, 843088.3304190779], [2023580.0326520964, 843103.630257242], [2023597.7583384225, 843113.109240906], [2023616.964992925, 843118.5852798277], [2023656.86648792, 843116.7972256587], [2023696.7660144258, 843117.5573947543], [2023716.5651874251, 843121.2138835097], [2023735.1803076714, 843127.4176112561], [2023761.1766467523, 843142.7279480937], [2023788.35769476, 843155.1268734236], [2023872.2686161716, 843187.958172595], [2023966.8199362613, 843220.4341575055], [2023974.203451677, 843226.9925433504], [2024006.3871143458, 843265.6063112564], [2024024.113456847, 843274.3576060772], [2024053.36766343, 843280.9343645775], [2024063.1212528362, 843280.5783941773], [2024072.5812076775, 843278.0377168434], [2024090.027367012, 843267.8592594977], [2024118.9981095933, 843259.874367346], [2024148.8507401813, 843257.7145947526], [2024178.7017303407, 843257.7392010138], [2024228.3515654197, 843261.7844685196], [2024287.4534813475, 843272.7542628512], [2024452.042062924, 843314.7548350105], [2024460.3130437601, 843320.2223437646], [2024472.4180064213, 843335.5218538312], [2024516.282420009, 843542.6930274263], [2024598.040130509, 843673.8131720126], [2024704.1291571723, 843689.9197670938], [2024746.3889151828, 843694.6878021666], [2024874.6583436741, 843693.7042083344], [2024963.3153185854, 843702.8803711047], [2025033.9382088338, 843718.9577667551], [2025085.3416493381, 843744.8481349234], [2025106.597840429, 843772.1686183313], [2025122.475105255, 843868.2868644097], [2025126.903246002, 843874.4794373341], [2025155.8421645032, 843903.2628443314], [2025336.4782861776, 843837.8922401719], [2025582.3606684224, 843854.1231788332], [2025795.667000337, 844280.5924702615], [2026090.8753994259, 844657.9919779263], [2026107.3382930008, 844756.2955870867], [2026172.889343009, 844822.2439460023], [2026177.9132830964, 844822.2482110838], [2026336.9132931698, 844822.0267548441], [2026382.1113655104, 844843.5450845048], [2026432.3264881666, 844873.0771776737], [2026484.315885513, 844900.7903768343], [2026510.9080239227, 844907.7313078283], [2026537.185202346, 844936.1495580814], [2026585.3373370005, 844958.7630299191], [2026714.4325512487, 845018.945980412], [2026794.8050939285, 845033.5804655831], [2026829.0254979287, 845100.9579555017], [2026976.778483256, 845117.4749828425], [2027007.7954815936, 845132.7928655876], [2027000.6727924198, 845165.1855173332], [2026976.926448836, 845277.6498593414], [2026814.6088600922, 846000.4719044938], [2026755.5476265124, 846275.991366595], [2026717.8492110972, 846459.4303041697], [2026653.7433681777, 846759.7000448306], [2026590.241526679, 847047.5934979169], [2026642.2414226695, 847059.6538412465], [2027250.22609909, 847261.5231881755], [2027460.2686580124, 847333.7976499209], [2027981.9756198388, 847511.9396820967], [2028166.0185588447, 847575.0937552559], [2028259.0738189202, 847606.8541904236], [2028965.6974056822, 847847.806136352], [2029207.931501256, 847930.6822829376], [2029256.3779266775, 847947.4758844979], [2029538.1919955905, 848046.7758827345], [2029718.9773951771, 848110.3003620073], [2030042.144071668, 848223.8444262705], [2030209.044000344, 848282.2613041734], [2030264.8739411703, 848301.9768159334], [2030344.9282430115, 848328.2700704164], [2030464.2708520894, 848367.345451601], [2030548.165369346, 848394.7351605857], [2030616.107818753, 848417.0123470126], [2031033.2057378448, 848560.1521525781], [2031048.5915338416, 848541.6026490084], [2031110.1517781762, 848451.0231057485], [2031126.1474810825, 848414.6366955998], [2031169.4220008417, 848291.274737584], [2031204.0600549274, 848230.8818137477], [2031232.7922809268, 848166.8422436713], [2031247.3116088375, 848129.7261761734], [2031258.581927509, 848091.1507940004], [2031262.4332977526, 848082.0540274156], [2031286.4027380059, 848050.4084214332], [2031304.4666782639, 848014.7523247495], [2031320.765530168, 847971.8134342643], [2031325.8035778385, 847958.3495504204], [2031332.6309920112, 847929.5982955872], [2031340.3783518379, 847869.5406729341], [2031346.9104910027, 847840.4249175052], [2031349.591259928, 847820.7701011733], [2031347.5548466751, 847790.552970008], [2031343.4508522607, 847759.6055253403], [2031324.5266775058, 847770.5064221879], [2031309.7366808346, 847783.9598073397], [2031300.8659636693, 847789.0470674974], [2031271.6055235122, 847793.7481735965], [2031241.7620792554, 847791.1681262603], [2031212.2165346746, 847786.0401837617], [2031183.2648209196, 847778.36467417], [2031164.6559342593, 847770.7003194283], [2031127.7534490088, 847736.8057021654], [2031100.5796188428, 847724.3998870855], [2031071.0334180898, 847719.9999615091], [2031062.468474597, 847715.2585011665], [2031047.7073492573, 847701.7736200176], [2031042.1013893343, 847693.3950278533], [2031038.5659633433, 847683.5623703506], [2031037.0981185134, 847674.0958538287], [2031042.4491576687, 847644.2507691667], [2031063.4901260901, 847587.8476667447], [2031069.7260060017, 847559.0954276795], [2031074.8129380925, 847499.3993528378], [2031075.435640262, 847469.5490188437], [2031072.808020845, 847439.3315595762], [2031066.042614432, 847409.83752408], [2031048.645011425, 847374.1436978491], [2031013.543375598, 847313.312782754], [2030991.4148109276, 847280.1622585068], [2030972.822000341, 847256.8443917437], [2030936.214133917, 847222.9507587684], [2030921.4654757546, 847197.0886057618], [2030910.5616261808, 847168.6824945997], [2030908.228625595, 847139.1933803426], [2030902.0432705134, 847119.5287215228], [2030886.7030780923, 847094.3942573409], [2030837.4177435953, 847031.728700255], [2030827.388892262, 847013.8803107567], [2030811.48078759, 846966.5391980731], [2030792.604513004, 846931.5720764302], [2030790.8417212518, 846921.7413874194], [2030790.2728247626, 846900.6266002546], [2030764.0304231776, 846844.5381297665], [2030799.0100119996, 846741.1889270076], [2030798.8692642606, 846593.7551667531], [2030749.7755304272, 846347.6165514273], [2030733.4806155108, 845822.6625488377], [2030815.2704781755, 845609.4247863438], [2030946.5727090102, 845527.291420412], [2031042.921269597, 845522.2966797398], [2031258.375891177, 845510.876427012], [2031290.014935507, 845494.8925350884], [2031327.8632850035, 845476.0031371701], [2031450.2790506796, 845414.9766844168], [2031546.3785960071, 845367.0273052631], [2031553.4753665943, 845363.3944385136], [2031663.7451591792, 845330.0221299198], [2031898.1206746711, 845314.2587100131], [2031963.6933781821, 845347.0929619179], [2032127.8301890038, 845511.0873845735], [2032245.5373026743, 845702.3343774177], [2032258.8122105019, 845724.190960995], [2032422.981501596, 845855.4239662605], [2032650.28583701, 846082.4691158517], [2032816.7756615123, 846249.3824959226], [2032848.9596522585, 846274.5369731823], [2033001.315646754, 846394.1108810105], [2033046.1948220865, 846429.8368594195], [2033226.850300671, 846610.2377453403], [2033229.19872117, 846624.0736756781], [2033243.2882599256, 846708.5456195914], [2033374.3683783428, 846823.365271842], [2033512.32610768, 846866.478702685], [2033535.6613628422, 846875.9701535098], [2033553.3932827578, 846875.2621496699], [2033571.1458719226, 846856.3527386833], [2033620.171364427, 846882.9835909114], [2033697.5481781804, 846925.6642798417], [2033853.1866464166, 847011.7556430841], [2034194.5836014317, 847200.7211444185], [2035063.9686736756, 847217.0370566761], [2035326.4835685955, 847381.1673058498], [2035392.0677550123, 847397.6279028349], [2035818.6830435116, 847725.776852842], [2036069.5076730845, 847777.0490599949], [2036294.3815671816, 847545.0724898417], [2036359.8614230908, 847168.013860762], [2036376.3075844198, 846774.1491629102], [2036314.5767367624, 846747.8621420098], [2036261.411816834, 846724.8621880162], [2035998.9900975963, 846724.9028703386], [2035785.8602745086, 846774.1508033465], [2035569.8357721698, 846774.252181083], [2035433.0027125014, 846780.6393074195], [2034998.2821252646, 846790.6743923535], [2034883.6599791807, 846757.7748518419], [2034817.856305005, 846675.7887953336], [2034818.012472673, 846544.37271958], [2034883.4588640928, 846429.7797729198], [2034981.9855699257, 846331.2438807489], [2035096.727138341, 846265.490731417], [2035178.8828139321, 846265.5891564202], [2035260.8019414253, 846216.5429946765], [2035359.212177679, 846216.2972602545], [2035567.4158295097, 846089.1370815033], [2035621.856993586, 846036.0541824307], [2035851.325694756, 845921.2991625827], [2035966.4068294158, 845822.786892427], [2036081.0995134274, 845560.0951605983], [2036130.1653601667, 845314.0687497566], [2036179.6203137632, 845232.2221286668], [2036195.9965933417, 845133.5894519197], [2036257.5437143454, 845072.1437086742], [2036359.9263835866, 844969.6130738403], [2036482.2788291737, 844969.7649764335], [2036491.1449531778, 844969.7758031718], [2036580.566690341, 845070.7244201778], [2036941.494774251, 845478.1661905943], [2037029.1058195091, 845606.4165902553], [2037045.6198940873, 845868.9058946668], [2037123.1610775888, 846013.1611835985], [2037137.6078990833, 846040.1181506705], [2037160.3102815016, 846082.0107834178], [2037373.7042116679, 846295.2416561852], [2037594.881262766, 846428.0327291846], [2037701.7780305895, 846492.2399498317], [2037767.404867842, 846475.9427383315], [2037832.9900385153, 846492.0447402617], [2038029.6589364987, 846606.9697072466], [2038275.8277355132, 846606.9260721724], [2038817.2305240934, 846377.2037625854], [2038887.0771691815, 846299.3928946017], [2038964.914611921, 846213.2201666681], [2038949.2837376727, 845966.3843742501], [2038948.4179257583, 845950.729878006], [2038751.525274918, 845557.3123577381], [2038718.6208131758, 845409.4714460828], [2038636.678719832, 845245.5482175007], [2038587.6266525835, 845015.7783358414], [2038456.3920069179, 844802.6465442722], [2038456.1823616775, 844737.120100489], [2038407.2087063356, 844671.5300085864], [2038095.4429256753, 843965.9913934161], [2038128.3155633342, 843687.1845363386], [2038275.927800922, 843359.019182182], [2038439.9652025113, 843129.5288275082], [2038538.3856093443, 843129.2939198385], [2038751.6250122641, 843244.2451335209], [2038899.3592968448, 843276.8395564983], [2039013.9469941694, 843342.5175747586], [2039506.2242248366, 843867.383979088], [2039571.9097890106, 844031.6513670768], [2039571.7109705077, 844179.0844711503], [2039555.278916763, 844310.4782372599], [2039473.4880698472, 844474.5471348246], [2039424.1853469317, 844655.0415245047], [2039407.6660230006, 844851.9614062721], [2039571.8169414257, 845196.1939855125], [2039785.1550974248, 845442.2053045017], [2039834.1691070038, 845475.0346351673], [2039965.3627422606, 845491.5946414153], [2040227.840235679, 845458.8263342567], [2040342.8478796764, 845425.8572400799], [2040375.6968953442, 845393.1394577685], [2040539.740858583, 845376.6201338243], [2040561.3280857503, 845366.8209408433], [2040549.550550253, 845335.1336682644], [2040531.8826065972, 845288.8771990841], [2040375.5394153448, 844863.4702415061], [2040280.4848154185, 844568.8366444254], [2039551.8691466767, 842454.9983524244], [2039399.3681393429, 842007.7613860035], [2039275.1262618452, 841643.5626393326], [2038881.4613667573, 840501.4343461714], [2038841.4164993446, 840384.8912721822], [2038806.9661089187, 840284.3727724253], [2038700.5831195845, 840039.6032488276], [2038586.1965373466, 839810.4767385917], [2038330.2449495054, 839335.8087246731], [2038260.0630032571, 839205.7578036824], [2038212.5903291712, 839115.0522764154], [2038135.9231596747, 838970.4321588511], [2038084.0380928356, 838862.6115083448], [2038071.070927173, 838832.3802695731], [2038045.4410571745, 838765.0014673342], [2038021.298717008, 838690.3438082498], [2037984.5225438487, 838555.968748935], [2037968.0465269247, 838495.8822549253], [2037946.2739326793, 838416.8594470876], [2037937.742453678, 838385.1777519291], [2037916.264806344, 838306.8832890878], [2037901.5538777546, 838252.9877275802], [2037893.9062552622, 838223.4913955039], [2037837.7219844323, 838009.3687922414], [2037826.8384760008, 837967.4912513326], [2037736.5282891674, 837624.0943003428], [2037708.8761135058, 837518.8540252608], [2037644.727947847, 837288.7045511674], [2037585.304510249, 837061.4733783455], [2037578.8327384295, 837036.7109606668], [2037492.0281220083, 836721.7138872658], [2037473.467791676, 836671.8179896789], [2037451.0544506747, 836629.5621686748], [2037438.3677962557, 836609.8883235018], [2037434.2368990052, 836603.6944382432], [2037410.6276942645, 836571.9937142762], [2037384.9456590111, 836542.8385888498], [2037339.776458011, 836495.0932774986], [2036894.8649462613, 836024.2037993355], [2036803.931729167, 835928.3499884087], [2036581.321282013, 835692.9082020723], [2036199.8637115965, 835289.818785183], [2035904.0217835917, 834975.6619331697], [2035869.4765770866, 834939.2167960943], [2035288.1083172548, 834320.7544503373], [2035140.7693730905, 834164.0451180866], [2035077.8807193327, 834093.7122535165], [2034951.5033474285, 833959.9628490902], [2034789.6910070032, 833788.6771024188], [2034686.6383915832, 833679.3466124224], [2034184.056719586, 833150.187237664], [2034128.5417387632, 833091.1499541629], [2034116.7300825878, 833078.7592309263], [2034097.2051872616, 833088.565313671], [2034028.868053587, 833123.4326980138], [2034002.2417945107, 833138.3270251761], [2033961.417401091, 833158.665239096], [2033893.9752787508, 833186.9817835153], [2033749.039545014, 833242.875044424], [2033717.687901675, 833253.3956926796], [2033667.4110993438, 833266.8070831747], [2033591.7042297565, 833283.4658425002], [2033536.7026993344, 833292.1393815858], [2033455.9728739273, 833306.2446683238], [2033397.7167568342, 833316.7351329025], [2033282.3918562543, 833334.0772898298], [2033240.404407427, 833338.0339748341], [2033236.826986758, 833364.2399591638], [2033231.1629560897, 833405.3688139151], [2033166.8888064192, 833770.7811408343], [2033149.630966917, 833868.3213000916], [2033141.2946975084, 833919.6400950892], [2033100.807245673, 834167.1340226714], [2033085.626173676, 834258.8520150944], [2033074.9201583406, 834314.536615003], [2033065.4014765904, 834365.853769583], [2033060.05010934, 834392.4219579144], [2033039.1738387644, 834553.2992608421], [2033038.2771870047, 834562.0348076713], [2033028.3963012553, 834672.6887858341], [2033013.1765154297, 835061.8189130978], [2032998.8602710976, 835436.7528744909], [2032994.2949915093, 835552.8733771758], [2032982.999738516, 835607.4651315017], [2032980.8836010082, 835648.9620957536], [2032977.2668103443, 835710.4790330818], [2032975.4531656806, 835746.1518620122], [2032957.9591061785, 836055.5574111858], [2032944.6274399322, 836344.2179230759], [2032933.1113868367, 836595.7499003351], [2032928.2662521745, 836698.4009417652], [2032921.2990744999, 836848.0092383354], [2032865.6695925877, 837687.4006041789], [2032858.4537277543, 837795.5096399264], [2032852.138451679, 837891.6065605836], [2032830.733310759, 838264.3499095764], [2032825.3094370952, 838356.4435574217], [2032825.0056319232, 838363.7237265875], [2032844.5741623358, 839103.4564990838], [2032856.8651482598, 839478.4222845901], [2032870.0104631772, 839881.7833545014], [2032888.0087867544, 840438.4075693394], [2032516.1545435928, 840448.186093099], [2032465.609041006, 840448.8583358416], [2032181.548257427, 840454.0056352647], [2032093.1675286733, 840455.3652125747], [2031963.9958710065, 840457.4081875143], [2031525.9334269168, 840465.6712943311], [2031422.7748405952, 840465.9245746839], [2031008.0712736691, 840466.9393364155], [2030928.2627062511, 840468.3113809047], [2030533.948534249, 840474.8149768396], [2030492.9069496694, 840432.1805476706], [2030454.826645255, 840384.0887803418], [2030423.8395025118, 840336.732575829], [2030292.8318905085, 840112.3537595136], [2030274.2462977632, 840077.0234495953], [2030225.2650965017, 839993.6099025019], [2030132.6120665958, 839836.2529337419], [2030052.642738341, 839704.3916489149], [2029877.9321297563, 839430.4620786747], [2029796.4746155126, 839306.2444793354], [2029776.4044456773, 839276.373476078], [2029692.2865036728, 839151.4258913477], [2029618.796493172, 839039.2299215075], [2029112.592781171, 838288.09198808], [2028982.4257186789, 838091.022500332], [2028831.2954435032, 837866.9950612428], [2028747.1719240847, 837739.5018779301], [2028693.1477539225, 837665.1867378252], [2028637.933953584, 837598.1511107424], [2028592.7519573434, 837550.4192508397], [2028577.6866987636, 837539.119732745], [2028558.4833250935, 837527.4517770846], [2028538.982707919, 837517.6040277526], [2028519.1835349197, 837510.3041735834], [2028500.2688745868, 837505.9176994184], [2028478.692474173, 837502.2562894236], [2027968.7305675885, 837534.5285345918], [2027923.499030754, 837537.3976233499], [2027187.1071308411, 837561.4602392635], [2026879.3633237635, 837574.645908419], [2026814.6177183394, 837581.8673506768], [2026759.3297711748, 837591.2817019242], [2026700.7846126717, 837606.881736337], [2026650.2177846716, 837625.7652287467], [2026591.0712494268, 837652.6496894158], [2026548.483080013, 837674.8169679199], [2026484.8919998414, 837713.3467465035], [2026414.1985716687, 837760.9709950822], [2026378.700611175, 837788.2412817541], [2026320.716475173, 837838.0613920884], [2026271.894722419, 837889.7102389282], [2026212.1149863447, 837964.6467688403], [2026183.9969323413, 838004.3012170919], [2026154.3926608416, 838053.0547285037], [2026009.9024642566, 838317.2126647527], [2025977.6334999192, 838371.4244985889], [2025935.0062885876, 838439.8246242534], [2025907.185478093, 838478.3872111681], [2025863.3886496734, 838532.5892025072], [2025800.6660060883, 838595.1471482505], [2025762.2070935073, 838630.0604642384], [2025687.9611790027, 838687.147948499], [2025650.1036431803, 838710.7768382585], [2025582.6743160936, 838748.213443171], [2025525.3033678378, 838776.5578746636], [2025363.555003672, 838840.4868806781], [2025235.5217951692, 838885.8804906735], [2025155.097415344, 838910.9293250873], [2025063.146155669, 838934.8767837601], [2024999.284734847, 838949.019472013], [2024933.3583575042, 838958.7920902455], [2024864.774505168, 838964.9226554125], [2024704.8499562587, 838972.067982348], [2024562.3682858357, 838976.6808340106], [2024379.0894529214, 838986.7208401513], [2024325.2854266763, 838993.2287011722], [2024272.3646007625, 839003.7418035155], [2024203.178059341, 839024.0705030079], [2024149.36189401, 839045.5038590909], [2024086.6700902565, 839076.3952015094], [2024030.7725642624, 839112.752412255], [2023996.4622654181, 839138.5706020806], [2023933.7501205062, 839194.5800044993], [2023822.508217006, 839315.7116520058], [2023785.81832975, 839360.0937810816], [2023693.2112315008, 839467.0440265049], [2023556.8194439248, 839620.9193749274], [2023508.8953271827, 839668.933058428], [2023459.2015289234, 839712.212827503], [2023425.1891297537, 839736.9398121635], [2023381.1242572535, 839764.2071461021], [2023308.0866736788, 839798.3678389206], [2023276.4489416794, 839810.3556758285]]]}}, {"type": "Feature", "properties": {"precinct_code": "24", "precinct_name": "DPS STAFF DEVELOPMENT CENTER", "county": "DURHAM"}, "geometry": {"type": "Polygon", "coordinates": [[[2024569.958821835, 829201.7850294986], [2024563.4627718497, 829190.858870246], [2024469.8245076705, 829073.9280017574], [2024408.0998935841, 828982.5059405109], [2024347.5471931696, 828903.4618072615], [2024321.2555790856, 828872.4976303424], [2024279.0056635884, 828830.2355757554], [2024225.817777843, 828784.3242502557], [2024215.1786915078, 828776.6710503452], [2024193.3096407517, 828761.3639943431], [2024148.987550931, 828721.2843500725], [2024078.3459599153, 828683.3677592494], [2024066.5244612533, 828675.34940259], [2023838.6584471765, 828892.123247248], [2023757.8738318381, 828964.8632592607], [2023696.9182450925, 829016.5058725039], [2023657.8609085085, 829047.7804162522], [2023623.2438517504, 829073.2344335981], [2023590.6996255072, 829095.0500067649], [2023495.4403015987, 829151.397663077], [2023434.5007909224, 829183.7473359294], [2023376.227941587, 829209.9109975143], [2023207.035038502, 829279.3058718466], [2023035.207298175, 829315.9370321761], [2022803.6569082583, 829343.786385929], [2022027.157148926, 829351.5658979208], [2021706.9176319223, 829354.9677940032], [2021254.4979330886, 829365.1934953282], [2021239.1216514993, 829365.5461849256], [2020923.021890016, 829368.9595639321], [2020849.393428341, 829369.9992600038], [2020493.0765556707, 829377.3929460066], [2020400.819194259, 829378.7846755087], [2020266.8683466762, 829380.876206748], [2020127.8902781762, 829383.3286296638], [2019883.053169429, 829387.1662204249], [2019715.68834667, 829389.9654274344], [2019362.6257325879, 829396.2830000872], [2019266.8211341805, 829395.855835567], [2019150.0247798397, 829391.7751350802], [2019069.3047969209, 829384.8059889294], [2018969.66359201, 829372.7285852646], [2018919.1052941666, 829364.3234183379], [2018834.5487047574, 829345.7037049219], [2018749.4032057521, 829323.0794063366], [2018696.4840202616, 829307.392429854], [2018584.1446780136, 829268.3701981759], [2018539.50533159, 829251.5969377628], [2018470.6271885026, 829221.3391242612], [2018305.6793556805, 829140.7858076702], [2018180.935510679, 829075.9115935846], [2018043.182505338, 829007.7535934091], [2017683.7321087562, 828811.6886968446], [2017619.8821708395, 828776.7035305928], [2017558.9859671749, 828746.0887624171], [2017426.5564420067, 828671.7486880139], [2017216.672019257, 828563.8729195044], [2017155.4802125099, 828531.8027736793], [2016955.6459665003, 828426.4831024349], [2016766.7454256702, 828332.0915589259], [2016718.852804928, 828312.0427145071], [2016431.8097438365, 828157.8976815962], [2016132.3339648382, 828021.585618262], [2015892.26128225, 827944.2809828446], [2015692.0907508435, 827898.6701816771], [2015560.2166707525, 827876.0304631884], [2015298.8234927503, 827849.6830749298], [2014983.5954486737, 827853.1607582507], [2014782.4967695046, 827885.8211259973], [2014735.4765223418, 827890.529778018], [2014592.933172255, 827914.1202820073], [2014525.504501341, 827927.9197951042], [2014430.27667342, 827947.5303201715], [2014253.713050172, 828000.5918938462], [2014212.8981711713, 828015.8612202498], [2014179.7738935943, 828026.0380371683], [2014093.1149461716, 828060.2144780017], [2014061.1714405105, 828075.4883975936], [2013990.4832616735, 828105.3049390011], [2013860.3434300858, 828166.0354605871], [2013777.8212854255, 828208.951713331], [2013704.1695298401, 828253.6924374942], [2013681.0403110108, 828391.6478702564], [2013672.7378341707, 828440.7875357547], [2013663.8320120852, 828515.4087775935], [2013660.2411400103, 828606.4135168353], [2013665.844475256, 828638.4505262503], [2013667.6095635877, 828658.4727959112], [2013684.4271152623, 828738.5664677668], [2013692.986153259, 828773.1530127574], [2013707.4503631727, 828827.0357790021], [2013726.6422539204, 828888.201339095], [2013755.5719860946, 828992.3264589178], [2013796.0135062633, 829139.0479502511], [2013842.3638072617, 829296.329459856], [2013892.5421845908, 829486.0111671003], [2013992.3179036663, 829839.1646602519], [2014059.9214430016, 830067.8059352452], [2014078.52343993, 830122.4190150108], [2014099.1835035973, 830201.7869665057], [2014118.950196341, 830293.5312055937], [2014131.0380986768, 830366.7065841734], [2014139.2795520138, 830444.6122682597], [2014142.789387509, 830524.7000345929], [2014142.1686538446, 830585.4922358296], [2014140.386177093, 830602.9646418361], [2014138.3058006766, 830624.805477408], [2014128.520059096, 830683.7728791558], [2014101.5634200869, 830787.1437354194], [2014067.2098142523, 830901.4318926845], [2014034.0468228457, 830999.7036777596], [2013993.1919176735, 831107.4360738295], [2013965.9593605855, 831171.1278755802], [2013938.1375658372, 831230.4512477563], [2013911.5034327507, 831279.5823830871], [2013757.63563025, 831528.8686299012], [2013517.6676062641, 831914.6267166665], [2013479.4974070028, 831978.3139252523], [2013566.1018925891, 832034.7783792648], [2013612.5089520072, 832061.7379710098], [2013655.9626052526, 832082.1434420192], [2013785.145745842, 832131.7119124278], [2013825.64336826, 832149.9323484062], [2013863.774853678, 832169.9716784209], [2013895.1054996694, 832191.10024509], [2013914.9053288419, 832211.8590618315], [2013971.342551917, 832285.0554377534], [2013989.36515367, 832312.3664067525], [2014003.5422906743, 832342.9513193257], [2014013.8749471747, 832376.0828147691], [2014021.5455355062, 832410.6693597643], [2014030.3860689998, 832472.1941710743], [2014036.5727364272, 832518.7928311739], [2014048.924417765, 832656.7653242433], [2014055.081229597, 832765.2487030973], [2014066.2600130152, 832882.8350820912], [2014076.869243754, 832954.9179431809], [2014088.077554672, 833010.6196034293], [2014096.3416457612, 833040.1097019184], [2014106.085392668, 833067.416733915], [2014117.6037423455, 833092.9042157546], [2014130.3061447584, 833115.4799580124], [2014145.0790810883, 833135.5087893396], [2014209.7912220065, 833211.2576535938], [2014230.7724792492, 833232.3816270933], [2014276.284855425, 833270.2627849308], [2014322.981284335, 833305.5960475964], [2014337.475677921, 833290.6780984234], [2014399.294451922, 833235.7402161664], [2014478.8566287614, 833172.802349924], [2014515.82571493, 833148.0665070171], [2014559.3000374297, 833122.2420835996], [2014650.6814163465, 833074.9639629333], [2014684.6895504305, 833059.6916837546], [2014718.6967002617, 833046.9676278451], [2014756.5463620883, 833035.7019023462], [2014801.1955510066, 833025.8954915177], [2014858.2626940892, 833015.7317979224], [2014908.823616596, 833008.4768911756], [2015165.4700849205, 832978.0297735799], [2015331.341800422, 832963.1908925087], [2015443.699187262, 832949.4166418309], [2015556.058870672, 832931.274617764], [2015593.8373384168, 833055.0643964299], [2015602.1040541672, 833076.9104813338], [2015606.5325230064, 833088.9255491806], [2015633.4058288329, 833148.2764803327], [2015671.5061463409, 833221.4666226673], [2015703.11271043, 833274.9957150918], [2015741.2261512575, 833323.7958143346], [2015787.0308496798, 833363.8636475976], [2015839.6370436684, 833401.3868665104], [2015875.9903174196, 833423.9763882584], [2015904.3623079194, 833443.6492491715], [2015946.3310560128, 833469.1541194157], [2015985.3467260005, 833488.4687133344], [2016025.547433005, 833503.4158619196], [2016069.001414344, 833515.8164276673], [2016125.464227928, 833528.2245393364], [2016274.1624213445, 833555.244826505], [2016299.5849426673, 833561.447241917], [2016359.296765505, 833579.3179410826], [2016411.9124739156, 833597.912720177], [2016463.9350076756, 833619.055394434], [2016522.753787667, 833647.4828310078], [2016574.7700878384, 833679.9105876649], [2016601.3664913487, 833701.4033268417], [2016622.6436797525, 833718.160839263], [2016668.7384038426, 833765.146637681], [2016695.0336268384, 833796.4680973532], [2016729.3029152616, 833842.3551446707], [2016755.2972858415, 833882.0489629244], [2016822.6426235887, 833991.2961197561], [2016847.1566821781, 834034.2655219971], [2016869.3039475963, 834079.7818351687], [2016886.1303575027, 834124.2033342562], [2016898.8166838458, 834170.0782425057], [2016908.8393015848, 834220.6837843407], [2016920.316968917, 834312.061882434], [2016922.3635527657, 834351.7419211648], [2016904.490885093, 834584.7102872572], [2016887.560800834, 834720.8474821828], [2016896.0342090863, 834894.858289015], [2016907.4715221685, 835055.4016030937], [2016912.4688875065, 835104.9123308354], [2016917.4737987535, 835141.3180979133], [2016919.239871338, 835154.7882153398], [2016929.5541551712, 835211.582721171], [2016957.8644660118, 835333.9128570876], [2016970.2699530139, 835353.577844014], [2016978.5097659226, 835419.1078966558], [2016984.1147415943, 835439.8608079214], [2017008.6032096734, 835524.6936435206], [2017026.6074387573, 835575.3041065994], [2017047.2707832614, 835628.1005889183], [2017095.6912900948, 835736.6095582519], [2017128.763074338, 835802.517890989], [2017290.5921470074, 836101.1170313482], [2017344.0388905117, 836205.6250244128], [2017366.7730970087, 836254.4185620125], [2017411.053848342, 836360.7415121015], [2017459.458935261, 836490.3649405071], [2017537.9630433482, 836710.2857605004], [2017599.0606901797, 836869.7673969283], [2017609.9835685955, 836894.8920185899], [2017620.6111720058, 836919.2882952506], [2017645.7092189204, 836968.4473176734], [2017674.353846669, 837018.3366535801], [2017707.4325206727, 837069.32080358], [2017721.6103138472, 837088.6229303239], [2017791.023560835, 837181.8566677592], [2017834.4467023448, 837235.0314301641], [2017884.0791490066, 837286.0257507586], [2017947.6033001675, 837339.940997251], [2018034.7688082606, 837405.8841068392], [2018089.137137846, 837445.2327814219], [2018152.0773006668, 837486.4069116698], [2018216.20315668, 837522.1217352615], [2018270.284413337, 837547.2732597645], [2018327.9138912575, 837570.9713750917], [2018390.2743308407, 837592.4880643347], [2018513.5211315888, 837629.3328069219], [2018564.3573160018, 837643.1979366767], [2018617.8562247613, 837654.1526391559], [2018681.702881844, 837662.2018356732], [2018817.085485086, 837673.2093595753], [2018875.024017513, 837674.7027949205], [2018932.0786934188, 837672.1913170129], [2018977.310230255, 837667.1240699284], [2019024.3170260042, 837659.8737563326], [2019100.8900355848, 837644.9984580112], [2019146.584826098, 837836.144073077], [2019209.934108837, 838151.7999378465], [2019274.7781392643, 838439.7905036018], [2019283.0235295878, 838487.8478221722], [2019290.6468739216, 838582.500848081], [2019288.5500933365, 838624.7271415892], [2019271.0589865905, 838701.5258724818], [2019252.697146671, 838754.2984047483], [2019229.0190444284, 838800.5148477453], [2019199.131308927, 838849.6394214145], [2019153.271820591, 838913.6786634119], [2019012.7409336732, 839101.791476156], [2018983.4493255923, 839144.3638975908], [2018942.618698597, 839203.6744745085], [2018810.3646980058, 839395.433933511], [2018666.8715466717, 839600.6556359165], [2018790.6688712547, 839687.373966428], [2018875.4629930125, 839750.0418200892], [2018892.304494752, 839760.9735567576], [2018912.9894927598, 839770.4518842591], [2018945.2023548353, 839780.6654465069], [2018974.756757675, 839787.601128178], [2019030.0269883405, 839795.2815590134], [2019099.4878074245, 839799.331091582], [2019121.3611232631, 839799.7093716773], [2019171.6110227555, 839800.1060244279], [2019231.0246178347, 839799.7808938391], [2019426.1144507532, 839798.0892961719], [2019586.6180667577, 839800.0161295877], [2020319.3744752547, 839813.2556044214], [2020554.3674435935, 839813.4193180036], [2020830.1493723386, 839817.2539559986], [2020943.949997753, 839818.7910264368], [2020915.8450670822, 839437.630371426], [2020906.2069630027, 839274.1736773337], [2020898.449104502, 838960.7376244233], [2020885.624327005, 838705.5429248351], [2020881.2614748494, 838605.7954209029], [2020878.7043933403, 838460.5453833453], [2020882.1256463393, 838222.1078680904], [2020888.4369854173, 838076.5002196684], [2020895.0514735149, 837920.7000063407], [2020897.157768503, 837868.6449923415], [2020901.1049390892, 837721.9435140906], [2020901.2161593453, 837565.7748631693], [2020898.1078978481, 837364.4639140764], [2020892.3326469194, 837172.2517000975], [2020868.9471950093, 835969.8446561038], [2020854.6184835122, 835332.782938092], [2020849.2175756674, 835028.4508695903], [2020847.791069345, 834955.6439285856], [2020845.486612007, 834870.4593876767], [2020842.6933105132, 834640.7551226754], [2021383.7240525924, 834630.2236476674], [2021635.0224345014, 834625.6754284169], [2021847.5922193397, 834620.7364619242], [2022033.2588427532, 834615.778794674], [2022096.2331262545, 834612.1859540937], [2022151.2317039203, 834599.8503488462], [2022173.7060684282, 834592.2227394336], [2022256.2114808431, 834564.2549475813], [2022299.0870512575, 834554.0945348539], [2022372.7115759258, 834541.4095208353], [2022435.6871717556, 834536.7251470202], [2022762.6671608402, 834536.9771150064], [2022872.9415465875, 834537.0627447513], [2023023.1259575037, 834539.3645774316], [2024299.4094941774, 834543.6696869192], [2024513.4523731782, 834546.3957313446], [2024574.0601915868, 834544.9905504173], [2024614.8655561812, 834536.6519844269], [2024646.805124836, 834524.6657879135], [2024680.8204767562, 834505.0368901769], [2024719.574992419, 834474.8551920066], [2024730.5208366825, 834466.4916916806], [2024867.797136919, 834350.8462536766], [2024951.2247915883, 834285.0278157751], [2024976.6650294203, 834267.5760790134], [2025187.4723505983, 833908.4599993351], [2025245.5001216684, 833814.954280836], [2025833.091466175, 832316.7607549225], [2026050.8977890904, 831761.8104212449], [2026023.7065705063, 831749.7733718518], [2025945.6896661657, 831704.5648008458], [2025910.2254982602, 831685.9680532501], [2025844.6124405107, 831656.787993516], [2025810.0360660865, 831637.1000407552], [2025779.9009557506, 831610.4997002505], [2025767.792384178, 831594.4718451643], [2025755.9899143428, 831566.7953913282], [2025742.708444835, 831539.845642094], [2025710.2285229256, 831489.5813069183], [2025656.7748896768, 831417.0929348315], [2025618.3648615018, 831385.7531025226], [2025557.2176740926, 831319.8106490922], [2025532.7049278452, 831287.3907664401], [2025525.3184596745, 831281.1958969122], [2025508.178402097, 831270.6243957537], [2025435.1749391707, 831237.7983459189], [2025398.2284907564, 831222.8413548319], [2025313.119080932, 831170.7118659191], [2025300.4179908324, 831155.4116996669], [2025262.6506779213, 831063.2803222557], [2025255.857056336, 831055.2659026082], [2025223.6491155014, 831031.2121449364], [2025217.7413189274, 831024.2905708438], [2025213.3141624168, 831015.1862583422], [2025204.4690357603, 830985.6922228273], [2025203.0074245033, 830966.0334695114], [2025204.5625395023, 830876.8482804172], [2025190.716110511, 830817.8638183295], [2025137.3179233377, 830678.0314208412], [2025090.1480701729, 830515.2709195953], [2025078.94533667, 830476.3103675863], [2025055.670120759, 830378.3673220144], [2025032.9677383434, 830301.9019237529], [2024996.0951086737, 830198.4867762665], [2024986.0836457622, 830149.3346435841], [2024980.2375288468, 830069.9719414167], [2024969.3727211813, 829980.7759255887], [2024961.7185370019, 829941.4544819172], [2024951.9787270888, 829920.3324769281], [2024939.0440416802, 829831.1348206733], [2024926.9623729272, 829782.3452200853], [2024880.9375305923, 829661.0849639127], [2024852.0133758339, 829597.7199331593], [2024832.8227974179, 829562.7570765793], [2024815.3982915897, 829537.6242528476], [2024750.4099045095, 829461.8517665874], [2024691.053067835, 829369.7030007438], [2024604.2110499279, 829259.6940344312], [2024569.958821835, 829201.7850294986]]]}}, {"type": "Feature", "properties": {"precinct_code": "42", "precinct_name": "SHEPHARD MAGNET SCHOOL", "county": "DURHAM"}, "geometry": {"type": "Polygon", "coordinates": [[[2031578.396248506, 804306.8358037537], [2031909.1009676754, 803368.0296105023], [2031975.3111370965, 803173.352506428], [2032041.2296404229, 802975.3991621669], [2032059.045877755, 802921.5442830143], [2032066.766006678, 802898.619460092], [2032073.8929609205, 802876.786498502], [2031940.7219674278, 802866.084748255], [2031869.9980275028, 802856.1795843398], [2031826.796998425, 802847.3964654199], [2031691.8760084212, 802812.6688446024], [2031659.6280414325, 802801.7138140071], [2031599.5727153427, 802778.3519840768], [2031564.9628764244, 802761.9340379155], [2031506.1034140885, 802727.2890941004], [2031479.4860132628, 802709.4239723365], [2031427.434280096, 802674.0585575114], [2031391.9474744222, 802647.0835458302], [2031276.0398978447, 802543.5791596754], [2031228.735202416, 802496.934567926], [2031184.3894905897, 802450.6574295103], [2030983.6585928346, 802233.1273527545], [2030891.420588345, 802134.0176428346], [2030779.9621498422, 802017.7796863288], [2030739.753896921, 801976.239743165], [2030456.5231641687, 801678.1796437592], [2030297.169808342, 801507.2912059915], [2030233.0085193384, 801443.8861490919], [2030149.909932257, 801375.0017724028], [2030112.3476714196, 801349.1182939982], [2030073.5921715042, 801331.9697062417], [2030009.39085634, 801306.7870138391], [2029550.181472928, 801160.7151275071], [2029467.6334096775, 801130.7831007522], [2029397.5177362564, 801099.4075073554], [2029358.7655171761, 801078.6198192528], [2029291.326019509, 801034.5063904144], [2029278.6088533408, 801024.6655308417], [2029166.8118328443, 800940.4665522567], [2029060.6463627517, 800847.9014486683], [2028903.0233184246, 800710.5119596638], [2028753.0472404205, 800621.1811015964], [2028616.3683799198, 800553.7045305169], [2028477.8771870893, 800523.3568221935], [2028476.0195792601, 800607.4426120203], [2028475.1143973477, 800625.2785343347], [2028466.7558182634, 800698.8016812446], [2028455.439239846, 800770.1378246828], [2028442.660065919, 800823.6357491752], [2028435.240789427, 800844.0133330786], [2028374.1355966784, 800981.9162725154], [2028337.6592916695, 801055.048344095], [2028182.0021226702, 801334.4628114988], [2028113.8021278386, 801465.4431925925], [2028014.754097597, 801667.0133274954], [2027892.8691707558, 801919.8888060034], [2027685.5707008406, 802360.1523611733], [2027614.3772736802, 802531.9010334157], [2027567.2241527587, 802632.6892176701], [2027548.5476809286, 802665.7974191819], [2027519.7947856793, 802713.0926001787], [2027478.0074676706, 802773.4799465854], [2027445.7116005106, 802812.0356437458], [2027379.6457877588, 802883.3212623551], [2026932.636839255, 803323.7321269299], [2026901.8298142566, 803353.553261507], [2026767.643402843, 803483.3846947547], [2026684.1081368478, 803567.0324933416], [2026646.775862425, 803613.2289232516], [2026605.8835557546, 803669.2504647429], [2026565.5735970123, 803735.8290717631], [2026524.057932006, 803827.1595977655], [2026497.0543770925, 803906.8549764154], [2026489.917580337, 803944.706278669], [2026485.1600439246, 803969.4552449315], [2026477.412027927, 804028.4190377604], [2026472.0189940932, 804101.5816211004], [2026474.0327695913, 804166.0145630826], [2026480.1695683436, 804252.6561220817], [2026493.7010373492, 804343.6723442522], [2026497.2374475908, 804360.0564978409], [2026510.8125516756, 804402.6587748318], [2026553.628082842, 804509.7182719965], [2026587.0148270896, 804570.5393445946], [2026612.1351836764, 804609.1478631732], [2026658.2420468484, 804675.4410376671], [2026808.9901049307, 804875.7877498387], [2027039.543121503, 805181.4095139249], [2027401.618840918, 805661.8839466627], [2027843.4762249289, 806255.6485071855], [2027993.6143760998, 806457.8210030919], [2028229.7533395127, 806775.4706302553], [2028365.4046430157, 806958.7025472476], [2028541.542414083, 807195.8487265189], [2028924.5436165933, 807712.0373266767], [2029160.6796272537, 807714.0911283408], [2029893.6545392566, 807714.4638310112], [2030526.0184320058, 807715.4779365757], [2030996.2123735114, 807726.1629545853], [2030974.5296740977, 807522.2896746584], [2030965.168800428, 807419.6268222487], [2030962.5490550105, 807378.1259210174], [2030958.7590363477, 807324.247091766], [2030955.3144894252, 807223.4103511699], [2030952.5956628493, 806995.1683535818], [2030953.0231554213, 806870.3103355943], [2030954.5320106763, 806842.6466770072], [2030960.5749775914, 806724.3470448462], [2030971.3912289299, 806569.6508319234], [2030981.5818253455, 806447.3515358415], [2030994.1316690012, 806332.6992060828], [2031011.4196921722, 806214.775557423], [2031076.8962672516, 805862.839581513], [2031092.6613275877, 805786.4125690031], [2031125.9453817601, 805654.6733311758], [2031163.969912008, 805517.8432242487], [2031193.3714280121, 805419.9536562576], [2031237.3139254309, 805284.585816753], [2031329.9321785106, 805016.4036103358], [2031374.4580080968, 804890.1371305856], [2031467.3715361818, 804624.8676480148], [2031578.396248506, 804306.8358037537]]]}}, {"type": "Feature", "properties": {"precinct_code": "45", "precinct_name": "TEMPLE BAPTIST CHURCH", "county": "DURHAM"}, "geometry": {"type": "Polygon", "coordinates": [[[2038095.4429256753, 843965.9913934161], [2038407.2087063356, 844671.5300085864], [2038456.1823616775, 844737.120100489], [2038456.3920069179, 844802.6465442722], [2038587.6266525835, 845015.7783358414], [2038636.678719832, 845245.5482175007], [2038718.6208131758, 845409.4714460828], [2038751.525274918, 845557.3123577381], [2038948.4179257583, 845950.729878006], [2038949.2837376727, 845966.3843742501], [2038964.914611921, 846213.2201666681], [2038887.0771691815, 846299.3928946017], [2038817.2305240934, 846377.2037625854], [2038275.8277355132, 846606.9260721724], [2038029.6589364987, 846606.9697072466], [2037832.9900385153, 846492.0447402617], [2037767.404867842, 846475.9427383315], [2037701.7780305895, 846492.2399498317], [2037594.881262766, 846428.0327291846], [2037373.7042116679, 846295.2416561852], [2037160.3102815016, 846082.0107834178], [2037137.6078990833, 846040.1181506705], [2037123.1610775888, 846013.1611835985], [2037045.6198940873, 845868.9058946668], [2037029.1058195091, 845606.4165902553], [2036941.494774251, 845478.1661905943], [2036580.566690341, 845070.7244201778], [2036491.1449531778, 844969.7758031718], [2036482.2788291737, 844969.7649764335], [2036359.9263835866, 844969.6130738403], [2036257.5437143454, 845072.1437086742], [2036195.9965933417, 845133.5894519197], [2036179.6203137632, 845232.2221286668], [2036130.1653601667, 845314.0687497566], [2036081.0995134274, 845560.0951605983], [2035966.4068294158, 845822.786892427], [2035851.325694756, 845921.2991625827], [2035621.856993586, 846036.0541824307], [2035567.4158295097, 846089.1370815033], [2035359.212177679, 846216.2972602545], [2035260.8019414253, 846216.5429946765], [2035178.8828139321, 846265.5891564202], [2035096.727138341, 846265.490731417], [2034981.9855699257, 846331.2438807489], [2034883.4588640928, 846429.7797729198], [2034818.012472673, 846544.37271958], [2034817.856305005, 846675.7887953336], [2034883.6599791807, 846757.7748518419], [2034998.2821252646, 846790.6743923535], [2035433.0027125014, 846780.6393074195], [2035569.8357721698, 846774.252181083], [2035785.8602745086, 846774.1508033465], [2035998.9900975963, 846724.9028703386], [2036261.411816834, 846724.8621880162], [2036314.5767367624, 846747.8621420098], [2036376.3075844198, 846774.1491629102], [2036359.8614230908, 847168.013860762], [2036294.3815671816, 847545.0724898417], [2036069.5076730845, 847777.0490599949], [2035818.6830435116, 847725.776852842], [2035392.0677550123, 847397.6279028349], [2035326.4835685955, 847381.1673058498], [2035063.9686736756, 847217.0370566761], [2034194.5836014317, 847200.7211444185], [2033853.1866464166, 847011.7556430841], [2033697.5481781804, 846925.6642798417], [2033620.171364427, 846882.9835909114], [2033571.1458719226, 846856.3527386833], [2033553.3932827578, 846875.2621496699], [2033535.6613628422, 846875.9701535098], [2033512.32610768, 846866.478702685], [2033374.3683783428, 846823.365271842], [2033243.2882599256, 846708.5456195914], [2033229.19872117, 846624.0736756781], [2033226.850300671, 846610.2377453403], [2033046.1948220865, 846429.8368594195], [2033001.315646754, 846394.1108810105], [2032848.9596522585, 846274.5369731823], [2032816.7756615123, 846249.3824959226], [2032650.28583701, 846082.4691158517], [2032422.981501596, 845855.4239662605], [2032258.8122105019, 845724.190960995], [2032245.5373026743, 845702.3343774177], [2032127.8301890038, 845511.0873845735], [2031963.6933781821, 845347.0929619179], [2031898.1206746711, 845314.2587100131], [2031663.7451591792, 845330.0221299198], [2031553.4753665943, 845363.3944385136], [2031546.3785960071, 845367.0273052631], [2031450.2790506796, 845414.9766844168], [2031327.8632850035, 845476.0031371701], [2031290.014935507, 845494.8925350884], [2031258.375891177, 845510.876427012], [2031042.921269597, 845522.2966797398], [2030946.5727090102, 845527.291420412], [2030815.2704781755, 845609.4247863438], [2030733.4806155108, 845822.6625488377], [2030749.7755304272, 846347.6165514273], [2030798.8692642606, 846593.7551667531], [2030799.0100119996, 846741.1889270076], [2030764.0304231776, 846844.5381297665], [2030790.2728247626, 846900.6266002546], [2030790.8417212518, 846921.7413874194], [2030792.604513004, 846931.5720764302], [2030811.48078759, 846966.5391980731], [2030827.388892262, 847013.8803107567], [2030837.4177435953, 847031.728700255], [2030886.7030780923, 847094.3942573409], [2030902.0432705134, 847119.5287215228], [2030908.228625595, 847139.1933803426], [2030910.5616261808, 847168.6824945997], [2030921.4654757546, 847197.0886057618], [2030936.214133917, 847222.9507587684], [2030972.822000341, 847256.8443917437], [2030991.4148109276, 847280.1622585068], [2031013.543375598, 847313.312782754], [2031048.645011425, 847374.1436978491], [2031066.042614432, 847409.83752408], [2031072.808020845, 847439.3315595762], [2031075.435640262, 847469.5490188437], [2031074.8129380925, 847499.3993528378], [2031069.7260060017, 847559.0954276795], [2031063.4901260901, 847587.8476667447], [2031042.4491576687, 847644.2507691667], [2031037.0981185134, 847674.0958538287], [2031038.5659633433, 847683.5623703506], [2031042.1013893343, 847693.3950278533], [2031047.7073492573, 847701.7736200176], [2031062.468474597, 847715.2585011665], [2031071.0334180898, 847719.9999615091], [2031100.5796188428, 847724.3998870855], [2031127.7534490088, 847736.8057021654], [2031164.6559342593, 847770.7003194283], [2031183.2648209196, 847778.36467417], [2031212.2165346746, 847786.0401837617], [2031241.7620792554, 847791.1681262603], [2031271.6055235122, 847793.7481735965], [2031300.8659636693, 847789.0470674974], [2031309.7366808346, 847783.9598073397], [2031324.5266775058, 847770.5064221879], [2031343.4508522607, 847759.6055253403], [2031347.5548466751, 847790.552970008], [2031349.591259928, 847820.7701011733], [2031346.9104910027, 847840.4249175052], [2031340.3783518379, 847869.5406729341], [2031332.6309920112, 847929.5982955872], [2031325.8035778385, 847958.3495504204], [2031320.765530168, 847971.8134342643], [2031304.4666782639, 848014.7523247495], [2031286.4027380059, 848050.4084214332], [2031262.4332977526, 848082.0540274156], [2031258.581927509, 848091.1507940004], [2031247.3116088375, 848129.7261761734], [2031232.7922809268, 848166.8422436713], [2031204.0600549274, 848230.8818137477], [2031169.4220008417, 848291.274737584], [2031126.1474810825, 848414.6366955998], [2031110.1517781762, 848451.0231057485], [2031048.5915338416, 848541.6026490084], [2031033.2057378448, 848560.1521525781], [2030616.107818753, 848417.0123470126], [2030548.165369346, 848394.7351605857], [2030464.2708520894, 848367.345451601], [2030344.9282430115, 848328.2700704164], [2030264.8739411703, 848301.9768159334], [2030209.044000344, 848282.2613041734], [2030042.144071668, 848223.8444262705], [2029718.9773951771, 848110.3003620073], [2029538.1919955905, 848046.7758827345], [2029256.3779266775, 847947.4758844979], [2029207.931501256, 847930.6822829376], [2028965.6974056822, 847847.806136352], [2028259.0738189202, 847606.8541904236], [2028166.0185588447, 847575.0937552559], [2027981.9756198388, 847511.9396820967], [2027460.2686580124, 847333.7976499209], [2027250.22609909, 847261.5231881755], [2026642.2414226695, 847059.6538412465], [2026590.241526679, 847047.5934979169], [2026653.7433681777, 846759.7000448306], [2026717.8492110972, 846459.4303041697], [2026755.5476265124, 846275.991366595], [2026814.6088600922, 846000.4719044938], [2026976.926448836, 845277.6498593414], [2027000.6727924198, 845165.1855173332], [2027007.7954815936, 845132.7928655876], [2026976.778483256, 845117.4749828425], [2026829.0254979287, 845100.9579555017], [2026794.8050939285, 845033.5804655831], [2026714.4325512487, 845018.945980412], [2026585.3373370005, 844958.7630299191], [2026537.185202346, 844936.1495580814], [2026510.9080239227, 844907.7313078283], [2026484.315885513, 844900.7903768343], [2026432.3264881666, 844873.0771776737], [2026382.1113655104, 844843.5450845048], [2026336.9132931698, 844822.0267548441], [2026177.9132830964, 844822.2482110838], [2026172.889343009, 844822.2439460023], [2026107.3382930008, 844756.2955870867], [2026090.8753994259, 844657.9919779263], [2025795.667000337, 844280.5924702615], [2025582.3606684224, 843854.1231788332], [2025336.4782861776, 843837.8922401719], [2025155.8421645032, 843903.2628443314], [2024991.9546970143, 844084.0469315961], [2024483.3198875054, 844083.9822991795], [2024335.6151304233, 844001.9519514391], [2024155.345149755, 843985.421472673], [2024007.5311409228, 844034.8085130018], [2023876.5373084228, 844116.6092024138], [2023712.4828465136, 844149.6032309169], [2023335.0715278378, 844149.6645825073], [2023187.5039095879, 844264.2178310911], [2022908.4204782548, 844379.033218251], [2022698.2791662505, 844391.9751215043], [2022645.965294509, 844395.5748518391], [2022449.146462425, 844379.0420765067], [2022431.085146844, 844422.7122647634], [2022411.59404409, 844403.40357633], [2022372.579030261, 844407.7421503393], [2022252.2524992512, 844461.1636314307], [2021891.5074858386, 844707.3426010187], [2021793.068378256, 844740.0321681591], [2021563.4343230878, 844740.2267215853], [2021477.4118573384, 844768.1941853354], [2021333.7526958426, 844805.5848585794], [2021021.970839083, 844789.3421089198], [2020964.948643431, 844766.0032448143], [2020856.5164455913, 844722.6060219371], [2020718.8270884291, 844677.3682514956], [2020595.612111761, 844641.6065120081], [2020480.646790506, 844641.5258035071], [2020468.5437963458, 844621.1314873243], [2020398.8277284207, 844575.9429294146], [2020369.569256752, 844575.922588258], [2020300.4125709243, 844575.8746880837], [2020119.758404673, 844690.7845632579], [2019808.2039096807, 844772.8441104107], [2019634.9509753445, 844873.2008650821], [2019463.7485618452, 845002.6825614936], [2019250.317230181, 845084.4494583377], [2019210.4012995062, 845113.1816843393], [2019148.2908594306, 845186.6759599159], [2019106.274211169, 845264.1876159153], [2019098.8621525012, 845300.9503376767], [2018971.489047678, 845297.9552649347], [2018856.769132762, 845379.7887626874], [2018776.3762489262, 845392.4783698292], [2018659.9443951708, 845379.6631067547], [2018577.8277615015, 845314.0848258456], [2018348.1979714183, 845314.3043135933], [2018233.4701825082, 845412.5219649299], [2018167.8617179254, 845412.4812825936], [2018036.3901960861, 845346.8741303373], [2017954.5816326744, 845258.3638086821], [2017823.1547301712, 845117.4028045184], [2017741.1545660929, 844854.8849568338], [2017593.5429846812, 844592.3280672631], [2017429.6053204236, 844444.7968662514], [2017298.3942967523, 844428.3379096796], [2017274.448478507, 844439.9727289205], [2017232.7645067566, 844461.062253657], [2016986.7499069276, 844674.6061179221], [2016773.3421972524, 844723.6276734185], [2016429.029237582, 844740.178493332], [2016297.523595094, 844723.7238018415], [2016133.5350779302, 844658.107135181], [2015969.590852006, 844510.2199637551], [2015920.288785265, 844411.9042154942], [2015838.4677546786, 844329.9526077582], [2015805.6623740937, 844329.9348912514], [2015591.9921977532, 844315.2590675954], [2015083.6749729225, 844280.7742284201], [2015050.8528600943, 844313.5205539998], [2014493.1377681803, 844362.7481458372], [2014115.9853072625, 844444.8355800959], [2013827.837917671, 844431.5931525149], [2013755.1359633363, 844428.2827916718], [2013736.8197270057, 844412.2569050869], [2013719.0946968333, 844396.2310184927], [2013645.8304076798, 844331.0349546676], [2013607.4256288393, 844297.1619909278], [2013590.9814360156, 844067.4495238332], [2013630.0518959179, 843941.8766122514], [2013632.1227579264, 843937.5091669274], [2013662.2837868347, 843904.7602166653], [2013693.0333972566, 843878.1999023391], [2013710.4818531715, 843854.1819057553], [2013735.316121085, 843836.7199984177], [2013758.9712575083, 843812.3411101802], [2013767.55358942, 843788.3188485148], [2013767.570977838, 843750.823516671], [2013767.5863977536, 843718.0604588398], [2013772.0394728326, 843676.1989940153], [2013776.4941883371, 843630.3329440029], [2013780.6444425122, 843603.7604905809], [2013776.5240439158, 843566.6270346785], [2013774.1720145047, 843540.0516284952], [2013767.6776049295, 843524.0309912702], [2013767.6792453385, 843520.3909066687], [2013736.9644117514, 843471.9602292515], [2013717.1626140913, 843471.950714838], [2013686.4241585133, 843474.4848305056], [2013653.6177936804, 843474.4694105651], [2013625.244818924, 843474.4562872557], [2013618.4469322572, 843474.4530064111], [2013554.9034241736, 843474.4234789059], [2013426.0267134306, 843509.6757049962], [2013410.0667715955, 843509.668159084], [2012852.656141015, 843509.7826601763], [2012754.259028091, 843460.5954225964], [2012690.4222135085, 843454.7434001642], [2012573.979204925, 843444.1361379223], [2012524.6430175009, 843394.9705538471], [2012426.5296966727, 843370.5388441683], [2012409.980517178, 843366.1635248299], [2012393.43133767, 843362.1520499294], [2012356.198472498, 843345.7547730035], [2012342.6056519293, 843339.9247321596], [2012310.9872768384, 843326.0779750926], [2012131.0276630071, 843247.3720957505], [2011917.6442315152, 843230.9032966817], [2011829.8957193343, 843153.3286486693], [2011737.3690015064, 843198.0677324194], [2011573.3555500074, 843148.8581851817], [2011458.4551892588, 842968.2529033424], [2011442.1661798363, 842295.8789200025], [2011491.3130631757, 842082.5755408414], [2011491.3773675128, 841918.397063433], [2011359.9324204198, 841705.3869907429], [2011261.545478091, 841606.6965713429], [2011056.4307308327, 841576.7678254186], [2011031.8805830916, 841623.3546744919], [2010884.378909587, 841656.0626143294], [2010736.6114885937, 841606.8638938394], [2010687.5646706678, 841557.7015905811], [2010572.6052549186, 841508.5156653216], [2010375.754598753, 841508.4454555032], [2010031.3852087567, 841590.5968660021], [2009834.5348806698, 841590.5302650982], [2009719.5741525884, 841541.3476206741], [2009539.2756286708, 841541.2885656637], [2009358.6657536775, 841590.3744255072], [2009309.5854712578, 841639.5032642485], [2009211.1499725888, 841672.5989985948], [2009128.9559112624, 841754.4803965079], [2009047.0784503387, 841770.8366630137], [2008932.0767118316, 841853.0727189882], [2008866.4607013485, 841853.0527059245], [2008751.7607995109, 841918.5440447637], [2008489.277728678, 841983.9927327373], [2008325.2377024286, 841984.3096612608], [2008194.0106026672, 841967.8913870114], [2008095.6003664292, 841918.3557249156], [2007866.0014161759, 841705.3344974174], [2007740.72410767, 841538.2104878406], [2007783.8939688369, 841475.6085789162], [2007751.094165669, 841442.836990936], [2007751.1765145962, 841131.2260655933], [2007784.0071575935, 841048.9634348376], [2007800.3204451792, 840836.0094644384], [2007750.9763837596, 840770.1067091031], [2007734.7454450892, 840671.8139266717], [2007652.5953469276, 840589.8852847513], [2007483.8364980952, 840519.5835880901], [2007275.438292846, 840573.4079555009], [2007127.6357669232, 840622.5157969187], [2006914.5220199246, 840622.4649439924], [2006553.632649838, 840556.8564794204], [2006492.1652530883, 840495.3214975066], [2006488.0281222628, 840491.3162561517], [2006373.1284176703, 840114.154608927], [2006373.1641787589, 839949.9764595883], [2006405.9921970973, 839868.0766890153], [2006405.8051895935, 839371.5383119966], [2006405.8435753442, 839195.3473914283], [2006488.0550250874, 839031.5517872568], [2006488.0842245088, 838900.1366957587], [2006340.3204124258, 838736.2905667538], [2006209.088391422, 838670.3730476588], [2005979.416934757, 838621.1812169233], [2005766.2884240008, 838621.1385660857], [2005503.7794345934, 838703.3588740919], [2005438.1443952632, 838768.8721945006], [2005438.1260225934, 838867.5245562512], [2005503.7243165988, 838998.5876143379], [2005487.4385880088, 839146.3812820092], [2005423.5630595838, 839291.9817125887], [2005372.40404117, 839408.8262951606], [2005290.5098480138, 839490.7181917612], [2005175.524513678, 839490.6978505859], [2005169.3175050924, 839489.6046769102], [2005133.5521566735, 839482.3176180131], [2005137.3904035836, 839507.8005066692], [2005139.7522755137, 839523.0901742527], [2005148.6088850934, 839587.1612403401], [2005158.351319671, 839656.3287529104], [2005320.1285551784, 840793.9554146753], [2005403.670710922, 841372.4168561707], [2005433.4869242616, 841571.1835190107], [2005460.6427098354, 841768.4938199274], [2005569.8593549274, 842526.065139439], [2005581.9817060097, 842503.4972711632], [2005663.5835769176, 842365.9089636602], [2005708.528697015, 842265.4445976743], [2005714.4433833368, 842247.2441747411], [2005727.158909099, 842215.5759310032], [2005759.0978215924, 842123.1181106737], [2005786.6036720858, 842031.0234785778], [2005808.4930640003, 841942.9317912614], [2005836.5966823385, 841819.1666188382], [2006115.5652845069, 842050.7478485795], [2006215.1526837489, 842136.6804194974], [2006445.3530107604, 842342.4080264369], [2006481.994997845, 842377.7271815054], [2006504.45197393, 842404.6706971616], [2006514.497885584, 842418.8701438397], [2006574.1824775056, 842504.4309963334], [2006629.7273139216, 842596.5436730196], [2006640.06686017, 842618.0239449983], [2006672.8587893406, 842686.4693461735], [2006711.2612715974, 842774.5738287622], [2006771.8202055842, 842907.8235622696], [2006829.1311145886, 843024.3272662612], [2006951.7358562506, 843241.3192863282], [2006984.2341508411, 843294.8398485944], [2007016.7331015915, 843344.7199981664], [2007178.933892667, 843581.0164415854], [2007303.0196025074, 843764.5196835116], [2007390.1726434224, 843898.8694804027], [2007513.3656385087, 844095.4783391645], [2007518.6832131762, 844104.5806831742], [2007552.951845422, 844162.1064867676], [2007589.2867465026, 844228.3701337565], [2007615.5760640067, 844282.2535561823], [2007625.6196790936, 844301.9139499206], [2007681.1487675023, 844428.2480148486], [2007735.7854692633, 844574.2395207584], [2007793.3778737655, 844718.0479601662], [2007817.8797932554, 844822.5320031832], [2007867.165455847, 845080.2805034284], [2007874.245166092, 845129.0628861784], [2007886.9242745922, 845236.4560440949], [2007907.2752837543, 845388.6276557497], [2007924.678792252, 845510.2196041819], [2007932.942883341, 845549.9012833353], [2007942.686630263, 845582.302793332], [2007977.8289484244, 845678.0532579978], [2008004.409275845, 845741.0383682568], [2008038.3767275948, 845808.3938765825], [2008068.506916673, 845858.638854843], [2008100.7063273354, 845905.6079210049], [2008115.18234825, 845923.0855763387], [2008130.2492472546, 845941.655421093], [2008147.0891085844, 845960.2259219865], [2008158.9066702586, 845973.3341634996], [2008193.7688052508, 846009.0194595815], [2008242.2231046688, 846051.6246893476], [2008308.7013181741, 846105.5205789203], [2008371.0456816691, 846145.2180060883], [2008426.595439344, 846176.1766055871], [2008480.0779439216, 846202.038430501], [2008559.5643335148, 846235.5527991629], [2008591.7735866758, 846245.3910340905], [2008656.7839553358, 846262.1557643546], [2008785.0330426695, 846289.8604333337], [2008946.3785205022, 846324.4922538396], [2009058.0787564213, 846348.5529012519], [2009088.810978426, 846355.4790684956], [2009179.8258882603, 846374.8012083264], [2009371.0151384166, 846418.9097159209], [2009915.9166076772, 846542.8602554217], [2010247.4654852587, 846616.5090582551], [2010451.6550375076, 846658.8091705007], [2010619.497549594, 846693.4524739353], [2010783.2088363478, 846711.3500759237], [2010843.1978895976, 846715.3763145977], [2010919.1455723348, 846717.5889085862], [2011090.8420793428, 846718.3812298228], [2011150.8331010926, 846716.2198168349], [2011245.1058784293, 846710.7952869972], [2011756.6678474245, 846666.5837612578], [2012226.8548991669, 846630.7367200765], [2012290.393814086, 846626.0306927614], [2012572.9214642656, 846601.7600719965], [2012835.353354097, 846579.667596508], [2013026.855923846, 846568.1029870945], [2013207.7180949312, 846560.5390258434], [2013572.396171345, 846549.4206097587], [2013669.3270798496, 846549.4655571625], [2013756.7993458353, 846553.1466521561], [2013835.4051597558, 846559.0081890065], [2013880.6183239208, 846562.6699270895], [2013915.4873486762, 846567.7831058285], [2013935.5814685982, 846570.7046879214], [2013980.7916800068, 846579.827045018], [2014026.5921133454, 846590.7699365036], [2014134.147672505, 846619.9444188314], [2014199.742685675, 846641.8180627531], [2014240.811829255, 846658.2196047603], [2014280.403613598, 846674.620162503], [2014408.3341320024, 846734.384478657], [2014603.9183865055, 846834.2264705852], [2014783.2552981693, 846918.4080607654], [2014821.9569924164, 846940.269565582], [2014860.951993169, 846966.8640005876], [2014905.8515096775, 847004.0181257628], [2014997.7135306739, 847089.2489264143], [2015003.6209991712, 847095.0766706828], [2015055.3095440879, 847147.1598998436], [2015220.1205661756, 847313.6087139165], [2015251.4302148393, 847341.6555738428], [2015292.4898440079, 847373.7119401639], [2015362.5005307633, 847423.6212891851], [2015390.2695040873, 847440.7452706712], [2015400.0185003418, 847446.5749834176], [2015466.488839836, 847484.1054201636], [2015581.705472932, 847545.6883022379], [2015787.6174626793, 847655.7366385898], [2015966.3461078394, 847756.6708199242], [2016019.5205421757, 847788.3708877614], [2016053.4909466812, 847812.415787182], [2016075.0545518412, 847827.7169376849], [2016152.7374673323, 847892.5580153326], [2016214.4666745972, 847950.4732538431], [2016231.8915085034, 847968.3206590955], [2016303.363478424, 848041.5311425914], [2016333.7833650853, 848072.8552269227], [2016401.414791508, 848143.1516742564], [2016524.8630354241, 848272.0890804243], [2016552.6244628415, 848300.8636291707], [2016666.0271231697, 848425.0635119985], [2016768.7959465107, 848540.1571138236], [2016833.4733105898, 848605.3564584979], [2016926.2113140966, 848690.5938208344], [2016971.4015124275, 848727.0235380065], [2016993.258424087, 848744.5097235031], [2017067.693314598, 848797.7022024147], [2017117.6138184222, 848829.7661146666], [2017200.9161452511, 848877.8677245063], [2017259.1092703352, 848911.7570924094], [2017538.2556936734, 849076.4664086687], [2017598.5163999207, 849110.3577450963], [2017622.7387924185, 849123.8416419993], [2017638.9861352604, 849131.8599986773], [2017685.660254509, 849155.5505680921], [2017728.7914018342, 849173.7782219271], [2017866.758645593, 849221.1865916679], [2017911.075486095, 849232.8627494216], [2017967.2118567529, 849245.2741419262], [2018067.6686768373, 849263.1737124159], [2018197.6762908394, 849278.9076048406], [2018496.6993148495, 849305.3048617564], [2018693.188751251, 849326.5436644317], [2018769.4202260992, 849335.329079918], [2018907.1115517637, 849348.5229511667], [2019054.2602075925, 849358.8109883467], [2019119.2692639253, 849358.1252941741], [2019151.4798294308, 849355.2338957534], [2019186.3514788453, 849349.7962426111], [2019338.5522899188, 849316.4049051625], [2019412.4382970047, 849297.5240374304], [2019815.2652472574, 849194.7712901665], [2019924.9149623378, 849163.5387410839], [2020069.148269669, 849117.0404744981], [2020145.1041545125, 849097.0706981672], [2020190.0263087612, 849087.2724894275], [2020252.9746736728, 849075.6668695894], [2020213.9173370905, 849150.9951310034], [2020189.0627280031, 849199.0307960971], [2020076.022599757, 849434.8479097493], [2019770.0553639226, 850070.6097615913], [2019725.958667339, 850173.2378371732], [2019695.1713273386, 850258.4013807629], [2019656.384659513, 850374.8670270864], [2019638.315798013, 850441.4731930828], [2019614.015321672, 850547.7554608447], [2019598.2968491775, 850634.3855369197], [2019583.7427444325, 850747.5906910899], [2019575.0826567565, 850884.4624645807], [2019577.9763517545, 850975.8372818384], [2019579.4248396764, 851019.1583894076], [2019579.4215588428, 851023.8909915083], [2019589.1029699286, 851127.6476737515], [2019606.7489320023, 851251.067702499], [2019667.0916590851, 851593.3019261524], [2019696.23202075, 851758.957762831], [2019714.8589520014, 851740.4046503422], [2019726.686684252, 851726.9430630924], [2019738.8096915039, 851714.210148904], [2019745.9071182604, 851704.7498660067], [2019756.5478450065, 851699.2964648496], [2019857.3386539235, 851646.2152061763], [2019888.0771095008, 851632.0387253276], [2019936.8667100982, 851577.4663279216], [2019945.7341464318, 851572.7399594312], [2019963.4657382537, 851568.019496417], [2020027.8832603397, 851560.7826342513], [2020086.9973153484, 851531.3361708458], [2020283.8036802562, 851498.7086114305], [2020398.696495085, 851564.3147794176], [2020404.3106570847, 851563.9545439126], [2020546.431763917, 851564.0536250967], [2020677.6670657534, 851498.6193727573], [2020776.0589293407, 851498.6889264224], [2020940.150792765, 851351.0071351749], [2021037.3556508424, 851358.7213585783], [2021048.572163836, 851374.7469170798], [2021063.3359138356, 851388.5910495017], [2021090.5104001763, 851400.9876782607], [2021106.7528217586, 851413.012588586], [2021112.3610782628, 851421.0253678343], [2021119.735079258, 851438.8685080099], [2021130.3436538442, 851478.1919201874], [2021174.295993759, 851579.0617971657], [2021186.3832399254, 851616.5659872652], [2021207.549536168, 851765.4721855181], [2021213.7332508408, 851794.5994238432], [2021218.1587669235, 851803.7037363356], [2021240.0087888385, 851823.7414259232], [2021265.4070320143, 851840.5055000109], [2021292.58086218, 851852.9024568348], [2021321.531263592, 851860.5681239201], [2021330.687741341, 851864.5792707417], [2021364.6515841787, 851884.989991074], [2021372.0344434213, 851890.455859429], [2021412.1941400005, 851922.8846003461], [2021445.5664485844, 851944.0230094984], [2021552.4855260842, 851998.7066271751], [2021581.1393401776, 852007.1006392521], [2021660.9111622572, 852012.6199851878], [2021739.790925756, 852025.7836727551], [2021789.7216001765, 852029.8250032582], [2021819.5647163372, 852028.3912790904], [2021858.278221594, 852018.5911018354], [2021876.602660002, 852010.9598835177], [2021893.1574169265, 851999.687268255], [2021902.9080535937, 851998.9664691756], [2021922.4057180139, 852003.349334417], [2021950.1714104996, 852014.291241666], [2021988.5725804279, 852026.6970567595], [2022037.6128366732, 852036.1990062484], [2022067.4539843346, 852037.313505336], [2022087.2525011736, 852034.4162014115], [2022122.1231663395, 852026.7977783429], [2022126.2602971788, 852026.0727141586], [2022156.1040695014, 852023.9109730825], [2022176.1939243372, 852026.1104437617], [2022215.4855124215, 852033.4207965857], [2022253.5920635008, 852044.7347503332], [2022280.7649094174, 852057.4968639155], [2022293.4679680031, 852060.4187740826], [2022393.6314815886, 852059.4030280724], [2022403.3827744287, 852058.3183845782], [2022442.0962796828, 852048.5188634997], [2022479.0414157517, 852032.8935666631], [2022485.252033264, 852025.2534900992], [2022489.6910007598, 852016.1560673288], [2022492.6608110953, 851996.5002667647], [2022493.0023458458, 851936.4347700926], [2022496.290725098, 851886.5641349202], [2022494.2454535952, 851856.3476599173], [2022484.2372715026, 851807.1951991747], [2022483.9879281677, 851747.1290463309], [2022477.5092665856, 851718.7291687656], [2022421.7964515088, 851547.5894191696], [2022413.2505368448, 851518.0960398264], [2022411.7803954182, 851508.2660070106], [2022413.8637245898, 851488.609550247], [2022439.6271245035, 851413.6379154142], [2022443.188141005, 851393.6185985005], [2022441.7150468363, 851388.1569952548], [2022440.5365715036, 851383.7875814295], [2022423.9985468378, 851372.8538762646], [2022418.0950153482, 851364.8407689187], [2022403.6537712528, 851316.7768886775], [2022393.0291205952, 851300.3871576732], [2022343.4376843406, 851237.3712075935], [2022310.3734460045, 851199.486112758], [2022271.9860555974, 851167.4218724181], [2022246.8939141796, 851136.8238364985], [2022225.0445484223, 851116.0571457613], [2022219.1410169313, 851108.0440384201], [2022212.0632751742, 851090.2008982585], [2022210.8893930034, 851079.2790040827], [2022212.9727221709, 851059.6225473515], [2022228.0776788436, 851012.6731661651], [2022244.6517926734, 850976.2821628469], [2022269.2098144281, 850932.2527233404], [2022335.7746419318, 850823.82052551], [2022410.62390168, 850701.92575617], [2022428.961463423, 850678.6413539238], [2022471.2350009219, 850652.4632566768], [2022489.5614078334, 850643.7405050826], [2022529.1600819232, 850637.9462253544], [2022548.9563021825, 850639.4176790743], [2022568.4539665896, 850644.5288893445], [2022667.4029156722, 850691.9300412614], [2022696.6505605874, 850698.5051593301], [2022746.5832035094, 850702.5484583344], [2022826.3625715065, 850702.6101379945], [2022896.393927514, 850699.3886877596], [2022975.8849102557, 850690.349663823], [2023024.9425549211, 850680.1951565855], [2023052.1360700873, 850668.2033826704], [2023060.1183375877, 850662.3851528248], [2023066.3302674314, 850654.0173874268], [2023079.6560281808, 850616.8960705829], [2023089.420444339, 850599.4298981731], [2023092.3830368372, 850589.603474267], [2023085.905687584, 850560.1114072488], [2023058.1810055096, 850496.0193438377], [2023040.4799254236, 850460.330110758], [2023009.494423092, 850409.3407114074], [2022902.0573020147, 850257.8177204985], [2022872.5934501751, 850149.3123600932], [2022867.878892677, 850132.1988772762], [2022854.020324588, 850094.6923905872], [2022840.1528982532, 850068.8351588475], [2022807.097846255, 850017.8444471675], [2022801.785520927, 850009.8316679097], [2022762.2527915821, 849929.3488892438], [2022749.2810327546, 849891.1153699158], [2022746.340093762, 849872.9110100125], [2022744.5759896794, 849861.6246152456], [2022744.591409595, 849841.9668461618], [2022753.2147519279, 849772.0788625908], [2022754.4818097507, 849662.1410903379], [2022766.9765354253, 849553.6682101851], [2022767.8869666744, 849523.089859269], [2022762.9099425073, 849463.3842700137], [2022765.5920237585, 849433.899420838], [2022773.2973889261, 849404.782681177], [2022784.2524195018, 849376.7604275073], [2022816.8051759298, 849314.5358144182], [2022827.4557451762, 849298.1624876006], [2022841.6505986755, 849283.6123198493], [2022875.3539433496, 849261.7964185806], [2022901.959205092, 849247.983782179], [2022957.8242508487, 849226.5494418455], [2023092.5995718394, 849188.4314078464], [2023131.611632929, 849180.089561002], [2023140.1844504164, 849175.7276930981], [2023155.5604039293, 849162.6345434234], [2023182.1781328467, 849133.1687231073], [2023189.8661095942, 849126.6221482654], [2023198.7345301823, 849122.2609365054], [2023205.531104507, 849121.9023414274], [2023209.0770291667, 849121.9049660772], [2023228.5769901704, 849125.5607986843], [2023266.6864940065, 849137.2402372642], [2023286.4823861727, 849140.1680529165], [2023306.2818872617, 849138.7277670869], [2023325.4937910882, 849132.5542229989], [2023388.75285092, 849103.4817745747], [2023441.9643586737, 849075.4936415844], [2023484.8327112643, 849048.953340336], [2023520.8962874261, 849032.6006827398], [2023554.305341335, 849010.0574207576], [2023626.1546070878, 848955.8738020879], [2023661.9373439262, 848921.6835817596], [2023695.064246176, 848883.1226352579], [2023698.0225735896, 848879.1206747569], [2023718.4346062553, 848850.7424506684], [2023776.427928597, 848757.5963115117], [2023803.0472979236, 848727.4031304267], [2023846.2237207603, 848686.3021627442], [2023871.3660589312, 848655.3796524307], [2023891.4831446717, 848627.365272766], [2023915.683883666, 848664.5164451661], [2023930.4377911699, 848690.3749892816], [2023937.800965429, 848719.8680405088], [2023941.9308784308, 848728.6081805076], [2023979.716564016, 848775.5995563458], [2024005.685016007, 848818.5768325827], [2024034.315208094, 848859.0081821629], [2024062.660295756, 848887.062259941], [2024087.7635920069, 848903.8283025068], [2024141.2257554233, 848931.538876999], [2024187.8998746704, 848949.4151535894], [2024247.2898477612, 848955.2888295078], [2024266.4925652605, 848960.7651965037], [2024329.704053016, 848990.668351916], [2024358.063248261, 849000.884866925], [2024426.0138997578, 849017.322826164], [2024495.1512286826, 849027.5734618524], [2024514.3532900047, 849033.7781738307], [2024563.0887568456, 849059.6655892658], [2024567.223263012, 849062.2170933287], [2024585.8337900937, 849069.1494941644], [2024710.2059166734, 849106.7494845848], [2024727.631406755, 849116.9571413334], [2024749.4814286684, 849136.99745558], [2024791.6900056757, 849192.7306118301], [2024832.7266690133, 849236.4493564238], [2024843.3503354206, 849253.204244163], [2024856.6242590088, 849280.8820103472], [2024864.8739144197, 849309.2838564231], [2024866.326011256, 849339.1358308443], [2024848.1574124263, 849508.396647171], [2024845.7597794237, 849548.4385618339], [2024841.4878063353, 849707.8824686682], [2024845.5908165143, 849747.9299607513], [2024858.560606839, 849785.4364474264], [2024865.9142666778, 849824.7585472512], [2024942.671002924, 849907.4598254233], [2024975.442262844, 849940.2507703559], [2024975.3864886765, 850005.7772140927], [2024917.6270897551, 850169.9081194242], [2024920.8656003461, 850183.7440497574], [2024904.0027731806, 850207.7561408561], [2024896.0083665834, 850226.6793313329], [2024880.603213668, 850273.9905884281], [2024872.0015248356, 850312.5712199238], [2024864.259742425, 850382.459531583], [2024855.6580535907, 850421.0398350091], [2024853.2771528382, 850441.0598080946], [2024854.4251164189, 850481.1046755095], [2024851.123941927, 850541.1678755874], [2024840.9933847636, 850640.5410364268], [2024840.6469287581, 850700.6065330895], [2024837.9710810927, 850720.2623336815], [2024829.0915056781, 850738.4565230088], [2024828.158764749, 850793.061072593], [2024839.5980463475, 850892.452606083], [2024845.7568266687, 850947.0630611802], [2024854.2623870985, 851021.6977544398], [2024863.9326433393, 851116.7192179327], [2024867.4598672537, 851138.5643185814], [2024872.7393842638, 851184.8014308325], [2024879.8171260045, 851200.8250208326], [2024950.439360096, 851196.1524580112], [2025043.2239514287, 851189.679045744], [2025113.5528790057, 851182.4582596906], [2025169.9937110103, 851176.3181800776], [2025215.2055628465, 851171.624619914], [2025347.579313845, 851170.2824310042], [2025416.1300297526, 851169.6137971805], [2025440.9488777528, 851170.7273119987], [2025527.2236395937, 851175.1708726682], [2025570.960428761, 851167.5639325096], [2025609.8560202557, 850951.7247972537], [2025635.3599062557, 850845.4484350097], [2025660.8277030876, 850780.6723178297], [2025671.489427179, 850753.0152209089], [2025712.3341617584, 850674.419249508], [2025763.5161460028, 850601.6569278375], [2025819.4271234255, 850527.442837418], [2025939.2001778332, 850411.0569153497], [2026044.7504916799, 850339.7995119252], [2026120.7306546725, 850293.6345780076], [2026207.0444584202, 850257.3082071105], [2026324.68464309, 850215.1852598307], [2026360.1573411683, 851514.4608765199], [2026372.026411922, 851787.1345437668], [2026375.495893181, 851871.5943485796], [2026384.4610983415, 852087.8399790832], [2026399.1894153364, 852466.0869259968], [2026414.6775733384, 852656.1278845001], [2026424.3537350905, 852738.4088879249], [2026447.275605262, 852875.6714086671], [2026483.7650335894, 853038.7928015853], [2026562.0237353428, 853406.1765812545], [2026573.489919754, 853468.4372834964], [2026597.014807089, 853591.139137842], [2026614.349746168, 853697.4535577588], [2026622.2785360944, 853750.6102755825], [2026628.6459774221, 853896.5948917565], [2026625.6148155038, 853981.0487911026], [2026625.8651430917, 854030.9220509155], [2026627.6180923413, 854052.4019948478], [2026633.1705746807, 854119.7538942546], [2026637.8644629288, 854156.1616298383], [2026635.1439959276, 854223.8701558356], [2026616.7083372623, 854679.6281025818], [2026612.517072679, 854740.4186634196], [2026601.7444564255, 854891.1204617629], [2026750.3507865076, 854889.7992701627], [2026801.4635451753, 854887.2979628451], [2026867.9437271792, 854880.0778329168], [2026930.8835619225, 854867.3944593391], [2027104.0603809205, 854812.5842014976], [2027270.1437101825, 854761.7729514191], [2027426.7451030002, 854741.5328344235], [2027620.2660414297, 854732.6135609158], [2027819.9884110086, 854726.6135729302], [2027988.393257931, 854721.6772310919], [2028202.584430592, 854723.7028175943], [2028272.6036474993, 854723.4062302554], [2028373.9397309273, 854722.7759821692], [2028485.0277633353, 854719.9711977395], [2028672.3334910858, 854722.3379909338], [2028691.5368647561, 854722.7208641708], [2028809.7000142639, 854735.2139494178], [2028903.6437240099, 854741.1309323454], [2028984.8919210872, 854738.6627614147], [2029052.8530712593, 854728.1729530123], [2029086.2463771685, 854719.4692302545], [2029127.6196539984, 854707.4971413335], [2029140.0313745874, 854704.2330402471], [2029149.191461251, 854702.7858646632], [2029211.3484891814, 854587.4478407457], [2029253.4074601678, 854480.8269910068], [2029293.2869735942, 854485.9631355801], [2029353.2602788361, 854487.1153642567], [2029402.9015837626, 854480.2482520047], [2029472.323360922, 854486.8706140807], [2029540.2579363452, 854503.6848849321], [2029569.7969192574, 854508.8111869992], [2029586.9277905095, 854513.5608494257], [2029640.6527486725, 854558.3917964988], [2029679.3091674314, 854604.2995130982], [2029719.430806339, 854661.4939525061], [2029751.5819887517, 854712.491882015], [2029776.6629753413, 854743.4606520898], [2029808.2498544296, 854768.2470198441], [2029833.0500016818, 854784.654139239], [2029862.8619499218, 854811.2590729134], [2029891.4908296769, 854839.3190561723], [2029907.4323988408, 854851.3485596766], [2029925.4451580949, 854860.1037914905], [2029965.6238835019, 854860.8731469255], [2029984.822664009, 854865.2612614989], [2030059.8349811735, 854893.3688168392], [2030098.5288014284, 854901.7812015854], [2030115.9572442633, 854903.9832969052], [2030177.9902566653, 854912.4199598477], [2030206.9357368362, 854919.7306407554], [2030233.8074022525, 854932.4996440826], [2030258.3096498398, 854950.7266417597], [2030343.323587418, 855020.345925093], [2030376.9810004237, 855041.8590054216], [2030414.1902435878, 855056.8228862538], [2030510.1792248338, 855083.4973735887], [2030656.9774876693, 855114.9576124935], [2030685.0335339317, 855124.8161885779], [2030693.891783922, 855129.557977004], [2030729.602342425, 855164.9069876472], [2030768.25580843, 855211.1801890836], [2030791.2803686704, 855229.4062024915], [2030817.5591875003, 855243.631239677], [2030845.6129371682, 855255.3100220899], [2030893.7549012601, 855268.4661637588], [2030913.546856419, 855270.3070393275], [2030933.3430766778, 855268.143657843], [2031040.6138595063, 855241.3182521749], [2031060.408439337, 855240.975077005], [2031089.649850668, 855247.1948808497], [2031102.3453633334, 855254.8530020087], [2031119.1737417567, 855265.428112091], [2031138.9647126812, 855268.3615051591], [2031288.7436125886, 855273.9812446039], [2031328.6241102503, 855276.5721186689], [2031358.4583681677, 855280.9723723383], [2031378.2519637626, 855281.3578702529], [2031398.049824417, 855277.7384549241], [2031426.1265399319, 855267.939590008], [2031452.729833172, 855254.4986720029], [2031511.5623926686, 855216.3379871756], [2031634.2409530897, 855148.0310371774], [2031675.92623718, 855121.1370620854], [2031693.6627502604, 855111.6912148456], [2031731.197124004, 855098.6266084206], [2031818.3747711775, 855076.1506034957], [2031980.3301559247, 855024.2694736592], [2032020.5128183381, 855021.0368685792], [2032049.4730622626, 855014.1517117695], [2032058.6364297557, 855009.7934527568], [2032066.0297876738, 855002.8846739224], [2032070.7656705987, 854994.8810809948], [2032076.1052268445, 854974.8647168283], [2032076.1160535961, 854965.0359963235], [2032080.863747509, 854946.1111654149], [2032087.0769896794, 854937.7450404161], [2032105.9909938436, 854932.3050906565], [2032115.739662007, 854933.0439343496], [2032124.3019808389, 854937.7857227618], [2032131.0890407572, 854945.0740940162], [2032149.1004876783, 854954.5586550772], [2032167.4098342517, 854961.4956490872], [2032215.8470733447, 854974.6540873317], [2032233.8595045067, 854983.0467870837], [2032250.096020595, 854994.3495860139], [2032263.3738811747, 855009.654017343], [2032272.808901667, 855026.7740618496], [2032280.4581645865, 855055.9055652608], [2032304.2251774238, 855204.0949014367], [2032314.5115741803, 855252.8874547486], [2032317.4561220868, 855261.9914391853], [2032330.437395336, 855278.023559325], [2032360.8385812636, 855303.9037569175], [2032395.0862161673, 855324.3276005823], [2032440.263947339, 855345.4916002509], [2032487.8110963416, 855361.1979336628], [2032527.690281676, 855365.246482004], [2032567.5717635914, 855366.7471351871], [2032627.2422479242, 855373.0020439015], [2032657.3757178343, 855373.7635253593], [2032677.1722661704, 855371.2372836688], [2032686.040030585, 855366.8786965726], [2032692.8434946672, 855359.2415727512], [2032718.9018415066, 855305.3932552462], [2032741.3909697554, 855273.0189761698], [2032744.3561869278, 855263.1932084261], [2032744.6740996698, 855243.1712668487], [2032740.8548815853, 855223.8730770934], [2032728.181350514, 855196.9200469959], [2032716.6771084212, 855180.8895672599], [2032711.9605824195, 855171.7836143451], [2032691.457014503, 855013.0401654199], [2032689.432740345, 854973.7220025931], [2032694.4770215906, 854954.0694828273], [2032703.9504278451, 854936.6062631741], [2032734.1298294198, 854896.5958445083], [2032792.7310901748, 854802.7394049037], [2032820.8415982574, 854763.8188790828], [2032836.8251620969, 854736.8980011774], [2032851.316931009, 854723.4449440811], [2032912.215759337, 854689.2937656855], [2032920.1996672591, 854682.7498155072], [2032926.117306338, 854675.1117074166], [2032936.7846078419, 854647.0930626751], [2032942.4309220032, 854617.612150502], [2032949.8374032509, 854599.4186173371], [2032960.7875125841, 854582.6853830795], [2032968.4768016783, 854575.7772604309], [2032985.9190240046, 854565.6037243431], [2033013.996723758, 854556.1703442454], [2033024.0436196793, 854554.3616208502], [2033053.8831269299, 854554.3950853299], [2033063.9293666785, 854553.3143788428], [2033073.9733098438, 854554.053550587], [2033081.070736588, 854548.2369611823], [2033089.6579897555, 854530.7730853388], [2033095.885011421, 854510.7580334973], [2033102.1668230135, 854441.9619112631], [2033111.6878013476, 854382.6346020845], [2033111.1080780912, 854372.8048973384], [2033108.1648425015, 854362.9725679099], [2033097.2527908399, 854345.8505549299], [2033090.1691435874, 854339.654045003], [2033071.2685908398, 854332.7160667656], [2033051.7735510913, 854329.0536725062], [2033022.8287270956, 854321.3761944134], [2033013.3789428484, 854317.3611105846], [2033006.5922110095, 854310.0727393301], [2033003.3641990868, 854290.4110332623], [2033003.9662320013, 854280.5826408224], [2033006.6365022496, 854270.7568730927], [2033014.029860169, 854264.2122667473], [2033059.5514226696, 854243.5134892436], [2033097.9722775952, 854231.9075413314], [2033147.320932181, 854223.5906288271], [2033167.116824342, 854222.5207490831], [2033176.8697575948, 854219.619508184], [2033185.7378500865, 854215.2612491805], [2033201.1151159278, 854202.9013657555], [2033220.0497893414, 854179.6241813473], [2033252.3236749175, 854117.4103950151], [2033287.8715040816, 854034.4502590885], [2033343.8687674238, 853895.4518494098], [2033383.2676387588, 853803.7591194152], [2033398.1068479286, 853745.1660607555], [2033423.2938054204, 853680.3961771721], [2033424.4867164213, 853670.5684409227], [2033417.133712753, 853641.437265581], [2033409.4736230972, 853622.4986551775], [2033397.969052926, 853606.4678473347], [2033380.8447433407, 853596.2552693284], [2033340.3868190038, 853579.8274806793], [2033324.4442655912, 853569.2523705923], [2033314.9931690104, 853566.3294761839], [2033306.1352470976, 853561.5870315906], [2033298.7563248428, 853555.0256929984], [2033287.2520827502, 853538.9952132531], [2033284.9115362624, 853518.6064745091], [2033285.5135691767, 853508.7780820832], [2033289.3646113437, 853499.6816435913], [2033295.2822504183, 853492.0435355098], [2033356.1850157538, 853457.1649963498], [2033371.8585408481, 853444.4415965796], [2033377.7758518474, 853437.1676610011], [2033379.5596409272, 853427.3405809234], [2033378.3890395924, 853417.5102200054], [2033379.8778817516, 853407.3189674062], [2033389.9428222612, 853390.2205764136], [2033397.0415613358, 853383.3121256768], [2033405.910966173, 853378.2258497651], [2033425.4148641694, 853374.6074186683], [2033474.7625345136, 853368.475213093], [2033554.5261545023, 853375.8472455911], [2033623.9479316778, 853384.2993284138], [2033633.9941714262, 853383.5827944296], [2033652.6158533387, 853376.3236225827], [2033696.0757401723, 853351.6189475894], [2033732.4352475116, 853335.2790852423], [2033747.517566428, 853322.9192018358], [2033768.8154240865, 853301.1013320888], [2033826.180466846, 853260.3953767625], [2033868.460566013, 853234.233355572], [2033904.5247983332, 853217.8934932527], [2033943.5368594248, 853207.3817032574], [2033961.2743567547, 853198.6651852647], [2033977.5367914303, 853187.762976097], [2034015.3943272545, 853153.9513639242], [2034034.3296568377, 853131.4031806657], [2034043.1990616766, 853126.3169047541], [2034058.568453505, 853121.2381747455], [2034071.573676838, 853116.8848369999], [2034101.420073836, 853112.187011755], [2034171.142703431, 853116.2726335088], [2034212.7522002603, 853158.9132962419], [2034222.1859084219, 853176.7623419167], [2034226.8902953423, 853196.4256884116], [2034236.5598954244, 853265.2398552545], [2034241.8551604303, 853284.9041860187], [2034261.5979030887, 853330.0678095742], [2034368.004186349, 853545.3380483298], [2034393.6320878433, 853610.5308313286], [2034408.077268928, 853637.4864860945], [2034464.411473841, 853719.8249040841], [2034523.4061065025, 853800.7105690739], [2034590.681234421, 853874.6894237495], [2034625.797634007, 853910.0423714278], [2034655.9019045082, 853936.6528824946], [2034704.609156177, 853971.6580618334], [2034790.2277513433, 854023.0887332503], [2034825.6594390112, 854041.3324631789], [2035098.7986565095, 854165.4309682564], [2035134.2306722533, 854183.3111818354], [2035176.7427263414, 854209.9367847685], [2035276.5460044288, 854257.017399252], [2035332.95074725, 854277.835599092], [2035371.3466678408, 854287.710907423], [2035401.181910007, 854291.3870811773], [2035440.77664709, 854287.0665517631], [2035469.4452249247, 854278.3641413394], [2035487.184034587, 854268.1925737808], [2035501.0862377596, 854254.7401728331], [2035525.0563341673, 854222.3698307499], [2035544.597961755, 854187.4460160746], [2035556.730483427, 854171.4430953425], [2035587.1926928465, 854145.6334356659], [2035654.0537795888, 854071.0869968382], [2035677.4165937616, 854052.5493042667], [2035695.4493660913, 854043.8344266916], [2035705.2013150884, 854042.0260313381], [2035765.1821662649, 854037.7307643336], [2035784.6772060099, 854041.394799006], [2035811.8428340857, 854053.80520726], [2035861.1344021715, 854093.1814408465], [2035889.7642661766, 854116.1508830936], [2035898.9181192515, 854120.1666230896], [2035908.96140626, 854121.63512409], [2035928.7589388348, 854119.4750234038], [2035957.134210171, 854109.3169072611], [2035976.0452615912, 854107.1558223289], [2036046.3522075873, 854114.5229335786], [2036059.9466685948, 854111.2630975875], [2036097.452171013, 854124.4146460867], [2036105.7179025107, 854129.8854356718], [2036126.6676637537, 854151.7535021825], [2036158.8244235946, 854189.6530326753], [2036173.8762307612, 854202.4128496819], [2036192.1819684207, 854211.9003635134], [2036219.9404430853, 854222.855722183], [2036253.8911625894, 854243.2838309199], [2036263.0450156792, 854247.2995709159], [2036273.0883026705, 854248.7680719163], [2036292.593184917, 854244.0597479979], [2036320.0836155103, 854232.8084581796], [2036373.8873136789, 854206.3006371695], [2036417.6437878457, 854181.6002272577], [2036454.0046075147, 854164.535628833], [2036473.5065370055, 854162.3758562442], [2036512.793531925, 854168.2492040789], [2036531.6931004212, 854175.1894789197], [2036549.7045473454, 854183.9489758384], [2036581.2861770855, 854208.7428895095], [2036632.929774599, 854256.131902349], [2036657.4297255862, 854273.6364605103], [2036692.2672543388, 854293.3381927522], [2036736.8518108437, 854315.2361148469], [2036779.6591399321, 854340.7724810698], [2036806.8227995024, 854354.2757349112], [2036844.6229207506, 854367.4285957494], [2036854.0743454236, 854369.6247855792], [2036891.5726300026, 854387.8737648446], [2036965.970775173, 854430.1958586738], [2037002.8808063408, 854446.2598029128], [2037009.6740998463, 854447.7246950082], [2037039.814131423, 854443.7581675161], [2037079.711361335, 854433.9796437565], [2037109.8592669205, 854423.8248084169], [2037123.4563525931, 854418.3815778311], [2037143.5570341786, 854410.0341535896], [2037201.7816552517, 854392.2700815113], [2037255.87603526, 854370.1323305123], [2037305.8418145943, 854341.8010223336], [2037398.6690567583, 854296.0504576779], [2037469.9136649212, 854262.6499339226], [2037558.8911772503, 854224.5397739239], [2037604.1191051763, 854204.9397475115], [2037642.2404200118, 854198.0719790878], [2037643.417911097, 854201.3498596553], [2037654.3585060101, 854194.0831419193], [2037660.5727324192, 854186.4463461768], [2037670.6229091752, 854182.4548843353], [2037676.237727343, 854181.369912753], [2037686.2829828428, 854181.382707988], [2037701.6445006724, 854182.4945824397], [2037706.6668003348, 854182.8653165902], [2037717.599193172, 854182.1510791769], [2037727.9439887535, 854178.8882904247], [2037736.813393592, 854174.1671712527], [2037744.2028145047, 854171.6284624061], [2037753.3609326787, 854172.0041178238], [2037760.745104253, 854173.4696661002], [2037765.463926837, 854180.0283800147], [2037771.6620771748, 854184.7688560975], [2037782.0006391702, 854186.2383413207], [2037790.8585610853, 854190.618253838], [2037801.4910857512, 854193.1802565884], [2037812.1255789243, 854194.2862255176], [2037842.8532077516, 854193.233734169], [2037864.12580301, 854192.8971206701], [2037874.4673177605, 854192.182227099], [2037883.628388675, 854190.3738317596], [2037888.6559376714, 854186.3761363307], [2037896.3494918358, 854177.2849471522], [2037896.9679289304, 854155.8076279208], [2037898.7540145982, 854145.617031484], [2037899.6532910035, 854135.4251227501], [2037905.2917311788, 854116.1384159096], [2037909.144741834, 854106.6784610912], [2037911.5200651735, 854097.5803821676], [2037916.848794668, 854089.2145852523], [2037921.5863180023, 854081.2119765938], [2037930.4550666807, 854077.2188743207], [2037934.8907533449, 854073.9482115959], [2037937.860235588, 854062.3028936721], [2037937.283465088, 854051.3809995011], [2037935.523954167, 854041.1858099365], [2037934.0590620935, 854031.7189653357], [2037934.3615549223, 854026.2586744335], [2037936.7365501686, 854017.5247679942], [2037940.8848358397, 854008.0651412592], [2037948.0117900958, 853980.043543766], [2037954.8132856789, 853975.3197999164], [2037959.2479880906, 853973.1413265839], [2037962.2066435977, 853969.8690234323], [2037973.4490751787, 853957.8703597534], [2037981.1390204285, 853951.3277219185], [2037989.1239125864, 853945.5134290848], [2037997.1088047638, 853939.3349637527], [2038012.7852825988, 853925.5219992538], [2038019.8859901729, 853917.8861877571], [2038027.8705542532, 853912.0722230023], [2038035.856102584, 853905.5299132649], [2038045.021766679, 853900.4452777478], [2038052.4164369262, 853893.9019837691], [2038060.6959479318, 853888.4521914985], [2038069.857675001, 853886.279951735], [2038079.9091640858, 853881.5604729992], [2038097.3549953387, 853870.2980283312], [2038127.5111030047, 853854.6835582518], [2038133.1288739282, 853851.4145359307], [2038161.5074260966, 853839.4381819237], [2038170.6734182548, 853833.9897020152], [2038182.4939326795, 853831.8207430824], [2038213.46729593, 853869.3570853323], [2038235.9163980056, 853873.026697425], [2038286.1141322555, 853894.9341339148], [2038328.3273024266, 853922.2923469164], [2038334.824664757, 853924.1207553475], [2038394.5043354193, 853924.5630116877], [2038422.5771139266, 853920.5954999172], [2038452.4307287638, 853910.4413207584], [2038460.7082712483, 853906.4478904204], [2038466.6278788457, 853898.4469221657], [2038466.6406740842, 853888.6178735959], [2038464.5881847597, 853876.6018215123], [2038460.7607645837, 853866.4040072655], [2038452.8017910125, 853852.5598748437], [2038450.7424119278, 853846.0047698434], [2038448.7053425007, 853822.3394628383], [2038458.7633932554, 853812.5238656845], [2038474.72792825, 853804.5356926649], [2038524.6559780075, 853806.7856881776], [2038542.683501004, 853802.804725014], [2038548.5978592644, 853798.8083419102], [2038552.7445045125, 853790.8047490104], [2038556.9124751699, 853766.7837996793], [2038552.818323256, 853734.7431813313], [2038548.993199678, 853722.7248326722], [2038549.011900423, 853708.5276825834], [2038544.896751179, 853692.5044206575], [2038544.9095464216, 853682.6753720877], [2038559.1723131693, 853620.8080417378], [2038572.4957773378, 853599.3474547624], [2038583.1542205955, 853582.6155328482], [2038615.4005471775, 853550.6228146701], [2038641.1334353394, 853528.8144593459], [2038727.1700086743, 853483.0593015067], [2038753.475730346, 853475.0852360842], [2038789.5314325113, 853467.12396592], [2038855.4092535088, 853473.0356995062], [2038945.2076303374, 853487.3522719218], [2038979.1711450953, 853497.5904404169], [2039017.2842578446, 853497.641293334], [2039077.2713425923, 853489.7121753384], [2039101.21125534, 853483.5553635112], [2039137.272206843, 853471.5904924282], [2039183.388912516, 853451.9940749301], [2039229.522350429, 853420.0203855975], [2039281.5671938371, 853386.2346920063], [2039335.3767975133, 853358.2757584144], [2039365.550621672, 853330.2853288347], [2039377.7047968358, 853300.0865703339], [2039385.7438227548, 853254.2287224148], [2039389.939024344, 853210.1861595851], [2039387.9301700909, 853166.1347385044], [2039382.082740845, 853120.2581898418], [2039378.0161479262, 853068.1956299304], [2039378.0617514993, 853034.3403826648], [2039386.0742026707, 853008.1403038342], [2039391.9993876652, 852996.1350784939], [2039398.2142702655, 852988.498610844], [2039412.1145049203, 852978.3244185892], [2039428.0796960902, 852970.3369017552], [2039437.832301259, 852968.5298187591], [2039462.0596149997, 852968.5622989883], [2039480.3807725916, 852966.402854497], [2039510.2219202518, 852966.4432087544], [2039546.2756539278, 852960.666973584], [2039572.286428674, 852952.6932362636], [2039672.1779611702, 852932.8061369209], [2039762.30015625, 852927.1037205018], [2039812.240673169, 852920.9826697623], [2039854.2087650897, 852911.210707669], [2039898.2427977633, 852903.2619046655], [2039942.284704417, 852889.4883101687], [2039952.3388181794, 852883.3134537325], [2039964.465762423, 852873.5011374188], [2039974.5333275928, 852857.4972324268], [2039988.4689952596, 852821.4763070827], [2040004.4594488433, 852795.2877111715], [2040026.3557305043, 852771.6552125023], [2040060.6561868347, 852751.6798587696], [2040088.7332304253, 852745.5296085947], [2040120.6452400824, 852743.7530373405], [2040168.5178477599, 852737.630018095], [2040246.838885338, 852719.8994105058], [2040310.6743875884, 852707.9739094251], [2040332.5385170898, 852708.0040930973], [2040368.5814240125, 852710.2380125114], [2040396.6532182551, 852708.0923474965], [2040420.5908344248, 852704.1208987467], [2040440.689875588, 852698.3239943408], [2040460.4969225982, 852690.342383006], [2040470.8489360078, 852682.3479764176], [2040480.618601501, 852668.1639496658], [2040490.6887913349, 852650.3401664195], [2040498.6910719287, 852632.5134304073], [2040502.8636357647, 852606.3084303468], [2040502.8993968365, 852580.4620253363], [2040500.8616712529, 852558.2527521801], [2040489.0956186815, 852520.3768436795], [2040481.1402540056, 852504.3483324216], [2040446.9441281701, 852448.2395207677], [2040438.9887635112, 852432.2106814123], [2040433.4080660034, 852408.1766087578], [2040433.4356250023, 852388.1546671711], [2040437.3066802619, 852366.3177685832], [2040451.223975255, 852344.130805085], [2040469.2774168388, 852322.3135915096], [2040491.4617556778, 852304.5062124266], [2040525.4843254234, 852272.518087418], [2040529.3560368412, 852250.317344434], [2040525.5538790976, 852222.2813112508], [2040517.6090130946, 852198.6078021664], [2040521.7595953364, 852188.4204865743], [2040525.6227765977, 852172.4083795123], [2040533.6139023444, 852162.590157653], [2040553.7195051752, 852152.4251517511], [2040611.6636150046, 852128.4786773245], [2040621.7206815027, 852120.4839426803], [2040627.640945256, 852112.4833025045], [2040629.731492251, 852096.4685707556], [2040635.6655355103, 852078.6392100934], [2040646.02607909, 852064.8200120025], [2040654.0145801762, 852056.8223245833], [2040673.8219552625, 852048.8410413458], [2040689.7802566737, 852046.678972163], [2040707.8035145835, 852046.7039065217], [2040717.846145423, 852048.9020648435], [2040729.9524204272, 852054.7435885743], [2040747.6603902595, 852068.9653449198], [2040795.7823412581, 852097.0630577399], [2040813.7944443363, 852105.0971624233], [2040847.7592714294, 852114.9731269168], [2040855.7369457642, 852114.9842817481], [2040875.8395958387, 852107.0036546638], [2040895.3585856718, 852093.9255968414], [2040903.6358000936, 852091.0246840119], [2040966.2610029266, 851889.0720039136], [2041228.7099530844, 851626.605337262], [2041245.0990279159, 851528.3384734215], [2041212.144369425, 851430.0023840134], [2040916.9487655903, 851019.6846350888], [2040900.4937460131, 850954.1348974203], [2040818.4650386707, 850872.1127517407], [2040670.8173680895, 850806.3809278534], [2040605.3119216722, 850740.7639330907], [2040605.2430241716, 850576.9476596653], [2040851.1778997642, 850084.7485128369], [2040851.2461410898, 850035.6039260854], [2040916.9815739235, 849937.041787268], [2040966.2390213478, 849789.3120958369], [2041031.6565414206, 849707.4956584286], [2041081.0488310906, 849674.8014980861], [2041146.648109346, 849674.5295170037], [2041376.354014756, 849805.9055666019], [2041556.8050974298, 849871.3227585691], [2041851.950832589, 849904.1415905938], [2041934.0494216671, 849937.0221022506], [2042311.3632995936, 849953.5814523408], [2042360.4380045817, 849936.9066169123], [2042414.2777919157, 849894.756438754], [2042431.4408153433, 849877.6714991775], [2042458.9775056692, 849838.7595035054], [2042475.4197300058, 849707.3663935908], [2042458.9197630135, 849674.57938567], [2042245.5166465049, 849510.4553700837], [2042032.5374136714, 849461.3685260175], [2041966.736692249, 849395.7479223452], [2041950.3997826742, 849248.2902120105], [2041983.3409897517, 849149.6837819422], [2042049.9232056728, 849082.7967765799], [2042065.310970173, 849067.5294186636], [2042130.9345265937, 849051.2420496789], [2042179.9865938434, 849051.3125875854], [2042491.7933849262, 849215.2141626768], [2042754.2406946728, 849182.4684932457], [2042869.1085751785, 849034.8378830174], [2042951.0496842563, 848772.4883421032], [2042983.6260626763, 848723.7551718293], [2043016.7949595884, 848673.9311245157], [2043098.6661869285, 848460.7264984227], [2043112.6159621766, 848419.2472506774], [2043120.9430452592, 848383.2200917691], [2043131.0345605034, 848353.0200209203], [2043115.1054585122, 848132.7553695948], [2043016.6233720023, 847984.8124240034], [2042950.9653668404, 847820.9006783406], [2042881.0321077562, 847750.9037710978], [2042868.9337067618, 847738.8729552594], [2042787.1018494216, 847722.3720040076], [2042737.8234046719, 847673.1552389227], [2042770.6402681775, 847459.8787625983], [2042737.6783918433, 847367.0019798324], [2042672.0489299297, 847181.2487424075], [2042688.6364951723, 846951.5671151709], [2042803.5129058377, 846803.9368330075], [2042819.6624798486, 846672.5437230974], [2042885.5078205895, 846508.4607179171], [2042967.4873154329, 846426.6728237539], [2043131.3757671702, 846311.8784339317], [2043185.7611570954, 846305.7698503437], [2043279.162217005, 846295.3505798433], [2043377.498962596, 846344.6405075077], [2043525.2365280103, 846360.8766955057], [2043705.6548023375, 846459.4342411815], [2043820.317630751, 846459.2413281731], [2043984.4803601808, 846360.8337165845], [2044148.4468957637, 846196.90064551], [2044247.104178758, 846032.86980559], [2044263.2859049279, 845885.0964790892], [2044296.1883981691, 845819.6199040143], [2044296.0906293404, 845688.5676726707], [2044328.9941068445, 845622.7272531624], [2044460.088332848, 845507.8908686743], [2044624.1336084316, 845491.3945105782], [2044657.2083454297, 845507.826236253], [2044771.9948612591, 845622.671807099], [2044886.6550649994, 845819.7895231001], [2044968.7113313393, 845885.4412946815], [2045018.065235256, 845885.1529094218], [2045083.5277027632, 845786.9641294233], [2045083.45946142, 845639.1665247635], [2044985.1798023444, 845360.1654423292], [2044985.1102486697, 845212.731682084], [2045050.8200910098, 845146.9424435996], [2045411.7038836773, 844933.8113081881], [2045542.9483718413, 844917.2690184236], [2045608.4813772573, 844966.5153110045], [2045690.603916421, 845179.9669838491], [2045756.110347094, 845245.5951334197], [2045903.8525056685, 845261.8434604857], [2046018.6744545114, 845163.3702322532], [2046035.1088048385, 845048.72544843], [2046108.4918601825, 844991.3233322587], [2046133.459001838, 844901.0820429109], [2046117.141121088, 844753.258847753], [2046018.5855439317, 844654.8151470071], [2045916.6234775025, 844655.0192148421], [2045871.110445173, 844654.9480207594], [2045690.4582474234, 844704.1746283321], [2045165.5787197517, 844704.0899828286], [2044985.0285559278, 844687.7953959873], [2044804.8494543417, 844621.9933622539], [2044706.433968754, 844622.2072725906], [2044492.9074929217, 844523.5936246612], [2044361.8851171723, 844392.3432310097], [2044181.4087720946, 843933.024923917], [2044110.2885075067, 843861.9315621724], [2044082.8436805, 843834.5877848373], [2043951.6441397532, 843818.3735784276], [2043738.455261678, 843883.9449695915], [2043525.1705832628, 844015.0437887611], [2043377.4737001795, 844162.9864062504], [2043361.1459769302, 844212.107042917], [2043344.6296057552, 844589.2211180927], [2043262.667499335, 844654.9900154206], [2042967.3026045107, 844736.8274501711], [2042672.219533265, 845032.3560585777], [2042557.2082803396, 845064.9521220006], [2041524.0125120888, 845064.9278438368], [2041491.1611998372, 845098.0081582564], [2041347.8265127544, 845097.8060589227], [2041294.3344937556, 845097.7305997538], [2041261.4835095862, 845130.811570322], [2041142.7075004298, 845109.8946174233], [2040933.3473548437, 845196.2418856774], [2040561.3280857503, 845366.8209408433], [2040539.740858583, 845376.6201338243], [2040375.6968953442, 845393.1394577685], [2040342.8478796764, 845425.8572400799], [2040227.840235679, 845458.8263342567], [2039965.3627422606, 845491.5946414153], [2039834.1691070038, 845475.0346351673], [2039785.1550974248, 845442.2053045017], [2039571.8169414257, 845196.1939855125], [2039407.6660230006, 844851.9614062721], [2039424.1853469317, 844655.0415245047], [2039473.4880698472, 844474.5471348246], [2039555.278916763, 844310.4782372599], [2039571.7109705077, 844179.0844711503], [2039571.9097890106, 844031.6513670768], [2039506.2242248366, 843867.383979088], [2039013.9469941694, 843342.5175747586], [2038899.3592968448, 843276.8395564983], [2038751.6250122641, 843244.2451335209], [2038538.3856093443, 843129.2939198385], [2038439.9652025113, 843129.5288275082], [2038275.927800922, 843359.019182182], [2038128.3155633342, 843687.1845363386], [2038095.4429256753, 843965.9913934161]]]}}, {"type": "Feature", "properties": {"precinct_code": "25", "precinct_name": "NORTHERN HIGH SCHOOL", "county": "DURHAM"}, "geometry": {"type": "Polygon", "coordinates": [[[2042523.8651711792, 855220.0446726717], [2042705.1020134243, 854923.9812884163], [2042901.944467499, 854464.4890971794], [2043000.2231423429, 854333.579253997], [2043000.367827089, 854234.9252518472], [2042557.2532277545, 853791.9737099385], [2042262.1708126827, 853332.8601268294], [2042130.775734262, 853070.2005471741], [2041933.912939012, 852512.5779747679], [2041868.4845921716, 852397.812784344], [2041819.2123810055, 852348.5976596674], [2041704.277571515, 852348.4339460898], [2041572.9520467527, 852446.9015969206], [2041392.7201237525, 852447.0105205927], [2041080.965169847, 852266.3740708304], [2040903.6358000936, 852091.0246840119], [2040895.3585856718, 852093.9255968414], [2040875.8395958387, 852107.0036546638], [2040855.7369457642, 852114.9842817481], [2040847.7592714294, 852114.9731269168], [2040813.7944443363, 852105.0971624233], [2040795.7823412581, 852097.0630577399], [2040747.6603902595, 852068.9653449198], [2040729.9524204272, 852054.7435885743], [2040717.846145423, 852048.9020648435], [2040707.8035145835, 852046.7039065217], [2040689.7802566737, 852046.678972163], [2040673.8219552625, 852048.8410413458], [2040654.0145801762, 852056.8223245833], [2040646.02607909, 852064.8200120025], [2040635.6655355103, 852078.6392100934], [2040629.731492251, 852096.4685707556], [2040627.640945256, 852112.4833025045], [2040621.7206815027, 852120.4839426803], [2040611.6636150046, 852128.4786773245], [2040553.7195051752, 852152.4251517511], [2040533.6139023444, 852162.590157653], [2040525.6227765977, 852172.4083795123], [2040521.7595953364, 852188.4204865743], [2040517.6090130946, 852198.6078021664], [2040525.5538790976, 852222.2813112508], [2040529.3560368412, 852250.317344434], [2040525.4843254234, 852272.518087418], [2040491.4617556778, 852304.5062124266], [2040469.2774168388, 852322.3135915096], [2040451.223975255, 852344.130805085], [2040437.3066802619, 852366.3177685832], [2040433.4356250023, 852388.1546671711], [2040433.4080660034, 852408.1766087578], [2040438.9887635112, 852432.2106814123], [2040446.9441281701, 852448.2395207677], [2040481.1402540056, 852504.3483324216], [2040489.0956186815, 852520.3768436795], [2040500.8616712529, 852558.2527521801], [2040502.8993968365, 852580.4620253363], [2040502.8636357647, 852606.3084303468], [2040498.6910719287, 852632.5134304073], [2040490.6887913349, 852650.3401664195], [2040480.618601501, 852668.1639496658], [2040470.8489360078, 852682.3479764176], [2040460.4969225982, 852690.342383006], [2040440.689875588, 852698.3239943408], [2040420.5908344248, 852704.1208987467], [2040396.6532182551, 852708.0923474965], [2040368.5814240125, 852710.2380125114], [2040332.5385170898, 852708.0040930973], [2040310.6743875884, 852707.9739094251], [2040246.838885338, 852719.8994105058], [2040168.5178477599, 852737.630018095], [2040120.6452400824, 852743.7530373405], [2040088.7332304253, 852745.5296085947], [2040060.6561868347, 852751.6798587696], [2040026.3557305043, 852771.6552125023], [2040004.4594488433, 852795.2877111715], [2039988.4689952596, 852821.4763070827], [2039974.5333275928, 852857.4972324268], [2039964.465762423, 852873.5011374188], [2039952.3388181794, 852883.3134537325], [2039942.284704417, 852889.4883101687], [2039898.2427977633, 852903.2619046655], [2039854.2087650897, 852911.210707669], [2039812.240673169, 852920.9826697623], [2039762.30015625, 852927.1037205018], [2039672.1779611702, 852932.8061369209], [2039572.286428674, 852952.6932362636], [2039546.2756539278, 852960.666973584], [2039510.2219202518, 852966.4432087544], [2039480.3807725916, 852966.402854497], [2039462.0596149997, 852968.5622989883], [2039437.832301259, 852968.5298187591], [2039428.0796960902, 852970.3369017552], [2039412.1145049203, 852978.3244185892], [2039398.2142702655, 852988.498610844], [2039391.9993876652, 852996.1350784939], [2039386.0742026707, 853008.1403038342], [2039378.0617514993, 853034.3403826648], [2039378.0161479262, 853068.1956299304], [2039382.082740845, 853120.2581898418], [2039387.9301700909, 853166.1347385044], [2039389.939024344, 853210.1861595851], [2039385.7438227548, 853254.2287224148], [2039377.7047968358, 853300.0865703339], [2039365.550621672, 853330.2853288347], [2039335.3767975133, 853358.2757584144], [2039281.5671938371, 853386.2346920063], [2039229.522350429, 853420.0203855975], [2039183.388912516, 853451.9940749301], [2039137.272206843, 853471.5904924282], [2039101.21125534, 853483.5553635112], [2039077.2713425923, 853489.7121753384], [2039017.2842578446, 853497.641293334], [2038979.1711450953, 853497.5904404169], [2038945.2076303374, 853487.3522719218], [2038855.4092535088, 853473.0356995062], [2038789.5314325113, 853467.12396592], [2038753.475730346, 853475.0852360842], [2038727.1700086743, 853483.0593015067], [2038641.1334353394, 853528.8144593459], [2038615.4005471775, 853550.6228146701], [2038583.1542205955, 853582.6155328482], [2038572.4957773378, 853599.3474547624], [2038559.1723131693, 853620.8080417378], [2038544.9095464216, 853682.6753720877], [2038544.896751179, 853692.5044206575], [2038549.011900423, 853708.5276825834], [2038548.993199678, 853722.7248326722], [2038552.818323256, 853734.7431813313], [2038556.9124751699, 853766.7837996793], [2038552.7445045125, 853790.8047490104], [2038548.5978592644, 853798.8083419102], [2038542.683501004, 853802.804725014], [2038524.6559780075, 853806.7856881776], [2038474.72792825, 853804.5356926649], [2038458.7633932554, 853812.5238656845], [2038448.7053425007, 853822.3394628383], [2038450.7424119278, 853846.0047698434], [2038452.8017910125, 853852.5598748437], [2038460.7607645837, 853866.4040072655], [2038464.5881847597, 853876.6018215123], [2038466.6406740842, 853888.6178735959], [2038466.6278788457, 853898.4469221657], [2038460.7082712483, 853906.4478904204], [2038452.4307287638, 853910.4413207584], [2038422.5771139266, 853920.5954999172], [2038394.5043354193, 853924.5630116877], [2038334.824664757, 853924.1207553475], [2038328.3273024266, 853922.2923469164], [2038286.1141322555, 853894.9341339148], [2038235.9163980056, 853873.026697425], [2038213.46729593, 853869.3570853323], [2038182.4939326795, 853831.8207430824], [2038170.6734182548, 853833.9897020152], [2038161.5074260966, 853839.4381819237], [2038133.1288739282, 853851.4145359307], [2038127.5111030047, 853854.6835582518], [2038097.3549953387, 853870.2980283312], [2038079.9091640858, 853881.5604729992], [2038069.857675001, 853886.279951735], [2038060.6959479318, 853888.4521914985], [2038052.4164369262, 853893.9019837691], [2038045.021766679, 853900.4452777478], [2038035.856102584, 853905.5299132649], [2038027.8705542532, 853912.0722230023], [2038019.8859901729, 853917.8861877571], [2038012.7852825988, 853925.5219992538], [2037997.1088047638, 853939.3349637527], [2037989.1239125864, 853945.5134290848], [2037981.1390204285, 853951.3277219185], [2037973.4490751787, 853957.8703597534], [2037962.2066435977, 853969.8690234323], [2037959.2479880906, 853973.1413265839], [2037954.8132856789, 853975.3197999164], [2037948.0117900958, 853980.043543766], [2037940.8848358397, 854008.0651412592], [2037936.7365501686, 854017.5247679942], [2037934.3615549223, 854026.2586744335], [2037934.0590620935, 854031.7189653357], [2037935.523954167, 854041.1858099365], [2037937.283465088, 854051.3809995011], [2037937.860235588, 854062.3028936721], [2037934.8907533449, 854073.9482115959], [2037930.4550666807, 854077.2188743207], [2037921.5863180023, 854081.2119765938], [2037916.848794668, 854089.2145852523], [2037911.5200651735, 854097.5803821676], [2037909.144741834, 854106.6784610912], [2037905.2917311788, 854116.1384159096], [2037899.6532910035, 854135.4251227501], [2037898.7540145982, 854145.617031484], [2037896.9679289304, 854155.8076279208], [2037896.3494918358, 854177.2849471522], [2037888.6559376714, 854186.3761363307], [2037883.628388675, 854190.3738317596], [2037874.4673177605, 854192.182227099], [2037864.12580301, 854192.8971206701], [2037842.8532077516, 854193.233734169], [2037812.1255789243, 854194.2862255176], [2037801.4910857512, 854193.1802565884], [2037790.8585610853, 854190.618253838], [2037782.0006391702, 854186.2383413207], [2037771.6620771748, 854184.7688560975], [2037765.463926837, 854180.0283800147], [2037760.745104253, 854173.4696661002], [2037753.3609326787, 854172.0041178238], [2037744.2028145047, 854171.6284624061], [2037736.813393592, 854174.1671712527], [2037727.9439887535, 854178.8882904247], [2037717.599193172, 854182.1510791769], [2037706.6668003348, 854182.8653165902], [2037701.6445006724, 854182.4945824397], [2037686.2829828428, 854181.382707988], [2037676.237727343, 854181.369912753], [2037670.6229091752, 854182.4548843353], [2037660.5727324192, 854186.4463461768], [2037654.3585060101, 854194.0831419193], [2037643.417911097, 854201.3498596553], [2037642.2404200118, 854198.0719790878], [2037604.1191051763, 854204.9397475115], [2037558.8911772503, 854224.5397739239], [2037469.9136649212, 854262.6499339226], [2037398.6690567583, 854296.0504576779], [2037305.8418145943, 854341.8010223336], [2037255.87603526, 854370.1323305123], [2037201.7816552517, 854392.2700815113], [2037143.5570341786, 854410.0341535896], [2037123.4563525931, 854418.3815778311], [2037109.8592669205, 854423.8248084169], [2037079.711361335, 854433.9796437565], [2037039.814131423, 854443.7581675161], [2037009.6740998463, 854447.7246950082], [2037002.8808063408, 854446.2598029128], [2036965.970775173, 854430.1958586738], [2036891.5726300026, 854387.8737648446], [2036854.0743454236, 854369.6247855792], [2036844.6229207506, 854367.4285957494], [2036806.8227995024, 854354.2757349112], [2036779.6591399321, 854340.7724810698], [2036736.8518108437, 854315.2361148469], [2036692.2672543388, 854293.3381927522], [2036657.4297255862, 854273.6364605103], [2036632.929774599, 854256.131902349], [2036581.2861770855, 854208.7428895095], [2036549.7045473454, 854183.9489758384], [2036531.6931004212, 854175.1894789197], [2036512.793531925, 854168.2492040789], [2036473.5065370055, 854162.3758562442], [2036454.0046075147, 854164.535628833], [2036417.6437878457, 854181.6002272577], [2036373.8873136789, 854206.3006371695], [2036320.0836155103, 854232.8084581796], [2036292.593184917, 854244.0597479979], [2036273.0883026705, 854248.7680719163], [2036263.0450156792, 854247.2995709159], [2036253.8911625894, 854243.2838309199], [2036219.9404430853, 854222.855722183], [2036192.1819684207, 854211.9003635134], [2036173.8762307612, 854202.4128496819], [2036158.8244235946, 854189.6530326753], [2036126.6676637537, 854151.7535021825], [2036105.7179025107, 854129.8854356718], [2036097.452171013, 854124.4146460867], [2036059.9466685948, 854111.2630975875], [2036046.3522075873, 854114.5229335786], [2035976.0452615912, 854107.1558223289], [2035957.134210171, 854109.3169072611], [2035928.7589388348, 854119.4750234038], [2035908.96140626, 854121.63512409], [2035898.9181192515, 854120.1666230896], [2035889.7642661766, 854116.1508830936], [2035861.1344021715, 854093.1814408465], [2035811.8428340857, 854053.80520726], [2035784.6772060099, 854041.394799006], [2035765.1821662649, 854037.7307643336], [2035705.2013150884, 854042.0260313381], [2035695.4493660913, 854043.8344266916], [2035677.4165937616, 854052.5493042667], [2035654.0537795888, 854071.0869968382], [2035587.1926928465, 854145.6334356659], [2035556.730483427, 854171.4430953425], [2035544.597961755, 854187.4460160746], [2035525.0563341673, 854222.3698307499], [2035501.0862377596, 854254.7401728331], [2035487.184034587, 854268.1925737808], [2035469.4452249247, 854278.3641413394], [2035440.77664709, 854287.0665517631], [2035401.181910007, 854291.3870811773], [2035371.3466678408, 854287.710907423], [2035332.95074725, 854277.835599092], [2035276.5460044288, 854257.017399252], [2035176.7427263414, 854209.9367847685], [2035134.2306722533, 854183.3111818354], [2035098.7986565095, 854165.4309682564], [2034825.6594390112, 854041.3324631789], [2034790.2277513433, 854023.0887332503], [2034704.609156177, 853971.6580618334], [2034655.9019045082, 853936.6528824946], [2034625.797634007, 853910.0423714278], [2034590.681234421, 853874.6894237495], [2034523.4061065025, 853800.7105690739], [2034464.411473841, 853719.8249040841], [2034408.077268928, 853637.4864860945], [2034393.6320878433, 853610.5308313286], [2034368.004186349, 853545.3380483298], [2034261.5979030887, 853330.0678095742], [2034241.8551604303, 853284.9041860187], [2034236.5598954244, 853265.2398552545], [2034226.8902953423, 853196.4256884116], [2034222.1859084219, 853176.7623419167], [2034212.7522002603, 853158.9132962419], [2034171.142703431, 853116.2726335088], [2034101.420073836, 853112.187011755], [2034071.573676838, 853116.8848369999], [2034058.568453505, 853121.2381747455], [2034043.1990616766, 853126.3169047541], [2034034.3296568377, 853131.4031806657], [2034015.3943272545, 853153.9513639242], [2033977.5367914303, 853187.762976097], [2033961.2743567547, 853198.6651852647], [2033943.5368594248, 853207.3817032574], [2033904.5247983332, 853217.8934932527], [2033868.460566013, 853234.233355572], [2033826.180466846, 853260.3953767625], [2033768.8154240865, 853301.1013320888], [2033747.517566428, 853322.9192018358], [2033732.4352475116, 853335.2790852423], [2033696.0757401723, 853351.6189475894], [2033652.6158533387, 853376.3236225827], [2033633.9941714262, 853383.5827944296], [2033623.9479316778, 853384.2993284138], [2033554.5261545023, 853375.8472455911], [2033474.7625345136, 853368.475213093], [2033425.4148641694, 853374.6074186683], [2033405.910966173, 853378.2258497651], [2033397.0415613358, 853383.3121256768], [2033389.9428222612, 853390.2205764136], [2033379.8778817516, 853407.3189674062], [2033378.3890395924, 853417.5102200054], [2033379.5596409272, 853427.3405809234], [2033377.7758518474, 853437.1676610011], [2033371.8585408481, 853444.4415965796], [2033356.1850157538, 853457.1649963498], [2033295.2822504183, 853492.0435355098], [2033289.3646113437, 853499.6816435913], [2033285.5135691767, 853508.7780820832], [2033284.9115362624, 853518.6064745091], [2033287.2520827502, 853538.9952132531], [2033298.7563248428, 853555.0256929984], [2033306.1352470976, 853561.5870315906], [2033314.9931690104, 853566.3294761839], [2033324.4442655912, 853569.2523705923], [2033340.3868190038, 853579.8274806793], [2033380.8447433407, 853596.2552693284], [2033397.969052926, 853606.4678473347], [2033409.4736230972, 853622.4986551775], [2033417.133712753, 853641.437265581], [2033424.4867164213, 853670.5684409227], [2033423.2938054204, 853680.3961771721], [2033398.1068479286, 853745.1660607555], [2033383.2676387588, 853803.7591194152], [2033343.8687674238, 853895.4518494098], [2033287.8715040816, 854034.4502590885], [2033252.3236749175, 854117.4103950151], [2033220.0497893414, 854179.6241813473], [2033201.1151159278, 854202.9013657555], [2033185.7378500865, 854215.2612491805], [2033176.8697575948, 854219.619508184], [2033167.116824342, 854222.5207490831], [2033147.320932181, 854223.5906288271], [2033097.9722775952, 854231.9075413314], [2033059.5514226696, 854243.5134892436], [2033014.029860169, 854264.2122667473], [2033006.6365022496, 854270.7568730927], [2033003.9662320013, 854280.5826408224], [2033003.3641990868, 854290.4110332623], [2033006.5922110095, 854310.0727393301], [2033013.3789428484, 854317.3611105846], [2033022.8287270956, 854321.3761944134], [2033051.7735510913, 854329.0536725062], [2033071.2685908398, 854332.7160667656], [2033090.1691435874, 854339.654045003], [2033097.2527908399, 854345.8505549299], [2033108.1648425015, 854362.9725679099], [2033111.1080780912, 854372.8048973384], [2033111.6878013476, 854382.6346020845], [2033102.1668230135, 854441.9619112631], [2033095.885011421, 854510.7580334973], [2033089.6579897555, 854530.7730853388], [2033081.070736588, 854548.2369611823], [2033073.9733098438, 854554.053550587], [2033063.9293666785, 854553.3143788428], [2033053.8831269299, 854554.3950853299], [2033024.0436196793, 854554.3616208502], [2033013.996723758, 854556.1703442454], [2032985.9190240046, 854565.6037243431], [2032968.4768016783, 854575.7772604309], [2032960.7875125841, 854582.6853830795], [2032949.8374032509, 854599.4186173371], [2032942.4309220032, 854617.612150502], [2032936.7846078419, 854647.0930626751], [2032926.117306338, 854675.1117074166], [2032920.1996672591, 854682.7498155072], [2032912.215759337, 854689.2937656855], [2032851.316931009, 854723.4449440811], [2032836.8251620969, 854736.8980011774], [2032820.8415982574, 854763.8188790828], [2032792.7310901748, 854802.7394049037], [2032734.1298294198, 854896.5958445083], [2032703.9504278451, 854936.6062631741], [2032694.4770215906, 854954.0694828273], [2032689.432740345, 854973.7220025931], [2032691.457014503, 855013.0401654199], [2032711.9605824195, 855171.7836143451], [2032716.6771084212, 855180.8895672599], [2032728.181350514, 855196.9200469959], [2032740.8548815853, 855223.8730770934], [2032744.6740996698, 855243.1712668487], [2032744.3561869278, 855263.1932084261], [2032741.3909697554, 855273.0189761698], [2032718.9018415066, 855305.3932552462], [2032692.8434946672, 855359.2415727512], [2032686.040030585, 855366.8786965726], [2032677.1722661704, 855371.2372836688], [2032657.3757178343, 855373.7635253593], [2032627.2422479242, 855373.0020439015], [2032567.5717635914, 855366.7471351871], [2032527.690281676, 855365.246482004], [2032487.8110963416, 855361.1979336628], [2032440.263947339, 855345.4916002509], [2032395.0862161673, 855324.3276005823], [2032360.8385812636, 855303.9037569175], [2032330.437395336, 855278.023559325], [2032317.4561220868, 855261.9914391853], [2032314.5115741803, 855252.8874547486], [2032304.2251774238, 855204.0949014367], [2032280.4581645865, 855055.9055652608], [2032272.808901667, 855026.7740618496], [2032263.3738811747, 855009.654017343], [2032250.096020595, 854994.3495860139], [2032233.8595045067, 854983.0467870837], [2032215.8470733447, 854974.6540873317], [2032167.4098342517, 854961.4956490872], [2032149.1004876783, 854954.5586550772], [2032131.0890407572, 854945.0740940162], [2032124.3019808389, 854937.7857227618], [2032115.739662007, 854933.0439343496], [2032105.9909938436, 854932.3050906565], [2032087.0769896794, 854937.7450404161], [2032080.863747509, 854946.1111654149], [2032076.1160535961, 854965.0359963235], [2032076.1052268445, 854974.8647168283], [2032070.7656705987, 854994.8810809948], [2032066.0297876738, 855002.8846739224], [2032058.6364297557, 855009.7934527568], [2032049.4730622626, 855014.1517117695], [2032020.5128183381, 855021.0368685792], [2031980.3301559247, 855024.2694736592], [2031818.3747711775, 855076.1506034957], [2031731.197124004, 855098.6266084206], [2031693.6627502604, 855111.6912148456], [2031675.92623718, 855121.1370620854], [2031634.2409530897, 855148.0310371774], [2031511.5623926686, 855216.3379871756], [2031452.729833172, 855254.4986720029], [2031426.1265399319, 855267.939590008], [2031398.049824417, 855277.7384549241], [2031378.2519637626, 855281.3578702529], [2031358.4583681677, 855280.9723723383], [2031328.6241102503, 855276.5721186689], [2031288.7436125886, 855273.9812446039], [2031138.9647126812, 855268.3615051591], [2031119.1737417567, 855265.428112091], [2031102.3453633334, 855254.8530020087], [2031089.649850668, 855247.1948808497], [2031060.408439337, 855240.975077005], [2031040.6138595063, 855241.3182521749], [2030933.3430766778, 855268.143657843], [2030913.546856419, 855270.3070393275], [2030893.7549012601, 855268.4661637588], [2030845.6129371682, 855255.3100220899], [2030817.5591875003, 855243.631239677], [2030791.2803686704, 855229.4062024915], [2030768.25580843, 855211.1801890836], [2030729.602342425, 855164.9069876472], [2030693.891783922, 855129.557977004], [2030685.0335339317, 855124.8161885779], [2030656.9774876693, 855114.9576124935], [2030510.1792248338, 855083.4973735887], [2030414.1902435878, 855056.8228862538], [2030376.9810004237, 855041.8590054216], [2030343.323587418, 855020.345925093], [2030258.3096498398, 854950.7266417597], [2030233.8074022525, 854932.4996440826], [2030206.9357368362, 854919.7306407554], [2030177.9902566653, 854912.4199598477], [2030115.9572442633, 854903.9832969052], [2030098.5288014284, 854901.7812015854], [2030059.8349811735, 854893.3688168392], [2029984.822664009, 854865.2612614989], [2029965.6238835019, 854860.8731469255], [2029925.4451580949, 854860.1037914905], [2029907.4323988408, 854851.3485596766], [2029891.4908296769, 854839.3190561723], [2029862.8619499218, 854811.2590729134], [2029833.0500016818, 854784.654139239], [2029808.2498544296, 854768.2470198441], [2029776.6629753413, 854743.4606520898], [2029751.5819887517, 854712.491882015], [2029719.430806339, 854661.4939525061], [2029679.3091674314, 854604.2995130982], [2029640.6527486725, 854558.3917964988], [2029586.9277905095, 854513.5608494257], [2029569.7969192574, 854508.8111869992], [2029540.2579363452, 854503.6848849321], [2029472.323360922, 854486.8706140807], [2029402.9015837626, 854480.2482520047], [2029353.2602788361, 854487.1153642567], [2029293.2869735942, 854485.9631355801], [2029253.4074601678, 854480.8269910068], [2029211.3484891814, 854587.4478407457], [2029149.191461251, 854702.7858646632], [2029140.0313745874, 854704.2330402471], [2029127.6196539984, 854707.4971413335], [2029086.2463771685, 854719.4692302545], [2029052.8530712593, 854728.1729530123], [2028984.8919210872, 854738.6627614147], [2028903.6437240099, 854741.1309323454], [2028809.7000142639, 854735.2139494178], [2028691.5368647561, 854722.7208641708], [2028672.3334910858, 854722.3379909338], [2028485.0277633353, 854719.9711977395], [2028373.9397309273, 854722.7759821692], [2028272.6036474993, 854723.4062302554], [2028202.584430592, 854723.7028175943], [2027988.393257931, 854721.6772310919], [2027819.9884110086, 854726.6135729302], [2027620.2660414297, 854732.6135609158], [2027426.7451030002, 854741.5328344235], [2027270.1437101825, 854761.7729514191], [2027104.0603809205, 854812.5842014976], [2026930.8835619225, 854867.3944593391], [2026867.9437271792, 854880.0778329168], [2026801.4635451753, 854887.2979628451], [2026750.3507865076, 854889.7992701627], [2026601.7444564255, 854891.1204617629], [2026612.517072679, 854740.4186634196], [2026616.7083372623, 854679.6281025818], [2026635.1439959276, 854223.8701558356], [2026637.8644629288, 854156.1616298383], [2026633.1705746807, 854119.7538942546], [2026627.6180923413, 854052.4019948478], [2026625.8651430917, 854030.9220509155], [2026625.6148155038, 853981.0487911026], [2026628.6459774221, 853896.5948917565], [2026622.2785360944, 853750.6102755825], [2026614.349746168, 853697.4535577588], [2026597.014807089, 853591.139137842], [2026573.489919754, 853468.4372834964], [2026562.0237353428, 853406.1765812545], [2026483.7650335894, 853038.7928015853], [2026447.275605262, 852875.6714086671], [2026424.3537350905, 852738.4088879249], [2026414.6775733384, 852656.1278845001], [2026399.1894153364, 852466.0869259968], [2026384.4610983415, 852087.8399790832], [2026375.495893181, 851871.5943485796], [2026372.026411922, 851787.1345437668], [2026360.1573411683, 851514.4608765199], [2026324.68464309, 850215.1852598307], [2026207.0444584202, 850257.3082071105], [2026120.7306546725, 850293.6345780076], [2026044.7504916799, 850339.7995119252], [2025939.2001778332, 850411.0569153497], [2025819.4271234255, 850527.442837418], [2025763.5161460028, 850601.6569278375], [2025712.3341617584, 850674.419249508], [2025671.489427179, 850753.0152209089], [2025660.8277030876, 850780.6723178297], [2025635.3599062557, 850845.4484350097], [2025609.8560202557, 850951.7247972537], [2025570.960428761, 851167.5639325096], [2025543.36369917, 851302.5974550815], [2025462.3038219227, 851758.6641282624], [2025414.7996518451, 852022.9132716674], [2025370.252168758, 852286.0728503342], [2025361.0454942577, 852340.6705101546], [2025327.1597352605, 852575.8088194396], [2025314.9238673453, 852717.0444293262], [2025312.020986005, 852999.5343499264], [2025334.2325557629, 853280.9537345972], [2025357.1344128416, 853446.9743999224], [2025389.7353975049, 853671.2495419164], [2025401.1832092549, 853757.536114752], [2025405.2917968337, 853789.5747645985], [2025408.2078015069, 853833.9900300894], [2025412.8777396681, 853899.8845833408], [2025410.7858803424, 853927.5495542574], [2025404.5132550898, 854006.1763655116], [2025403.0201478451, 854024.7409609151], [2025399.4568347638, 854045.4879666722], [2025396.4870244274, 854062.9590603305], [2025395.0021192587, 854072.0587796672], [2025390.548059927, 854097.901575754], [2025383.123206006, 854142.3076549241], [2025375.1173165159, 854175.7921680067], [2025368.0008609286, 854205.636924599], [2025300.099750011, 854489.1635885005], [2025283.4951244306, 854558.6801817585], [2025224.8023284234, 854785.7889795017], [2025180.62754801, 854965.9497084068], [2025145.3280779289, 855131.9205050797], [2025131.9563855072, 855222.1903376727], [2025124.7834995822, 855318.2902110864], [2025108.6946210118, 855821.740647747], [2025090.5903265018, 855918.9231961722], [2025065.1113748418, 856003.3583947609], [2025038.1750770046, 856064.8576155961], [2025014.7991395157, 856108.8863989402], [2024963.9245693397, 856180.922672162], [2024895.0214919287, 856262.4084015937], [2024742.129737347, 856449.7587486851], [2024699.552066596, 856493.7714559308], [2024591.3341071757, 856605.4401958344], [2024478.0872864274, 856726.5702029138], [2024360.7016944292, 856852.0656868394], [2024257.7901548455, 856980.8498780893], [2024215.789910765, 857042.701788494], [2024137.3904612502, 857181.6998700985], [2024063.9916579265, 857347.6411392522], [2023683.9678116734, 858231.9458010922], [2023650.8202401702, 858309.0952530947], [2023531.8759242613, 858548.901203906], [2023451.127726169, 858679.162754412], [2023355.617090419, 858800.3114622582], [2023305.0584645108, 858857.7893656773], [2023232.6206172546, 858940.3689249193], [2023110.2314263424, 859061.1331190921], [2023001.726065918, 859182.636813088], [2022950.8646190923, 859251.4004550836], [2022881.934310765, 859384.2210555788], [2022784.883651836, 859592.7399955133], [2022713.59475243, 859721.9188709987], [2022693.193218424, 859747.3856835981], [2022621.6395557532, 859837.9763816753], [2022434.239996179, 859999.8300605878], [2022275.5267309255, 860119.8419596609], [2022222.0271660087, 860166.0344525869], [2022162.9114705913, 860217.6832994219], [2022076.2905808392, 860315.1808078415], [2021986.673634096, 860469.8304329104], [2021839.004638092, 860837.7644083317], [2021774.525108264, 860955.3012467612], [2021703.5711819243, 861041.1622954942], [2021637.3619967531, 861102.6359258455], [2021584.7535061683, 861145.5541470954], [2021556.9717375932, 861168.468143242], [2021443.8030006746, 861223.7193450755], [2021216.0229444196, 861289.0807629237], [2021147.48239909, 861308.6893195083], [2021007.7530197522, 861334.0718146741], [2020933.1307936772, 861597.9475992599], [2020893.7673553373, 861708.951970426], [2020852.064682841, 861787.5548315953], [2020791.4568644161, 861868.6927926596], [2020669.6834859254, 861985.0997120842], [2020402.8047545846, 862220.4470104296], [2020032.1988685117, 862542.7314708343], [2019999.9846940949, 862572.1969630856], [2019897.4347023387, 862660.5888466832], [2019784.5586157583, 862733.3206565839], [2019703.8937508476, 862780.9557319336], [2019634.7639678423, 862804.9359989145], [2019569.1860150085, 862817.997652606], [2018992.6103965058, 862876.9571803163], [2018823.357126088, 862899.0545770812], [2018741.5315023353, 862917.5683196003], [2018667.9693135004, 862946.2805325103], [2018546.5361574297, 863012.4588778237], [2018462.9087000045, 863079.3898463487], [2018222.9515027548, 863287.47112308], [2017422.1312540008, 863985.5793069043], [2017082.6253713362, 864249.673595006], [2016663.40311268, 864480.2344855677], [2016538.7307898398, 864548.6037714346], [2016463.977658511, 864606.0803624965], [2016391.8701911718, 864685.7649144172], [2016352.5648235974, 864731.2484192529], [2016303.4901185944, 864818.954936766], [2016240.1877517537, 864999.8486038556], [2015858.3492765883, 866036.4311763308], [2015760.750718504, 866299.2170681], [2015674.096364259, 866533.249736502], [2015538.0480799219, 866912.8736491628], [2015506.080296085, 867051.5570988426], [2015483.8339495051, 867236.8431455871], [2015494.298823594, 867551.7457310155], [2015513.02122709, 867886.6751792652], [2015478.3552859263, 868105.0825508307], [2015423.0722600068, 868221.1833684981], [2015399.1356280898, 868253.9346153497], [2015300.1397630877, 868387.1223410765], [2015223.0122926703, 868491.1985765116], [2014999.9385918388, 868729.5320893339], [2014702.1383344228, 869009.3307423458], [2014523.105227917, 869179.6138663304], [2014375.9775694313, 869325.8868677501], [2014271.3839465987, 869449.9745460984], [2014204.0133464204, 869541.6807275183], [2014028.4730150849, 869830.6470130819], [2013950.4580792626, 869955.4768159218], [2013917.660244585, 869999.8746930079], [2013835.8132954251, 870112.6897560935], [2013643.4974070943, 870297.8977190104], [2013372.920192345, 870514.379569513], [2012982.4196610025, 870833.1066223371], [2012848.9068046813, 870942.2609315859], [2012300.991890015, 871368.6862598285], [2012101.9348734175, 871476.3605851713], [2011820.4958037606, 871592.3757730894], [2011428.3207350988, 871741.4784932557], [2011138.0312894273, 871851.6724985808], [2011117.6550178367, 871859.3096224162], [2011095.506768166, 871868.0382795001], [2011018.1361880007, 871897.1327095032], [2010755.0126984997, 872010.9809070083], [2010639.8341230885, 872080.4715816755], [2010503.6752746706, 872198.3729206915], [2010421.2597570876, 872303.5525003225], [2010406.7827519195, 872329.3946402376], [2010347.1027531764, 872434.2182495006], [2010297.1625643382, 872552.1514125925], [2010266.417219014, 872660.9901056893], [2010124.2154036756, 873189.8981685961], [2010103.8168224248, 873266.340601014], [2010046.7611622503, 873476.3752859145], [2010040.8477882585, 873500.7643447604], [2010037.2998950933, 873515.3250111756], [2009982.3951492603, 873480.7217339242], [2009954.3525544272, 873463.2381730818], [2009989.4026811733, 873710.8009981667], [2010023.2769572581, 873942.3454825884], [2010245.343114167, 875511.8246270923], [2010468.2777076813, 877063.1063014198], [2010522.1585054237, 877461.7574070136], [2010643.4735515127, 878319.1326607666], [2010722.3851390914, 878872.1499274132], [2011418.0169499232, 883785.981635169], [2011422.14981568, 883784.1627411745], [2011440.748531758, 883772.520376012], [2011454.0332820853, 883764.1526105861], [2011486.2057899255, 883760.1604925821], [2011556.1380647563, 883804.2381603558], [2011598.039883837, 883826.4618691554], [2011678.009868264, 883862.5346316581], [2011718.1465990117, 883870.5595500069], [2011773.9273273349, 883874.586444834], [2011814.0686512578, 883870.5982638373], [2011878.11018984, 883882.6376098433], [2011953.960103752, 883888.8574136833], [2011995.8658598354, 883900.5240570003], [2012039.8388690064, 883908.9154444275], [2012076.1448987557, 883900.9210378391], [2012095.9263552588, 883884.9112273479], [2012121.9089148364, 883860.894543061], [2012134.0230638406, 883828.8631111081], [2012157.9633046708, 883748.7819064273], [2012162.1184800852, 883692.7200106693], [2012182.2316288373, 883588.9741551785], [2012182.2582035956, 883524.9014486687], [2012204.1259420058, 883460.837600424], [2012224.236138, 883364.7370708339], [2012248.1734260907, 883293.0292089992], [2012266.2025895119, 883232.9683055015], [2012292.4863295844, 883196.9385219248], [2012320.5551710885, 883127.0528349434], [2012326.482652681, 883068.8072165117], [2012338.623376429, 882974.887456848], [2012354.5990662575, 882886.7941290861], [2012382.69612293, 882751.0155292617], [2012404.8666822612, 882670.933996502], [2012448.9181033385, 882499.1213480193], [2012464.8941212601, 882411.0283483502], [2012479.0873343353, 882350.9661325089], [2012489.1503063426, 882286.8976910852], [2012503.0754753356, 882163.1269412558], [2012498.9655754257, 882111.0660217435], [2012491.0184128443, 882059.0037899109], [2012469.2153068334, 881966.8898009136], [2012457.1274045103, 881934.8485264173], [2012449.1749925911, 881894.7997219953], [2012453.0273470862, 881859.1245965125], [2012455.111988591, 881815.0754720211], [2012473.432818085, 881767.0286520919], [2012487.326163009, 881718.9801917492], [2012493.2362561675, 881702.9644757495], [2012521.302801088, 881642.9084935049], [2012535.4947018488, 881586.8508628517], [2012547.6137720945, 881547.1747610815], [2012559.4257563353, 881535.166254924], [2012575.6701464225, 881511.1459617553], [2012587.4923012566, 881475.1099445727], [2012595.4758810855, 881443.077200253], [2012611.4286050964, 881411.0477367503], [2012635.3530979303, 881375.0172969926], [2012661.6388065065, 881338.9878414995], [2012687.6256311685, 881311.3310726668], [2012737.5392452641, 881243.2757625852], [2012773.5683726682, 881201.0616081634], [2012809.593563093, 881169.0413309954], [2012897.579279511, 881113.3803530972], [2012961.651329846, 881069.3587875958], [2013093.6366301794, 880973.3084547463], [2013121.679881172, 880969.3163367377], [2013135.852096931, 880961.3137280885], [2013149.730678098, 880949.3062061631], [2013170.695859254, 880931.477501673], [2013164.5423282522, 880831.3612320916], [2013115.2848808484, 880749.0641525777], [2013049.5917707526, 880453.7914491597], [2013016.841508179, 880421.012315258], [2013016.8779254267, 880339.1013898399], [2012951.0814690876, 880273.5434500921], [2012705.2381287501, 880175.143056323], [2012590.461455418, 880060.4182201704], [2012524.6850121776, 879945.3505369271], [2012524.751613094, 879789.5378564247], [2012524.75489393, 879781.529014165], [2012655.8812720915, 879633.781606255], [2012705.2988241748, 879354.942268925], [2012738.078942342, 879322.1920063241], [2012819.9547628467, 879076.1314748356], [2012902.0763177576, 878944.7462389166], [2013000.4196250145, 878846.4967635273], [2013328.464244501, 878666.0761925938], [2013443.3560750938, 878534.7076889357], [2013480.5938615054, 878441.8925858346], [2013518.4267910873, 878339.612606671], [2013541.7561407536, 878321.421042012], [2013564.7826695147, 878319.247161831], [2013591.348889335, 878323.6280585709], [2013637.9793735142, 878347.3130505983], [2013689.333601506, 878370.6358385772], [2013789.700198682, 878373.9593227576], [2014099.3672302517, 878370.4662195005], [2014214.471330763, 878419.6682208306], [2014624.48789917, 878452.6343622463], [2014919.6290411798, 878567.4582795923], [2015080.8157266688, 878551.5226159311], [2015087.017157837, 878547.157139099], [2015346.3712979243, 878222.9255040985], [2015362.7108321798, 878025.984296924], [2015271.7057648464, 877616.7472545049], [2015264.3619475053, 877547.2106481693], [2015264.1421316706, 877402.6837062527], [2015296.9530896693, 877320.7901692578], [2015428.3911470023, 877189.4380697537], [2015575.7455110848, 877107.6055562657], [2015641.6134895817, 877041.748076427], [2015789.2732992624, 876943.5343620928], [2016035.2232666768, 876877.7756353223], [2016068.0102745884, 876845.0293097565], [2016363.2810095092, 876746.535740349], [2016535.5903761706, 876918.8267343291], [2016756.9596840905, 876992.4899728291], [2017101.4842575046, 876976.3069343469], [2017281.9668361684, 876795.8453529936], [2017314.8329121766, 876631.6796708342], [2017396.6568955043, 876549.8176298549], [2017511.5267445, 876500.3757995787], [2017642.8991851802, 876500.4545395739], [2017741.1676894268, 876566.0423349335], [2017966.396897763, 876602.5842565896], [2018052.9285488445, 876549.8504381861], [2018185.193048091, 876539.3750654227], [2018463.008109257, 876516.9778005019], [2018561.3369808362, 876484.2757661777], [2018630.4408452513, 876449.0068078451], [2018628.6773973408, 876436.6282236718], [2018646.420144008, 876390.0413746032], [2018673.6366250052, 876301.9595297652], [2018681.3321476718, 876271.0206152464], [2018687.8852841707, 876179.2849063306], [2018689.134625511, 876072.2559209125], [2018692.7074530139, 876024.9321966798], [2018655.8397445974, 875969.2095390846], [2018594.1649991723, 875926.5767503377], [2018479.3197564187, 875930.8726735141], [2018472.8227221654, 875934.1453047587], [2018369.471879006, 875969.0287651719], [2018349.3997406801, 875964.2833678455], [2018331.7098154288, 875926.4113963472], [2018299.0113900022, 875811.7164157695], [2018313.2420045894, 875716.3452154357], [2018348.1526959233, 875598.4159893369], [2018381.5450175854, 875548.1985700942], [2018430.2880303422, 875499.8108715751], [2018435.635132505, 875447.7555294969], [2018430.0649336742, 875385.1362321773], [2018406.7631430018, 875351.2652369386], [2018370.503701091, 875264.9635722507], [2018331.8968229315, 875155.3614292602], [2018295.6124466828, 875108.3766150789], [2018233.3504320998, 875057.0072952571], [2018156.3000612569, 875047.4945190157], [2018052.9826825855, 875024.1317048348], [2017988.9319576765, 874999.3371349919], [2017921.6433783479, 874958.5225840958], [2017849.6625511795, 874866.0109580788], [2017757.6318953347, 874729.0738960042], [2017642.8539096708, 874613.965858494], [2017533.0690242487, 874540.7268317392], [2017330.6353740091, 874370.9610951708], [2017257.1591430006, 874305.0255314901], [2017164.7744852605, 874260.9216170748], [2017101.616475092, 874220.4755037628], [2017070.0230343335, 874224.4617162443], [2017055.270767256, 874207.7068285053], [2017056.764202593, 874177.8561664275], [2017106.7309661787, 874057.022090506], [2017123.5911686725, 874003.1531037518], [2017129.8195026678, 873954.7385024468], [2017132.7850479186, 873932.5334943442], [2017128.0619602483, 873931.4386802602], [2017134.568837003, 873911.783863919], [2017183.5910486726, 873892.1543099874], [2017265.431764259, 873793.91008393], [2017314.7961668367, 873695.2826565057], [2017363.9532207565, 873449.2172037499], [2017396.745478004, 873416.4725185881], [2017495.1406224216, 872793.285444749], [2017511.6149989227, 872399.398437272], [2017462.384454341, 872268.3127414254], [2017462.4431812596, 872170.0206151751], [2017429.6886535892, 872136.8730436706], [2017396.7454780054, 871923.887249172], [2017314.7876366675, 871710.5087389209], [2017314.8263505092, 871644.9806547619], [2017232.848167999, 871464.3661865832], [2017199.873824507, 871300.5266192632], [2017104.3297242506, 871088.2327525062], [2017052.1336344176, 870972.4363961549], [2016871.8059110928, 870824.5298678371], [2016855.3361277576, 870709.8466982528], [2016986.5251698345, 870562.1202876712], [2017249.1056814203, 870430.8538179353], [2017396.745806097, 870430.9410880979], [2017429.530845507, 870416.0346218398], [2017905.3592901686, 870201.1715345038], [2018348.265228511, 869758.4037192734], [2018381.0935749265, 869676.5144473275], [2018381.024677426, 869315.3829517598], [2018413.8638505952, 869217.1118228518], [2018524.9915810989, 869062.8273545133], [2018643.4001369178, 869069.4552939864], [2018676.1986277548, 869036.7122492421], [2019299.6196250007, 868954.4781617502], [2019529.3268427555, 869003.7762915035], [2019660.6559764307, 869118.5375449293], [2019660.6008584204, 869200.8113305023], [2019512.7579782614, 869495.9521444138], [2019463.7843229177, 869873.4330167514], [2019594.8149007568, 869988.1942701727], [2019693.4180500058, 870021.0242570008], [2019775.2230045036, 870004.3333455018], [2019906.6804187587, 869922.5123149146], [2020008.2468166805, 869939.6914144268], [2020152.6986275008, 869856.7883650091], [2020513.5499399314, 869840.292663071], [2020579.092131675, 869856.7207798314], [2020857.9623088404, 870103.0116258571], [2020989.1877681771, 870348.8349530912], [2021070.626581671, 870430.4391205851], [2021094.834210427, 870438.1015068535], [2021579.8765474267, 870578.6117245188], [2021612.628450424, 870611.399716667], [2022170.3232011811, 870726.1261932511], [2022465.512899504, 870841.0249135895], [2022613.1763180941, 870808.3743883307], [2022826.4426238388, 870709.8837716749], [2022892.289605008, 870709.935280759], [2023236.7006615836, 870562.404079752], [2023256.1891396781, 870562.055655264], [2023285.7169677608, 870562.078949177], [2023417.1688045878, 870496.6558516689], [2023728.689178928, 870496.5423348274], [2023806.3658608345, 870474.3986783244], [2023843.579697179, 870463.871468421], [2024237.2153928424, 870431.0664159147], [2024434.0361934295, 870234.2817044934], [2024466.8674925854, 870168.4173349282], [2024630.9642772526, 869561.6934827612], [2024811.5528268367, 869364.8979445783], [2024909.9266458433, 869315.471534252], [2025008.2587982554, 869315.5551954957], [2025041.0641788396, 869282.8193685802], [2025451.2821904288, 869216.9166132448], [2025615.3645394298, 869332.0974852509], [2025861.4208058412, 869578.042859508], [2025926.9459372603, 869610.8646442613], [2026172.9510226694, 869577.9552612758], [2026560.3921769264, 869553.9129865142], [2026894.62313576, 869594.2626433427], [2027042.312801005, 869545.2525707472], [2027419.6775318393, 869561.6209763443], [2027583.594198762, 869528.6466328261], [2027831.058926924, 869516.1391119171], [2027911.6768759184, 869512.2112982648], [2028196.504718334, 869337.0147982623], [2028732.0446577505, 868856.2690405858], [2028945.1643102632, 868642.7852155725], [2029027.257321926, 868642.8662521661], [2029158.4184769252, 868593.8506021504], [2029191.2297629993, 868560.7551959063], [2029224.1548940092, 868413.3506350827], [2029437.2814362654, 868199.8704190113], [2029683.4184111801, 868052.3169083418], [2029995.0050583337, 867724.2673675838], [2030109.9641460022, 867642.4755364229], [2030323.143181593, 867675.094893745], [2030749.7292706661, 868085.0878401829], [2030881.0531550045, 868167.1355763371], [2031012.32454601, 868298.3298677582], [2031094.0884900836, 868331.1805238494], [2031635.6894410115, 868315.0138895029], [2031734.0609634204, 868281.9923020005], [2031914.33816193, 868150.7681549999], [2032111.3958386772, 868068.7095920842], [2032340.8651960029, 868052.5800311733], [2032383.97370559, 868058.0882222498], [2032915.2147690959, 868068.8733056757], [2033079.0533521767, 868117.8394150946], [2033308.9275643374, 868265.5372824218], [2033390.9280565088, 868347.5403992465], [2033538.485176086, 868429.618319101], [2033620.559815093, 868446.0943360032], [2034522.6846512547, 868462.4328860024], [2034916.320346921, 868462.5349199105], [2035080.3301895114, 868364.0751430803], [2035211.6409505021, 868200.0488963532], [2035211.5625385924, 868019.4833125856], [2035178.921527758, 867904.7702874222], [2035014.7689689244, 867625.7167116674], [2034834.2542380856, 867445.3004058384], [2034736.0907205057, 867297.7465670854], [2034670.4684764298, 867101.0858711792], [2034670.3287129244, 866969.6661865299], [2034667.9691375948, 866967.1150104994], [2034715.6757350867, 866831.383654659], [2034812.6243600834, 866760.145936252], [2034922.4673162538, 866773.018285831], [2035329.9897951775, 866786.2479181676], [2035530.2308645092, 866773.0205824204], [2035737.0240860863, 866715.0249634922], [2036163.8942953355, 866605.2433589232], [2036564.4364732518, 866534.0240131855], [2036723.079200596, 866489.44503408], [2036771.5289068373, 866475.6720957689], [2036915.1109687532, 866431.0754001704], [2036946.1407623447, 866414.3684125824], [2036995.4933539184, 866387.4914978441], [2037077.2973241815, 866387.5948440867], [2037236.8675430869, 866311.7121218388], [2037422.0197318362, 866092.0662356662], [2037471.2109064301, 865961.0737155138], [2037471.0416154265, 865862.4180729231], [2037323.4169106774, 865600.1193849307], [2037253.5220373438, 865522.8534633205], [2037211.3488933453, 865476.2026380071], [2037011.6882034226, 865255.7043913554], [2036916.7845218498, 865101.9589639192], [2036834.8542395069, 864964.6117976735], [2036793.9445444187, 864851.3436515046], [2036751.3573592603, 864662.7164041008], [2036728.6182315038, 864425.3326925101], [2036737.224513501, 864392.2156327612], [2036720.834126338, 863801.7197665222], [2036819.1367512657, 863604.8963412379], [2036819.384126097, 863407.9505409169], [2036770.0328468392, 863194.5602196627], [2036720.7750713374, 862669.9152715962], [2036589.6185095005, 862210.3318731801], [2036573.089343088, 861964.5836770036], [2036540.4470199184, 861849.5061512584], [2036409.252728507, 861652.7611379185], [2036327.241737677, 861570.7501470887], [2036163.056698591, 861537.783677594], [2035982.7867179227, 861373.7436513348], [2035917.0050253412, 861062.0444715742], [2035917.0312720072, 860799.5715713307], [2035982.7053532598, 860717.7429948406], [2036228.7963965079, 860684.91825734], [2036425.6614883386, 860570.1255079217], [2036507.4818627525, 860570.2272137556], [2036540.3102091686, 860537.1406657533], [2036615.668326168, 860508.1111962502], [2036922.497108845, 860565.2862787476], [2037029.127473012, 860566.8768267294], [2037144.092466177, 860517.8769247514], [2037175.425736846, 860499.7145595094], [2037429.9360545885, 860352.9661653348], [2037484.0310907518, 860321.7280388459], [2037996.9037526713, 860025.69549443], [2038439.966842918, 859812.217574925], [2038784.3890543417, 859812.307141677], [2038867.087707849, 859819.6972187563], [2039325.769205168, 859861.4454948412], [2039375.0325580852, 859910.6570105802], [2039387.0643581734, 859969.6473781762], [2039391.4639556704, 859992.9517935186], [2039571.8638573433, 860271.6854879981], [2039817.8794414261, 860517.745363329], [2039981.9545725887, 860632.6414589944], [2040129.5543430017, 860698.370330181], [2040217.5456368478, 860721.4254021777], [2040375.514809087, 860763.8711834245], [2040457.6301304263, 860763.9843721732], [2040588.8464034183, 860714.6560587664], [2040851.167401089, 860484.9468725073], [2041383.0173872546, 860159.5128120898], [2041403.4313884247, 860136.6073460827], [2041431.5376314225, 860104.9755195859], [2041442.4847879997, 860092.2494951799], [2041458.164874764, 860074.797758418], [2041802.7793430076, 859730.5412290837], [2041950.3194022607, 859632.0972002681], [2042212.7440742562, 859549.836866102], [2042442.5579190834, 859549.8043858403], [2042623.0798677502, 859320.3573381804], [2042623.0706814225, 859123.4118659104], [2042688.4481753423, 859057.9799101789], [2043110.8111757631, 858892.9595709279], [2043492.335019007, 858581.9054030082], [2043705.6361015902, 858368.8953303368], [2043771.1159575144, 858237.5750549273], [2043771.238332585, 858155.6664260939], [2043689.2381685087, 858073.6354221725], [2043213.56261067, 858122.8039590135], [2043082.2761278455, 858007.9383750852], [2042983.7481096692, 857712.5580603342], [2042951.0057210906, 857679.7467742497], [2042934.4959115845, 857253.4329943566], [2042836.2431553463, 857171.3806650003], [2042676.24478768, 857091.4228196722], [2042670.0486058437, 857086.317186822], [2042557.4333455104, 856925.24861135], [2042557.2948943388, 856613.6314524245], [2042524.5744873418, 856564.438637429], [2042508.1634309296, 856269.1797134968], [2042442.3922370074, 855990.2311244253], [2042442.6297693392, 855826.0503504322], [2042409.5894810858, 855793.2390643336], [2042409.849979252, 855613.0406058488], [2042557.22632493, 855235.7467410159], [2042523.8651711792, 855220.0446726717]]]}}, {"type": "Feature", "properties": {"precinct_code": "26", "precinct_name": "BAHAMA VFD - ROUGEMONT STATION", "county": "DURHAM"}, "geometry": {"type": "Polygon", "coordinates": [[[2027825.7006699275, 869561.6396770923], [2027831.058926924, 869516.1391119171], [2027583.594198762, 869528.6466328261], [2027419.6775318393, 869561.6209763443], [2027042.312801005, 869545.2525707472], [2026894.62313576, 869594.2626433427], [2026560.3921769264, 869553.9129865142], [2026172.9510226694, 869577.9552612758], [2025926.9459372603, 869610.8646442613], [2025861.4208058412, 869578.042859508], [2025615.3645394298, 869332.0974852509], [2025451.2821904288, 869216.9166132448], [2025041.0641788396, 869282.8193685802], [2025008.2587982554, 869315.5551954957], [2024909.9266458433, 869315.471534252], [2024811.5528268367, 869364.8979445783], [2024630.9642772526, 869561.6934827612], [2024466.8674925854, 870168.4173349282], [2024434.0361934295, 870234.2817044934], [2024237.2153928424, 870431.0664159147], [2023843.579697179, 870463.871468421], [2023806.3658608345, 870474.3986783244], [2023728.689178928, 870496.5423348274], [2023417.1688045878, 870496.6558516689], [2023285.7169677608, 870562.078949177], [2023256.1891396781, 870562.055655264], [2023236.7006615836, 870562.404079752], [2022892.289605008, 870709.935280759], [2022826.4426238388, 870709.8837716749], [2022613.1763180941, 870808.3743883307], [2022465.512899504, 870841.0249135895], [2022170.3232011811, 870726.1261932511], [2021612.628450424, 870611.399716667], [2021579.8765474267, 870578.6117245188], [2021094.834210427, 870438.1015068535], [2021070.626581671, 870430.4391205851], [2020989.1877681771, 870348.8349530912], [2020857.9623088404, 870103.0116258571], [2020579.092131675, 869856.7207798314], [2020513.5499399314, 869840.292663071], [2020152.6986275008, 869856.7883650091], [2020008.2468166805, 869939.6914144268], [2019906.6804187587, 869922.5123149146], [2019775.2230045036, 870004.3333455018], [2019693.4180500058, 870021.0242570008], [2019594.8149007568, 869988.1942701727], [2019463.7843229177, 869873.4330167514], [2019512.7579782614, 869495.9521444138], [2019660.6008584204, 869200.8113305023], [2019660.6559764307, 869118.5375449293], [2019529.3268427555, 869003.7762915035], [2019299.6196250007, 868954.4781617502], [2018676.1986277548, 869036.7122492421], [2018643.4001369178, 869069.4552939864], [2018524.9915810989, 869062.8273545133], [2018413.8638505952, 869217.1118228518], [2018381.024677426, 869315.3829517598], [2018381.0935749265, 869676.5144473275], [2018348.265228511, 869758.4037192734], [2017905.3592901686, 870201.1715345038], [2017429.530845507, 870416.0346218398], [2017396.745806097, 870430.9410880979], [2017249.1056814203, 870430.8538179353], [2016986.5251698345, 870562.1202876712], [2016855.3361277576, 870709.8466982528], [2016871.8059110928, 870824.5298678371], [2017052.1336344176, 870972.4363961549], [2017104.3297242506, 871088.2327525062], [2017199.873824507, 871300.5266192632], [2017232.848167999, 871464.3661865832], [2017314.8263505092, 871644.9806547619], [2017314.7876366675, 871710.5087389209], [2017396.7454780054, 871923.887249172], [2017429.6886535892, 872136.8730436706], [2017462.4431812596, 872170.0206151751], [2017462.384454341, 872268.3127414254], [2017511.6149989227, 872399.398437272], [2017495.1406224216, 872793.285444749], [2017396.745478004, 873416.4725185881], [2017363.9532207565, 873449.2172037499], [2017314.7961668367, 873695.2826565057], [2017265.431764259, 873793.91008393], [2017183.5910486726, 873892.1543099874], [2017134.568837003, 873911.783863919], [2017128.0619602483, 873931.4386802602], [2017132.7850479186, 873932.5334943442], [2017129.8195026678, 873954.7385024468], [2017123.5911686725, 874003.1531037518], [2017106.7309661787, 874057.022090506], [2017056.764202593, 874177.8561664275], [2017055.270767256, 874207.7068285053], [2017070.0230343335, 874224.4617162443], [2017101.616475092, 874220.4755037628], [2017164.7744852605, 874260.9216170748], [2017257.1591430006, 874305.0255314901], [2017330.6353740091, 874370.9610951708], [2017533.0690242487, 874540.7268317392], [2017642.8539096708, 874613.965858494], [2017757.6318953347, 874729.0738960042], [2017849.6625511795, 874866.0109580788], [2017921.6433783479, 874958.5225840958], [2017988.9319576765, 874999.3371349919], [2018052.9826825855, 875024.1317048348], [2018156.3000612569, 875047.4945190157], [2018233.3504320998, 875057.0072952571], [2018295.6124466828, 875108.3766150789], [2018331.8968229315, 875155.3614292602], [2018370.503701091, 875264.9635722507], [2018406.7631430018, 875351.2652369386], [2018430.0649336742, 875385.1362321773], [2018435.635132505, 875447.7555294969], [2018430.2880303422, 875499.8108715751], [2018381.5450175854, 875548.1985700942], [2018348.1526959233, 875598.4159893369], [2018313.2420045894, 875716.3452154357], [2018299.0113900022, 875811.7164157695], [2018331.7098154288, 875926.4113963472], [2018349.3997406801, 875964.2833678455], [2018369.471879006, 875969.0287651719], [2018472.8227221654, 875934.1453047587], [2018479.3197564187, 875930.8726735141], [2018594.1649991723, 875926.5767503377], [2018655.8397445974, 875969.2095390846], [2018692.7074530139, 876024.9321966798], [2018689.134625511, 876072.2559209125], [2018687.8852841707, 876179.2849063306], [2018681.3321476718, 876271.0206152464], [2018673.6366250052, 876301.9595297652], [2018646.420144008, 876390.0413746032], [2018628.6773973408, 876436.6282236718], [2018630.4408452513, 876449.0068078451], [2018561.3369808362, 876484.2757661777], [2018463.008109257, 876516.9778005019], [2018185.193048091, 876539.3750654227], [2018052.9285488445, 876549.8504381861], [2017966.396897763, 876602.5842565896], [2017741.1676894268, 876566.0423349335], [2017642.8991851802, 876500.4545395739], [2017511.5267445, 876500.3757995787], [2017396.6568955043, 876549.8176298549], [2017314.8329121766, 876631.6796708342], [2017281.9668361684, 876795.8453529936], [2017101.4842575046, 876976.3069343469], [2016756.9596840905, 876992.4899728291], [2016535.5903761706, 876918.8267343291], [2016363.2810095092, 876746.535740349], [2016068.0102745884, 876845.0293097565], [2016035.2232666768, 876877.7756353223], [2015789.2732992624, 876943.5343620928], [2015641.6134895817, 877041.748076427], [2015575.7455110848, 877107.6055562657], [2015428.3911470023, 877189.4380697537], [2015296.9530896693, 877320.7901692578], [2015264.1421316706, 877402.6837062527], [2015264.3619475053, 877547.2106481693], [2015271.7057648464, 877616.7472545049], [2015362.7108321798, 878025.984296924], [2015346.3712979243, 878222.9255040985], [2015087.017157837, 878547.157139099], [2015080.8157266688, 878551.5226159311], [2014919.6290411798, 878567.4582795923], [2014624.48789917, 878452.6343622463], [2014214.471330763, 878419.6682208306], [2014099.3672302517, 878370.4662195005], [2013789.700198682, 878373.9593227576], [2013689.333601506, 878370.6358385772], [2013637.9793735142, 878347.3130505983], [2013591.348889335, 878323.6280585709], [2013564.7826695147, 878319.247161831], [2013541.7561407536, 878321.421042012], [2013518.4267910873, 878339.612606671], [2013480.5938615054, 878441.8925858346], [2013443.3560750938, 878534.7076889357], [2013328.464244501, 878666.0761925938], [2013000.4196250145, 878846.4967635273], [2012902.0763177576, 878944.7462389166], [2012819.9547628467, 879076.1314748356], [2012738.078942342, 879322.1920063241], [2012705.2988241748, 879354.942268925], [2012655.8812720915, 879633.781606255], [2012524.75489393, 879781.529014165], [2012524.751613094, 879789.5378564247], [2012524.6850121776, 879945.3505369271], [2012590.461455418, 880060.4182201704], [2012705.2381287501, 880175.143056323], [2012951.0814690876, 880273.5434500921], [2013016.8779254267, 880339.1013898399], [2013016.841508179, 880421.012315258], [2013049.5917707526, 880453.7914491597], [2013115.2848808484, 880749.0641525777], [2013164.5423282522, 880831.3612320916], [2013170.695859254, 880931.477501673], [2013149.730678098, 880949.3062061631], [2013135.852096931, 880961.3137280885], [2013121.679881172, 880969.3163367377], [2013093.6366301794, 880973.3084547463], [2012961.651329846, 881069.3587875958], [2012897.579279511, 881113.3803530972], [2012809.593563093, 881169.0413309954], [2012773.5683726682, 881201.0616081634], [2012737.5392452641, 881243.2757625852], [2012687.6256311685, 881311.3310726668], [2012661.6388065065, 881338.9878414995], [2012635.3530979303, 881375.0172969926], [2012611.4286050964, 881411.0477367503], [2012595.4758810855, 881443.077200253], [2012587.4923012566, 881475.1099445727], [2012575.6701464225, 881511.1459617553], [2012559.4257563353, 881535.166254924], [2012547.6137720945, 881547.1747610815], [2012535.4947018488, 881586.8508628517], [2012521.302801088, 881642.9084935049], [2012493.2362561675, 881702.9644757495], [2012487.326163009, 881718.9801917492], [2012473.432818085, 881767.0286520919], [2012455.111988591, 881815.0754720211], [2012453.0273470862, 881859.1245965125], [2012449.1749925911, 881894.7997219953], [2012457.1274045103, 881934.8485264173], [2012469.2153068334, 881966.8898009136], [2012491.0184128443, 882059.0037899109], [2012498.9655754257, 882111.0660217435], [2012503.0754753356, 882163.1269412558], [2012489.1503063426, 882286.8976910852], [2012479.0873343353, 882350.9661325089], [2012464.8941212601, 882411.0283483502], [2012448.9181033385, 882499.1213480193], [2012404.8666822612, 882670.933996502], [2012382.69612293, 882751.0155292617], [2012354.5990662575, 882886.7941290861], [2012338.623376429, 882974.887456848], [2012326.482652681, 883068.8072165117], [2012320.5551710885, 883127.0528349434], [2012292.4863295844, 883196.9385219248], [2012266.2025895119, 883232.9683055015], [2012248.1734260907, 883293.0292089992], [2012224.236138, 883364.7370708339], [2012204.1259420058, 883460.837600424], [2012182.2582035956, 883524.9014486687], [2012182.2316288373, 883588.9741551785], [2012162.1184800852, 883692.7200106693], [2012157.9633046708, 883748.7819064273], [2012134.0230638406, 883828.8631111081], [2012121.9089148364, 883860.894543061], [2012095.9263552588, 883884.9112273479], [2012076.1448987557, 883900.9210378391], [2012039.8388690064, 883908.9154444275], [2011995.8658598354, 883900.5240570003], [2011953.960103752, 883888.8574136833], [2011878.11018984, 883882.6376098433], [2011814.0686512578, 883870.5982638373], [2011773.9273273349, 883874.586444834], [2011718.1465990117, 883870.5595500069], [2011678.009868264, 883862.5346316581], [2011598.039883837, 883826.4618691554], [2011556.1380647563, 883804.2381603558], [2011486.2057899255, 883760.1604925821], [2011454.0332820853, 883764.1526105861], [2011440.748531758, 883772.520376012], [2011422.14981568, 883784.1627411745], [2011418.0169499232, 883785.981635169], [2011676.133231594, 885609.6118461776], [2011830.3366633365, 886707.6519729152], [2012355.854969264, 890405.1832917558], [2012374.3582130966, 890610.881043102], [2012473.209721431, 891301.8960652418], [2012518.514748932, 891619.7343403368], [2012770.3318305921, 893363.2974542573], [2012990.6250251678, 894939.3874779178], [2013478.517750175, 898345.7153109129], [2013491.1624099151, 898433.4585737599], [2013651.119439095, 899553.3720163354], [2013795.7720369243, 900574.6212861715], [2013845.1646546707, 900920.1353589215], [2013853.3969216798, 900977.2963338264], [2013868.9779272529, 901088.3413873333], [2013914.2527710958, 901405.8213954249], [2013936.3006272614, 901562.3768566041], [2013974.5180705034, 901831.4343893391], [2014011.265044258, 902089.569371773], [2014071.8216816802, 902517.3670725884], [2014109.1546122585, 902779.8714688383], [2014386.9257102618, 904735.7327145786], [2014503.0252155978, 905542.9105621759], [2014524.1875748343, 905688.5451134394], [2014555.9220914259, 905924.8359794288], [2014570.0290185974, 906024.2314499167], [2014966.7037501773, 906014.9660485153], [2015173.7413938357, 906009.975901008], [2015978.8890617623, 905991.472985269], [2016155.8483535037, 905980.6482037624], [2016323.6583853355, 905981.8335688352], [2016491.7669730056, 905977.1951266791], [2017080.1421085896, 905968.4307085214], [2017295.437281667, 905965.6446248398], [2017595.3779547506, 905958.5422768391], [2017876.4416970913, 905954.3437944341], [2018086.4288099254, 905950.8323184986], [2018159.2754490075, 905949.7850765006], [2018555.3615990863, 905942.0242652571], [2018694.8626324234, 905938.1082625799], [2019287.0789676767, 905920.6532449967], [2019472.8853545955, 905913.495122826], [2019487.0431346728, 905911.3202584313], [2019777.8437341752, 905902.0496076698], [2019881.6578310127, 905900.2996111735], [2019899.3536617595, 905899.583733333], [2020636.968984426, 905882.2553559286], [2020916.8552356805, 905876.6290548593], [2021423.5445110064, 905862.0687165137], [2022242.85553643, 905844.8410606693], [2022761.342032255, 905831.4050639223], [2023222.6107947521, 905821.9378912612], [2023695.0888524202, 905809.9382433409], [2023926.903021334, 905805.3939610836], [2024123.9160787617, 905801.1869485156], [2025602.4022950095, 905766.0364282546], [2026068.0982140023, 905755.1614499977], [2026977.9608955965, 905733.7782906694], [2027586.4045605955, 905719.7829118356], [2027681.0756310967, 905719.5079780058], [2027760.7099862539, 905714.850835088], [2027808.19381517, 905713.8035930807], [2027873.6720306731, 905708.7688262624], [2027950.6466142526, 905709.9345063458], [2031542.0610193473, 905609.098093838], [2031901.5872031762, 905598.9301351752], [2031911.0255045139, 905598.5761332621], [2031981.8094836762, 905596.8330264972], [2032057.018322752, 905594.7309965937], [2032135.4709217541, 905592.6325755906], [2032210.0898670102, 905590.5302175852], [2032310.3678816713, 905587.7283859258], [2032437.1901345842, 905584.2280648357], [2032559.5885118386, 905580.7231505803], [2032676.678172677, 905577.5771595096], [2032720.3286759257, 905576.1696820116], [2032821.1969125138, 905573.3701469045], [2032831.8150015038, 905572.6539409853], [2032851.8700795034, 905572.6762506664], [2032849.5150973347, 905568.6690408381], [2032836.920962424, 905227.5306155054], [2032833.4209694266, 905192.5769452506], [2032830.5541772551, 905119.0334571841], [2032655.574212252, 904667.0396105034], [2032636.1638180034, 904617.1417444247], [2032667.6493193354, 904418.0361715007], [2032687.5416680146, 904300.4668528421], [2032734.57766317, 904174.5550311672], [2032849.4937719253, 904010.4926952595], [2033161.2874396741, 903715.2278658514], [2033226.6380307514, 903567.493909339], [2033226.6409835056, 903305.0072295725], [2033161.2201825962, 902993.2985354123], [2033022.4255126696, 902879.9191690144], [2032980.5804520098, 902845.6505367656], [2033046.2086015947, 902714.2990934239], [2033357.891049089, 902271.5929578397], [2033595.002123429, 902046.5117150815], [2033685.9501042513, 901959.9702215033], [2033817.3793033368, 901812.3140207537], [2033850.1964949227, 901746.4575251751], [2033850.0340936796, 901631.7789487606], [2033817.3875054265, 901549.8279971777], [2033669.7785486735, 901402.2141191637], [2033554.7971513413, 901352.9343620893], [2033423.536259012, 901352.7844279974], [2033259.6419017627, 901516.7880370017], [2033111.8442970975, 901533.3670720953], [2032915.2301890103, 901680.9530629986], [2032816.6565672618, 901729.9903665007], [2032780.0808530012, 901729.94935609], [2032734.6557470115, 901730.2626756665], [2032587.0421970955, 901582.654375096], [2032390.1134570832, 901484.1401364065], [2032308.2389489254, 901369.3713370916], [2032341.0482664986, 901041.0271775144], [2032455.7297956813, 900565.3299661698], [2032521.4114228343, 900122.7088041727], [2032570.4877682617, 900024.1036864248], [2032587.0586012602, 899712.4888240843], [2032816.7953465125, 898974.0729780882], [2032898.7663111703, 898481.9597890787], [2032898.5812721716, 897333.7248808448], [2032783.9876693333, 897186.153325585], [2032783.8397037543, 896791.1521470944], [2032865.8333061778, 896546.5985023393], [2033095.6353400038, 896300.3913175942], [2033128.4567966776, 896234.8983383281], [2033111.9929188357, 895923.2477149136], [2033078.9870793389, 895890.4456151823], [2033062.8722821758, 895791.7683190684], [2033072.9450966713, 895493.2541523379], [2033079.0461343376, 895315.9657929988], [2033144.6372105037, 894971.6436470062], [2033255.1524094185, 894819.5937542678], [2033210.357879596, 894774.7641195102], [2033308.6828141802, 894446.8622162407], [2033390.9280565092, 894250.0020456552], [2033620.6077152647, 893872.7396768379], [2033620.369526759, 893823.2279648272], [2033800.8015805914, 893429.528292924], [2033866.5868820853, 893183.5035224955], [2033866.5573545853, 892953.7851499112], [2033817.434749425, 892822.668942332], [2033768.0618166786, 892396.3043094989], [2033653.3281222566, 892100.92432285], [2033580.7987397625, 892052.0579507542], [2033587.7170330125, 891937.0247162598], [2033536.1843276774, 891846.6804087624], [2033528.508818091, 891849.9481187586], [2033521.425170838, 891851.7601229986], [2033495.4475325062, 891862.2879890967], [2033483.936400668, 891865.5514340114], [2033455.304568173, 891874.619985416], [2033428.1510791783, 891881.141954006], [2033400.1153740888, 891885.1147150901], [2033372.3785529304, 891885.8112360011], [2033344.3530184194, 891881.0464817501], [2033318.6939490158, 891870.8237331816], [2033295.402000844, 891854.7788177371], [2033274.4735650115, 891836.188303752], [2033255.0224884306, 891815.7792238562], [2033237.0477868475, 891794.2795949297], [2033206.4139898422, 891747.6461580116], [2033189.6207163353, 891725.0556520082], [2033169.874364764, 891704.6462440101], [2033146.2848450106, 891690.7857074435], [2033118.555241674, 891684.9294199159], [2033063.091113762, 891677.2214300999], [2032295.6910737613, 891615.2041656673], [2032031.6397645904, 891583.9696480928], [2032016.0029848353, 891582.4965539365], [2031139.1461427528, 891502.915676337], [2030999.8895315102, 891488.2057320062], [2030763.8657253399, 891458.4685867609], [2030583.9038149265, 891429.8839982618], [2030390.0728377537, 891401.2859583234], [2030292.1265113342, 891385.1662399189], [2030100.0684965125, 891353.6594131738], [2029799.735107674, 891306.7536670851], [2029701.4921939233, 891291.3636060203], [2029430.9464751794, 891257.597597414], [2029063.640779347, 891199.3464015854], [2028719.638842674, 891146.9472281703], [2028604.5750964305, 891132.2727168346], [2028548.5154972514, 891128.2133417643], [2028500.4188086705, 891128.1664258405], [2028429.0049095023, 891134.6500086837], [2028286.7617556746, 891153.8071225936], [2028244.377326012, 891043.8221063288], [2028190.2078149172, 890914.8948707462], [2028107.4697914263, 890729.5123675042], [2028043.280615344, 890586.0139668421], [2027930.204726011, 890340.8979872622], [2027886.0279770943, 890251.2987569988], [2027871.2940826728, 890230.1698622601], [2027820.295497, 890176.9695093342], [2028308.2505578396, 889680.1407785916], [2028467.173140257, 889509.553849444], [2028481.64719267, 889494.2776332488], [2028541.3268633327, 889420.7971371718], [2028627.0232142508, 889297.4670032553], [2028666.0365876716, 889234.8880601652], [2028700.0365196767, 889169.0276275884], [2028723.3963810955, 889120.267554501], [2028740.550546259, 889080.9667800928], [2028774.8697033369, 888990.715320169], [2028799.1524631667, 888904.4589310011], [2028822.560880931, 888806.9158190059], [2028832.9516081822, 888743.5809719246], [2028837.143528924, 888682.0600975987], [2028844.5972541738, 888604.5241634214], [2028846.0877367568, 888589.2354800885], [2028846.1356369248, 888540.4527692551], [2028844.1248141686, 888484.7507809092], [2028834.198981003, 888375.5252775915], [2028814.840752005, 888255.3690218237], [2028759.3461123395, 887970.6254968338], [2028723.2185599203, 887796.937195936], [2028686.798357174, 887620.336499252], [2028650.0822232517, 887444.099318927], [2028538.4476039994, 886923.7604645755], [2028506.1451751736, 886759.177788509], [2028418.3215319198, 886330.2396700059], [2028404.2306808396, 886253.0472390961], [2028343.5063928377, 885874.7392686709], [2028324.481496513, 885711.2619053386], [2028301.961856513, 885498.6343778392], [2028291.8135828387, 885311.1383617559], [2028276.8244395854, 884940.5200085053], [2028271.9947248402, 884746.112588924], [2028274.2424237586, 884557.9003669121], [2028268.6010308412, 883980.8752742623], [2028267.9592998489, 883728.5877210955], [2028268.654836507, 883619.373372586], [2028266.6636987615, 883235.6628539253], [2028266.1154715102, 882886.174379678], [2028265.0557623354, 882760.9400501058], [2028262.9383125005, 882508.28766826], [2028261.1774892493, 881579.5959560815], [2028259.5889097615, 881390.2889199856], [2028258.577756925, 880908.6511037586], [2028256.4780235896, 880637.0686416768], [2028256.220806254, 880597.7511350076], [2028256.3238244199, 880184.9199396604], [2028252.721141339, 879635.2031913409], [2028248.2464127552, 879377.8168950647], [2028242.7523292594, 879258.7679205791], [2028223.0715943428, 879157.907558005], [2028164.562853097, 878913.9392139134], [2028142.185929343, 878853.4855946676], [2028125.4274326714, 878783.2081761609], [2028083.32712318, 878665.580458673], [2028053.0223937621, 878560.3414959157], [2028027.6982974254, 878494.4246330203], [2027985.042870925, 878338.9354426751], [2027904.9941465098, 878080.7492792687], [2027867.0434350083, 877943.4674015834], [2027836.1740741718, 877809.4683257511], [2027812.6327826674, 877730.0836420141], [2027804.9923780132, 877693.3077969202], [2027785.59576325, 877601.549450249], [2027749.984614016, 877486.4765176828], [2027737.6342450096, 877435.1341006745], [2027694.9693040836, 877286.56254741], [2027673.8062886745, 877188.9780969161], [2027658.81517692, 877120.1590088478], [2027641.1711833472, 877047.3327109324], [2027614.725698172, 876915.8867795717], [2027594.183088347, 876785.9027876147], [2027580.6667111686, 876718.1772012637], [2027573.1286685036, 876572.1873357531], [2027567.039769917, 876454.2302225855], [2027566.2116875933, 876393.069583783], [2027572.8251914245, 876267.1157674238], [2027584.122412921, 876183.3954624247], [2027590.9944464266, 876096.3949802502], [2027600.2024332571, 876036.6998896822], [2027617.1659820091, 875892.5535244226], [2027635.8913382587, 875758.9658650912], [2027640.36311409, 875713.1001431857], [2027658.7928672591, 875579.8766563338], [2027668.023819922, 875496.1547109169], [2027686.7718139307, 875338.9043692675], [2027709.0611394192, 875183.4775147587], [2027718.3045592604, 875087.0141250046], [2027735.566663848, 874940.6837090155], [2027763.5013192587, 874748.1296321823], [2027777.4839028432, 874635.6528230039], [2027781.352661506, 874603.2562342604], [2027796.2030255045, 874510.0746620949], [2027839.3502489182, 874154.8066718465], [2027870.5211183417, 873975.7256651637], [2027880.3039071702, 873933.869777755], [2027906.4167158436, 873796.2854072547], [2027981.3850698462, 873512.401132512], [2028024.9512556775, 873340.2492458388], [2028043.9115195882, 873273.2831724302], [2028122.1639877562, 872954.4540856886], [2028145.6580352627, 872778.6427575033], [2028142.8621090946, 872615.547939343], [2028102.3999196724, 872319.9045017514], [2028094.7844493391, 872255.8252335942], [2028087.4386635132, 872218.3213715967], [2028040.4935474263, 871908.1103778352], [2028036.1083855915, 871862.236453841], [2028030.2294603437, 871834.5632808357], [2027945.432057752, 871273.8534442486], [2027927.2503355884, 871142.4160430784], [2027875.8859370064, 870818.0036341702], [2027867.0913351786, 870751.0109859991], [2027835.3997975143, 870542.3834505134], [2027821.6209536784, 870437.5257205801], [2027795.5117539172, 870257.6628913482], [2027783.607578263, 870043.9579381741], [2027785.7155136783, 870000.638471004], [2027812.6065359998, 869668.292022847], [2027825.7006699275, 869561.6396770923]]]}}, {"type": "Feature", "properties": {"precinct_code": "27", "precinct_name": "CREEKSIDE ELEMENTARY", "county": "DURHAM"}, "geometry": {"type": "Polygon", "coordinates": [[[2001696.5780595092, 785283.321029337], [2001698.6522023394, 785264.028417002], [2001705.763408588, 785194.1391210782], [2001710.8008000837, 785146.0900046058], [2001716.430382013, 785095.8571654318], [2001646.2477795933, 785050.3520070962], [2001523.649927675, 784964.8029655823], [2001466.793086008, 784920.7548253323], [2001444.2868974223, 784904.3732964353], [2001334.1260285093, 784823.557841259], [2001226.6291962573, 784744.5632485783], [2001105.8062751754, 784653.9200571805], [2001065.2358182538, 784618.2455878323], [2000726.1557877504, 784372.8927320675], [2000628.7248802632, 784303.0008115126], [2000512.6365297595, 784216.3641737434], [2000390.9205658424, 784121.7200060951], [2000301.1878056678, 784056.925188167], [2000104.2482389198, 783919.6925230089], [2000016.8832561686, 783854.5345168425], [1999969.498836502, 783823.593633855], [1999819.6451335857, 783734.4120536845], [1999795.656336428, 783722.7637830041], [1999790.0293791723, 783720.2158878462], [1999739.6830231715, 783695.8278132649], [1999668.605737506, 783664.1595695132], [1999438.1957652583, 783566.9727559972], [1999333.3557518423, 783525.1139158459], [1999077.7703050077, 783429.7502614242], [1998916.658750593, 783371.1503130101], [1998894.7427839208, 783364.2349724956], [1998656.3321715132, 783276.8827850114], [1998503.2156798407, 783224.4727848255], [1998372.311086015, 783182.9827103418], [1998332.3285544207, 783168.4246685856], [1998279.9077275116, 783156.4151781684], [1998071.4091287565, 783122.2115064287], [1997992.630414919, 783120.7607219211], [1997918.2949336767, 783126.590106598], [1997867.947921515, 783129.1416106656], [1997826.7819933428, 783133.8768374115], [1997755.1118610967, 783142.2544453392], [1997651.161281585, 783161.9191041822], [1997600.223063261, 783173.5713118184], [1997575.6420756741, 783179.3974156737], [1997562.0190714304, 783183.4026570102], [1997509.3039537505, 783197.6034160274], [1997447.1124770935, 783218.7214839999], [1997368.3370440898, 783251.125290586], [1997288.081627177, 783289.3532324984], [1997272.3857924214, 783297.3630589949], [1997186.5070271776, 783370.9009696643], [1997217.0315724162, 783585.2994909886], [1997253.7788742643, 783841.19432043], [1997284.8946256808, 784056.6850311792], [1997293.1931655125, 784124.0261038428], [1997310.9726575008, 784239.4153087608], [1997324.0113453423, 784328.5965608292], [1997339.7170225966, 784438.5261309982], [1997359.8679009213, 784579.3959280059], [1997365.793742091, 784614.7042563453], [1997368.165128424, 784637.6366251705], [1997376.1657685926, 784691.5092208299], [1997382.685112506, 784737.0101140981], [1997393.649001344, 784814.5430955095], [1997440.1708899273, 785129.7714676798], [1997470.692482425, 785352.1788312497], [1997479.2918746788, 785482.4935312483], [1997540.0289579195, 785831.5738698348], [1997625.957919926, 786459.4843594352], [1997738.8412243417, 787227.1731127482], [1997754.5429645916, 787324.7267234168], [1997791.8732705137, 787586.4476566812], [1997917.784107923, 788461.1565371754], [1997960.7400587506, 788756.7304210973], [1998097.6016616689, 789713.706853577], [1998102.9340000919, 789755.9318347698], [1998111.8204652502, 789813.4451711839], [1998126.0392688366, 789912.8193162321], [1998154.772807183, 790111.931778929], [1998168.9912826738, 790211.6700965032], [1998183.2097581786, 790311.0442415886], [1998197.7241648452, 790410.7825591862], [1998207.4990796733, 790476.6682541727], [1998226.1604596684, 790609.5311774173], [1998275.3306369176, 790956.0675578576], [1998339.6060989185, 791412.5351488381], [1998424.6124905949, 792016.4266575854], [1998467.262339666, 792318.1904897447], [1998538.0473030962, 792821.2521476784], [1998580.3989244264, 793123.3804804288], [1998623.0454926793, 793425.1452968434], [1998636.9647561752, 793525.611959428], [1998643.7760942592, 793570.0213194196], [1998665.3951455052, 793726.9097851558], [1998700.6358886824, 793963.1527509893], [1998755.42285259, 794377.7611737582], [1998818.7960854187, 794856.436069426], [1998864.6955999297, 795195.6949053317], [1998881.8707624224, 795323.098850013], [1998916.5160343333, 795564.0744179195], [1998947.6075075872, 795779.2055493308], [1998996.1684340842, 796127.2009163395], [1999024.8901614246, 796327.7717094098], [1999036.7339697643, 796411.8584835151], [1999228.0019599183, 797759.7973886646], [1999247.542603253, 797898.4864157599], [1999348.4974538393, 798591.9318792552], [1999369.5170968457, 798737.5372310878], [1999408.8913619223, 799029.4762797495], [1999430.206279919, 799187.0944028349], [1999464.2505031673, 799426.6155773287], [1999479.6441731753, 799535.0917383402], [1999486.4528865947, 799583.5056835152], [1999538.8497634246, 799953.7083551695], [1999596.869332416, 800352.3043427555], [1999616.998229175, 800507.3745706689], [1999622.3266305937, 800543.4122282553], [1999626.7665823398, 800575.0814562532], [1999633.5749676668, 800625.3152796825], [1999640.6789560923, 800674.4575698352], [1999645.7110982554, 800708.3108486041], [1999655.1835202577, 800775.6535616576], [1999707.576132016, 801143.672838773], [1999711.719824509, 801172.7941715895], [1999713.4960676744, 801184.4424422513], [1999716.1597762546, 801202.2793488301], [1999723.5596958413, 801250.3294495904], [1999727.9996475885, 801284.1827283407], [1999739.2476565845, 801367.9063141939], [1999744.279470668, 801402.851782332], [1999746.6475761677, 801420.6883608414], [1999770.3269907527, 801586.6794986661], [1999777.430651084, 801637.2778226725], [1999781.8706028464, 801679.1396155991], [1999823.6024747635, 801634.7292713335], [2000286.510013507, 801111.2752657508], [2000314.0365332512, 801078.5141764209], [2000348.3704540874, 801037.01688409], [2000396.6157644242, 800978.7748745821], [2000474.1641657506, 800878.3078839137], [2000590.1918208455, 800727.6073979231], [2000750.3240465056, 800507.381788507], [2000982.0912995024, 800175.4064025932], [2001056.3883950105, 800060.0162134154], [2001148.4466098412, 799916.5975370082], [2001327.2385750848, 799616.6565358274], [2001395.9149469282, 799497.262745754], [2001473.7687938353, 799356.3929487601], [2001583.298430427, 799149.27394043], [2001717.1052494212, 798887.1908031735], [2001890.8621197627, 798820.5866056691], [2001970.4882728457, 798793.2907285178], [2002024.3618527495, 798778.7339990912], [2002052.7784625897, 798772.547659754], [2002135.364255429, 798755.8088480808], [2002728.5618879218, 798661.213892927], [2003818.765088096, 798487.336287912], [2004978.2483334255, 798302.5905944271], [2004966.7125953438, 798252.354474427], [2004916.108037756, 798176.9950450946], [2004679.6531300836, 797826.0462719124], [2004611.0013645147, 797679.7017483404], [2004569.5821560014, 797534.8175236754], [2004553.614012092, 797427.0667549223], [2004553.616636755, 797410.686210262], [2004553.337109761, 797303.6660830901], [2004573.4902846795, 797150.0551698331], [2004619.4035786707, 796955.6785900912], [2004642.5118001697, 796837.7418180848], [2004647.5554252565, 796767.4876935098], [2004649.3359335084, 796740.5510675942], [2004640.4766992636, 796604.408295253], [2004482.2122520066, 795893.4648352625], [2004449.9665815982, 795748.218406582], [2004395.8183959266, 795577.8519494236], [2004333.3736389272, 795450.8016785763], [2004233.3354531692, 795298.9935832572], [2004159.3375696705, 795218.899911425], [2004122.3382998402, 795178.4892310989], [2004018.4408698366, 795092.2036425186], [2003796.4285185917, 794957.4893450039], [2003603.126739845, 794853.7211798412], [2003471.3970164221, 794779.4463940031], [2003366.9028028413, 794702.2634775068], [2003278.9869681727, 794622.5346343399], [2003246.129094257, 794592.6820037517], [2003218.6015902604, 794552.2736200104], [2003178.9376275828, 794494.3911898356], [2003164.7299788466, 794471.0926799971], [2003144.8986536728, 794438.3292940822], [2003115.3006157575, 794374.2598684265], [2003085.1113716827, 794304.3663074122], [2003059.3627355082, 794231.9248512584], [2003031.249602751, 794122.718048675], [2003019.7230510127, 793933.7942139183], [2003039.869664251, 793786.006779825], [2003107.690722839, 793549.4055469924], [2003154.486561002, 793372.1362164987], [2003160.1151586764, 793338.6477664276], [2003065.6737465109, 793330.2655653349], [2002622.7776506692, 793270.524543094], [2002486.8888148363, 793252.3119810974], [2002441.0004551697, 793246.1200643402], [2002215.405105846, 793233.3615596677], [2001952.5053691715, 793235.5272377557], [2001733.717749016, 793247.525901416], [2001487.989565926, 793253.3365853493], [2001438.8436668385, 793256.9740452592], [2001368.4100806697, 792649.0697492494], [2001354.7965908337, 792533.677263496], [2001349.173898667, 792480.5310443271], [2001342.0715506685, 792411.0042805071], [2001340.0000325162, 792389.8914618248], [2001322.2435063412, 792222.8091188442], [2001286.7275012601, 791939.6059451], [2001279.92042826, 791886.8238984153], [2001269.8571281722, 791807.8325866025], [2001234.633773431, 791586.8756794289], [2001193.7900230892, 791228.686107083], [2001174.2585660971, 790989.5297612544], [2001117.134008421, 790492.2873174263], [2001109.736713513, 790360.514615096], [2001125.142194509, 790127.1837169233], [2001139.358373417, 790029.2652775894], [2001148.5410978347, 789923.3383240886], [2001149.7277752599, 789869.8285885839], [2001145.5857231778, 789786.4698314192], [2001137.305556014, 789517.1009475904], [2001135.534890266, 789362.0320320064], [2001145.0119054164, 789315.4392774107], [2001187.3579493454, 789214.973599086], [2001250.4319701807, 789090.4843467665], [2001272.6415714168, 789047.1681604226], [2001341.6411053387, 788863.7095378352], [2001396.136731253, 788596.5279855898], [2001397.0310864311, 788464.3920950026], [2001400.9070629189, 787912.9158357503], [2001440.5930071785, 787767.3134366742], [2001510.4849277579, 787586.4033654258], [2001569.1288393438, 787343.2473556765], [2001600.2321235833, 787139.0394307474], [2001602.61335242, 786912.2610129204], [2001603.20915176, 786847.1030067493], [2001582.5057810838, 786380.4408823481], [2001571.853899508, 786216.2715912557], [2001573.3391327548, 786136.1894023384], [2001579.2636615937, 786095.4207830966], [2001589.6324072648, 786022.6190914239], [2001635.8413043476, 785796.571315169], [2001664.8688053328, 785681.545954675], [2001679.383211999, 785615.660915837], [2001684.718831255, 785523.9307843507], [2001686.503932671, 785381.2391405734], [2001688.281816261, 785362.6745451745], [2001693.6151389184, 785310.9856721701], [2001696.5780595092, 785283.321029337]]]}}, {"type": "Feature", "properties": {"precinct_code": "47", "precinct_name": "HOLMES RECREATION CENTER", "county": "DURHAM"}, "geometry": {"type": "Polygon", "coordinates": [[[2036304.681743428, 803577.7096373413], [2036248.8255559208, 803513.5739388327], [2036036.3414008482, 803262.8687315823], [2035978.1220290947, 803193.9984624996], [2035796.3540199234, 802992.111071022], [2035759.1165615923, 802948.019623772], [2035728.9765299999, 802908.669308753], [2035707.1160094289, 802875.1529715946], [2035643.0288672599, 802762.5941415858], [2035582.7940795862, 802645.6718032459], [2035537.6242224262, 802552.7930520022], [2035523.4575840961, 802520.0142461793], [2035499.2702965157, 802452.2781611641], [2035450.6247245083, 802295.6921882707], [2035346.8791970918, 801934.0990794201], [2035260.8747759322, 801584.9042397599], [2035174.0045428423, 801215.687786592], [2035062.6684794263, 800760.1706529915], [2034812.855986923, 799763.562738085], [2034823.272632763, 799715.5251045134], [2034832.8382304304, 799636.1811030895], [2034836.7673564241, 799567.7507937527], [2034836.5800208438, 799476.0186937558], [2034818.4950832587, 799001.3214804205], [2034800.9708400976, 798552.1061715046], [2034794.8294481772, 798489.1243420857], [2034779.26911184, 798380.9933247546], [2034770.7546931806, 798322.0127996649], [2034762.8150765023, 798277.5935971623], [2034721.2833354182, 798103.9095613459], [2034705.963812263, 798042.0087665021], [2034563.0684287567, 797472.8855609042], [2034448.1592097585, 797014.8202040946], [2034172.9517549279, 795917.724301187], [2034084.8456319268, 795566.7125360059], [2033933.3807117657, 794963.0024573383], [2033870.6098399302, 794715.0367459202], [2033738.4654191725, 794036.3638906756], [2033685.8237921742, 793729.8041363237], [2033563.6078292583, 793941.5202483387], [2033430.3872951719, 794199.4537876012], [2033377.276837095, 794303.1369791675], [2033192.7404607544, 794652.7448757646], [2033172.8700936742, 794684.0276215739], [2033145.301579252, 794716.3936985849], [2033111.2196264279, 794749.1167302423], [2033126.1923655123, 794860.5216911753], [2033140.0302643466, 794927.879824174], [2033149.1263747506, 794999.9646537604], [2033171.7670775063, 795136.8593930901], [2033210.822445585, 795417.9221511702], [2033227.5373071728, 795558.8142578405], [2033253.369604588, 795752.1350654078], [2033275.64974375, 795945.0874354326], [2033287.963695511, 796050.3014638311], [2033307.5715959226, 796249.8033614219], [2033327.3589579184, 796551.9576127632], [2033329.6657118362, 796606.198317914], [2033340.5754669323, 796905.0664865805], [2033341.577105344, 797065.962162173], [2033344.6601044224, 797218.4874476759], [2033344.5836610042, 797285.8301607572], [2033337.7847900845, 797538.4484219237], [2033335.5987708403, 797638.914100253], [2033323.5072595938, 797860.2214004161], [2033315.080439182, 797982.1565240137], [2033306.6565715089, 798101.9079249144], [2033295.2655181743, 798227.8443528413], [2033286.2428984214, 798353.4192329056], [2033276.6533506827, 798457.152621259], [2033248.5782755914, 798678.4418768502], [2033224.704307587, 798849.8657465874], [2033193.3976116776, 799050.4027470943], [2033139.1680613451, 799367.3988322539], [2033126.9604085854, 799431.0876812387], [2033066.5500963503, 799718.2278550117], [2033022.5341082534, 799904.1904095806], [2032959.7973570977, 800156.0186460859], [2032947.3144424276, 800201.8705885104], [2032919.078934596, 800305.9474800801], [2032864.1075878462, 800496.9940139989], [2032790.431226002, 800740.8022534272], [2032738.7295577524, 800920.9324705905], [2032664.7756374176, 801149.8161991795], [2032654.0791365048, 801186.9339070952], [2032641.0161705012, 801222.9568009174], [2032634.1739925882, 801254.254638579], [2032620.2265139236, 801287.0006360937], [2032612.1970024253, 801321.5734015894], [2032601.5096878395, 801350.3187509188], [2032599.1156637503, 801373.9771681648], [2032453.8981064276, 801813.1836388397], [2032414.1160337636, 801923.8008716641], [2032368.9904678485, 802048.9725373256], [2032277.8597445951, 802292.7633883354], [2032160.5916064237, 802622.7975051805], [2032073.8929609205, 802876.786498502], [2032066.766006678, 802898.619460092], [2032059.045877755, 802921.5442830143], [2032041.2296404229, 802975.3991621669], [2031975.3111370965, 803173.352506428], [2031909.1009676754, 803368.0296105023], [2031578.396248506, 804306.8358037537], [2031467.3715361818, 804624.8676480148], [2031374.4580080968, 804890.1371305856], [2031329.9321785106, 805016.4036103358], [2031237.3139254309, 805284.585816753], [2031193.3714280121, 805419.9536562576], [2031163.969912008, 805517.8432242487], [2031125.9453817601, 805654.6733311758], [2031092.6613275877, 805786.4125690031], [2031076.8962672516, 805862.839581513], [2031011.4196921722, 806214.775557423], [2030994.1316690012, 806332.6992060828], [2030981.5818253455, 806447.3515358415], [2030971.3912289299, 806569.6508319234], [2030960.5749775914, 806724.3470448462], [2030954.5320106763, 806842.6466770072], [2030953.0231554213, 806870.3103355943], [2030952.5956628493, 806995.1683535818], [2030955.3144894252, 807223.4103511699], [2030958.7590363477, 807324.247091766], [2030962.5490550105, 807378.1259210174], [2030965.168800428, 807419.6268222487], [2030974.5296740977, 807522.2896746584], [2030996.2123735114, 807726.1629545853], [2031005.609336348, 807794.6083557557], [2031021.1929665946, 807888.9057393384], [2031043.8326850834, 808026.5284955949], [2031060.6056174205, 808115.3669005955], [2031091.5248469266, 808258.0946335025], [2031095.6468859185, 808277.7560115007], [2031119.5165888362, 808370.970063928], [2031134.258357256, 808421.2202915066], [2031192.8947229236, 808655.7106361708], [2031258.0340283378, 808895.6684895845], [2031691.6086205104, 808821.1450165957], [2031741.3335866795, 808808.822206574], [2031785.1415699276, 808795.4006455075], [2031884.3034450863, 808763.1106838417], [2031906.20825693, 808755.8541366771], [2032115.1628915088, 808712.0353266766], [2032546.7023827594, 808609.4932089138], [2032929.4079821722, 808518.1869610893], [2032998.068934099, 808508.4353401618], [2033045.7135238335, 808504.8487331735], [2033101.0483869151, 808504.1830520877], [2033136.5515967598, 808508.9553522697], [2033193.6430180073, 808525.0366849226], [2033519.9527328461, 808588.7465312404], [2033666.3687785869, 808638.0564720011], [2034015.3976080872, 808756.4007234918], [2034035.3847728372, 809382.9004547725], [2034036.9927092623, 809527.4178822476], [2034239.0500479194, 809560.414535419], [2034415.0825042592, 809581.3692179346], [2034511.5422850833, 809582.5745960991], [2034582.259663345, 809583.7497905913], [2035278.507614672, 809575.4771693146], [2036424.824219676, 809556.4913149178], [2036641.13152984, 809549.4798459988], [2036981.670218839, 809577.5723095147], [2037336.409994931, 809606.7786159277], [2037409.1969228375, 809609.055186161], [2037506.55630818, 809600.8068430851], [2037568.117864847, 809588.5089674407], [2037601.8632041817, 809577.9955370185], [2037688.6031881717, 809544.6169948421], [2037730.351136176, 809523.5573256802], [2037764.1079584213, 809504.3076922431], [2037792.8329665961, 809486.1436865927], [2037871.0227708386, 809429.0936038378], [2037953.335598335, 809387.3374537571], [2037988.3030480875, 809347.3404865119], [2038080.1798328476, 809232.4296270962], [2038169.9900206765, 809114.6037472353], [2038288.5622900883, 808951.3137195143], [2038361.2022366677, 808840.746683412], [2038372.2494586688, 808765.0450631743], [2038393.8032213445, 808574.6914412477], [2038399.8635766795, 808465.8576694275], [2038402.987258092, 808339.9113990082], [2038403.067638502, 808278.3921650952], [2038400.1985497638, 808209.5888249953], [2038385.9456255122, 808021.0084935153], [2038380.3901904242, 807969.674606656], [2038356.3174039272, 807822.9436009185], [2038115.8041054297, 806634.1106767516], [2037937.6105641737, 805754.4126329868], [2037913.174589424, 805656.4604010895], [2037871.308203338, 805535.1886620162], [2037824.9887421713, 805424.8315992528], [2037768.9107703434, 805308.2737615041], [2037675.590418921, 805155.6303660179], [2037602.920616759, 805053.2483529138], [2037476.448100671, 804904.5678760192], [2037240.6290185023, 804634.894858925], [2036803.549840166, 804138.9168482624], [2036788.772638755, 804122.5176028541], [2036512.7400543403, 803813.8505692434], [2036426.4413424293, 803717.6430845106], [2036304.681743428, 803577.7096373413]]]}}, {"type": "Feature", "properties": {"precinct_code": "28", "precinct_name": "BAHAMA RURITAN CLUB", "county": "DURHAM"}, "geometry": {"type": "Polygon", "coordinates": [[[2038867.087707849, 859819.6972187563], [2038784.3890543417, 859812.307141677], [2038439.966842918, 859812.217574925], [2037996.9037526713, 860025.69549443], [2037484.0310907518, 860321.7280388459], [2037429.9360545885, 860352.9661653348], [2037175.425736846, 860499.7145595094], [2037144.092466177, 860517.8769247514], [2037029.127473012, 860566.8768267294], [2036922.497108845, 860565.2862787476], [2036615.668326168, 860508.1111962502], [2036540.3102091686, 860537.1406657533], [2036507.4818627525, 860570.2272137556], [2036425.6614883386, 860570.1255079217], [2036228.7963965079, 860684.91825734], [2035982.7053532598, 860717.7429948406], [2035917.0312720072, 860799.5715713307], [2035917.0050253412, 861062.0444715742], [2035982.7867179227, 861373.7436513348], [2036163.056698591, 861537.783677594], [2036327.241737677, 861570.7501470887], [2036409.252728507, 861652.7611379185], [2036540.4470199184, 861849.5061512584], [2036573.089343088, 861964.5836770036], [2036589.6185095005, 862210.3318731801], [2036720.7750713374, 862669.9152715962], [2036770.0328468392, 863194.5602196627], [2036819.384126097, 863407.9505409169], [2036819.1367512657, 863604.8963412379], [2036720.834126338, 863801.7197665222], [2036737.224513501, 864392.2156327612], [2036728.6182315038, 864425.3326925101], [2036751.3573592603, 864662.7164041008], [2036793.9445444187, 864851.3436515046], [2036834.8542395069, 864964.6117976735], [2036916.7845218498, 865101.9589639192], [2037011.6882034226, 865255.7043913554], [2037211.3488933453, 865476.2026380071], [2037253.5220373438, 865522.8534633205], [2037323.4169106774, 865600.1193849307], [2037471.0416154265, 865862.4180729231], [2037471.2109064301, 865961.0737155138], [2037422.0197318362, 866092.0662356662], [2037236.8675430869, 866311.7121218388], [2037077.2973241815, 866387.5948440867], [2036995.4933539184, 866387.4914978441], [2036946.1407623447, 866414.3684125824], [2036915.1109687532, 866431.0754001704], [2036771.5289068373, 866475.6720957689], [2036723.079200596, 866489.44503408], [2036564.4364732518, 866534.0240131855], [2036163.8942953355, 866605.2433589232], [2035737.0240860863, 866715.0249634922], [2035530.2308645092, 866773.0205824204], [2035329.9897951775, 866786.2479181676], [2034922.4673162538, 866773.018285831], [2034812.6243600834, 866760.145936252], [2034715.6757350867, 866831.383654659], [2034667.9691375948, 866967.1150104994], [2034670.3287129244, 866969.6661865299], [2034670.4684764298, 867101.0858711792], [2034736.0907205057, 867297.7465670854], [2034834.2542380856, 867445.3004058384], [2035014.7689689244, 867625.7167116674], [2035178.921527758, 867904.7702874222], [2035211.5625385924, 868019.4833125856], [2035211.6409505021, 868200.0488963532], [2035080.3301895114, 868364.0751430803], [2034916.320346921, 868462.5349199105], [2034522.6846512547, 868462.4328860024], [2033620.559815093, 868446.0943360032], [2033538.485176086, 868429.618319101], [2033390.9280565088, 868347.5403992465], [2033308.9275643374, 868265.5372824218], [2033079.0533521767, 868117.8394150946], [2032915.2147690959, 868068.8733056757], [2032383.97370559, 868058.0882222498], [2032340.8651960029, 868052.5800311733], [2032111.3958386772, 868068.7095920842], [2031914.33816193, 868150.7681549999], [2031734.0609634204, 868281.9923020005], [2031635.6894410115, 868315.0138895029], [2031094.0884900836, 868331.1805238494], [2031012.32454601, 868298.3298677582], [2030881.0531550045, 868167.1355763371], [2030749.7292706661, 868085.0878401829], [2030323.143181593, 867675.094893745], [2030109.9641460022, 867642.4755364229], [2029995.0050583337, 867724.2673675838], [2029683.4184111801, 868052.3169083418], [2029437.2814362654, 868199.8704190113], [2029224.1548940092, 868413.3506350827], [2029191.2297629993, 868560.7551959063], [2029158.4184769252, 868593.8506021504], [2029027.257321926, 868642.8662521661], [2028945.1643102632, 868642.7852155725], [2028732.0446577505, 868856.2690405858], [2028196.504718334, 869337.0147982623], [2027911.6768759184, 869512.2112982648], [2027831.058926924, 869516.1391119171], [2027825.7006699275, 869561.6396770923], [2027812.6065359998, 869668.292022847], [2027785.7155136783, 870000.638471004], [2027783.607578263, 870043.9579381741], [2027795.5117539172, 870257.6628913482], [2027821.6209536784, 870437.5257205801], [2027835.3997975143, 870542.3834505134], [2027867.0913351786, 870751.0109859991], [2027875.8859370064, 870818.0036341702], [2027927.2503355884, 871142.4160430784], [2027945.432057752, 871273.8534442486], [2028030.2294603437, 871834.5632808357], [2028036.1083855915, 871862.236453841], [2028040.4935474263, 871908.1103778352], [2028087.4386635132, 872218.3213715967], [2028094.7844493391, 872255.8252335942], [2028102.3999196724, 872319.9045017514], [2028142.8621090946, 872615.547939343], [2028145.6580352627, 872778.6427575033], [2028122.1639877562, 872954.4540856886], [2028043.9115195882, 873273.2831724302], [2028024.9512556775, 873340.2492458388], [2027981.3850698462, 873512.401132512], [2027906.4167158436, 873796.2854072547], [2027880.3039071702, 873933.869777755], [2027870.5211183417, 873975.7256651637], [2027839.3502489182, 874154.8066718465], [2027796.2030255045, 874510.0746620949], [2027781.352661506, 874603.2562342604], [2027777.4839028432, 874635.6528230039], [2027763.5013192587, 874748.1296321823], [2027735.566663848, 874940.6837090155], [2027718.3045592604, 875087.0141250046], [2027709.0611394192, 875183.4775147587], [2027686.7718139307, 875338.9043692675], [2027668.023819922, 875496.1547109169], [2027658.7928672591, 875579.8766563338], [2027640.36311409, 875713.1001431857], [2027635.8913382587, 875758.9658650912], [2027617.1659820091, 875892.5535244226], [2027600.2024332571, 876036.6998896822], [2027590.9944464266, 876096.3949802502], [2027584.122412921, 876183.3954624247], [2027572.8251914245, 876267.1157674238], [2027566.2116875933, 876393.069583783], [2027567.039769917, 876454.2302225855], [2027573.1286685036, 876572.1873357531], [2027580.6667111686, 876718.1772012637], [2027594.183088347, 876785.9027876147], [2027614.725698172, 876915.8867795717], [2027641.1711833472, 877047.3327109324], [2027658.81517692, 877120.1590088478], [2027673.8062886745, 877188.9780969161], [2027694.9693040836, 877286.56254741], [2027737.6342450096, 877435.1341006745], [2027749.984614016, 877486.4765176828], [2027785.59576325, 877601.549450249], [2027804.9923780132, 877693.3077969202], [2027812.6327826674, 877730.0836420141], [2027836.1740741718, 877809.4683257511], [2027867.0434350083, 877943.4674015834], [2027904.9941465098, 878080.7492792687], [2027985.042870925, 878338.9354426751], [2028027.6982974254, 878494.4246330203], [2028053.0223937621, 878560.3414959157], [2028083.32712318, 878665.580458673], [2028125.4274326714, 878783.2081761609], [2028142.185929343, 878853.4855946676], [2028164.562853097, 878913.9392139134], [2028223.0715943428, 879157.907558005], [2028242.7523292594, 879258.7679205791], [2028248.2464127552, 879377.8168950647], [2028252.721141339, 879635.2031913409], [2028256.3238244199, 880184.9199396604], [2028256.220806254, 880597.7511350076], [2028256.4780235896, 880637.0686416768], [2028258.577756925, 880908.6511037586], [2028259.5889097615, 881390.2889199856], [2028261.1774892493, 881579.5959560815], [2028262.9383125005, 882508.28766826], [2028265.0557623354, 882760.9400501058], [2028266.1154715102, 882886.174379678], [2028266.6636987615, 883235.6628539253], [2028268.654836507, 883619.373372586], [2028267.9592998489, 883728.5877210955], [2028268.6010308412, 883980.8752742623], [2028274.2424237586, 884557.9003669121], [2028271.9947248402, 884746.112588924], [2028276.8244395854, 884940.5200085053], [2028291.8135828387, 885311.1383617559], [2028301.961856513, 885498.6343778392], [2028324.481496513, 885711.2619053386], [2028343.5063928377, 885874.7392686709], [2028404.2306808396, 886253.0472390961], [2028418.3215319198, 886330.2396700059], [2028506.1451751736, 886759.177788509], [2028538.4476039994, 886923.7604645755], [2028650.0822232517, 887444.099318927], [2028686.798357174, 887620.336499252], [2028723.2185599203, 887796.937195936], [2028759.3461123395, 887970.6254968338], [2028814.840752005, 888255.3690218237], [2028834.198981003, 888375.5252775915], [2028844.1248141686, 888484.7507809092], [2028846.1356369248, 888540.4527692551], [2028846.0877367568, 888589.2354800885], [2028844.5972541738, 888604.5241634214], [2028837.143528924, 888682.0600975987], [2028832.9516081822, 888743.5809719246], [2028822.560880931, 888806.9158190059], [2028799.1524631667, 888904.4589310011], [2028774.8697033369, 888990.715320169], [2028740.550546259, 889080.9667800928], [2028723.3963810955, 889120.267554501], [2028700.0365196767, 889169.0276275884], [2028666.0365876716, 889234.8880601652], [2028627.0232142508, 889297.4670032553], [2028541.3268633327, 889420.7971371718], [2028481.64719267, 889494.2776332488], [2028467.173140257, 889509.553849444], [2028308.2505578396, 889680.1407785916], [2027820.295497, 890176.9695093342], [2027871.2940826728, 890230.1698622601], [2027886.0279770943, 890251.2987569988], [2027930.204726011, 890340.8979872622], [2028043.280615344, 890586.0139668421], [2028107.4697914263, 890729.5123675042], [2028190.2078149172, 890914.8948707462], [2028244.377326012, 891043.8221063288], [2028286.7617556746, 891153.8071225936], [2028429.0049095023, 891134.6500086837], [2028500.4188086705, 891128.1664258405], [2028548.5154972514, 891128.2133417643], [2028604.5750964305, 891132.2727168346], [2028719.638842674, 891146.9472281703], [2029063.640779347, 891199.3464015854], [2029430.9464751794, 891257.597597414], [2029701.4921939233, 891291.3636060203], [2029799.735107674, 891306.7536670851], [2030100.0684965125, 891353.6594131738], [2030292.1265113342, 891385.1662399189], [2030390.0728377537, 891401.2859583234], [2030583.9038149265, 891429.8839982618], [2030763.8657253399, 891458.4685867609], [2030999.8895315102, 891488.2057320062], [2031139.1461427528, 891502.915676337], [2032016.0029848353, 891582.4965539365], [2032031.6397645904, 891583.9696480928], [2032295.6910737613, 891615.2041656673], [2033063.091113762, 891677.2214300999], [2033118.555241674, 891684.9294199159], [2033146.2848450106, 891690.7857074435], [2033169.874364764, 891704.6462440101], [2033189.6207163353, 891725.0556520082], [2033206.4139898422, 891747.6461580116], [2033237.0477868475, 891794.2795949297], [2033255.0224884306, 891815.7792238562], [2033274.4735650115, 891836.188303752], [2033295.402000844, 891854.7788177371], [2033318.6939490158, 891870.8237331816], [2033344.3530184194, 891881.0464817501], [2033372.3785529304, 891885.8112360011], [2033400.1153740888, 891885.1147150901], [2033428.1510791783, 891881.141954006], [2033455.304568173, 891874.619985416], [2033483.936400668, 891865.5514340114], [2033495.4475325062, 891862.2879890967], [2033521.425170838, 891851.7601229986], [2033528.508818091, 891849.9481187586], [2033536.1843276774, 891846.6804087624], [2033587.7170330125, 891937.0247162598], [2033580.7987397625, 892052.0579507542], [2033653.3281222566, 892100.92432285], [2033768.0618166786, 892396.3043094989], [2033817.434749425, 892822.668942332], [2033866.5573545853, 892953.7851499112], [2033866.5868820853, 893183.5035224955], [2033800.8015805914, 893429.528292924], [2033620.369526759, 893823.2279648272], [2033620.6077152647, 893872.7396768379], [2033390.9280565092, 894250.0020456552], [2033308.6828141802, 894446.8622162407], [2033210.357879596, 894774.7641195102], [2033255.1524094185, 894819.5937542678], [2033144.6372105037, 894971.6436470062], [2033079.0461343376, 895315.9657929988], [2033072.9450966713, 895493.2541523379], [2033062.8722821758, 895791.7683190684], [2033078.9870793389, 895890.4456151823], [2033111.9929188357, 895923.2477149136], [2033128.4567966776, 896234.8983383281], [2033095.6353400038, 896300.3913175942], [2032865.8333061778, 896546.5985023393], [2032783.8397037543, 896791.1521470944], [2032783.9876693333, 897186.153325585], [2032898.5812721716, 897333.7248808448], [2032898.7663111703, 898481.9597890787], [2032816.7953465125, 898974.0729780882], [2032587.0586012602, 899712.4888240843], [2032570.4877682617, 900024.1036864248], [2032521.4114228343, 900122.7088041727], [2032455.7297956813, 900565.3299661698], [2032341.0482664986, 901041.0271775144], [2032308.2389489254, 901369.3713370916], [2032390.1134570832, 901484.1401364065], [2032587.0421970955, 901582.654375096], [2032734.6557470115, 901730.2626756665], [2032780.0808530012, 901729.94935609], [2032816.6565672618, 901729.9903665007], [2032915.2301890103, 901680.9530629986], [2033111.8442970975, 901533.3670720953], [2033259.6419017627, 901516.7880370017], [2033423.536259012, 901352.7844279974], [2033554.7971513413, 901352.9343620893], [2033669.7785486735, 901402.2141191637], [2033817.3875054265, 901549.8279971777], [2033850.0340936796, 901631.7789487606], [2033850.1964949227, 901746.4575251751], [2033817.3793033368, 901812.3140207537], [2033685.9501042513, 901959.9702215033], [2033595.002123429, 902046.5117150815], [2033357.891049089, 902271.5929578397], [2033046.2086015947, 902714.2990934239], [2032980.5804520098, 902845.6505367656], [2033022.4255126696, 902879.9191690144], [2033161.2201825962, 902993.2985354123], [2033226.6409835056, 903305.0072295725], [2033226.6380307514, 903567.493909339], [2033161.2874396741, 903715.2278658514], [2032849.4937719253, 904010.4926952595], [2032734.57766317, 904174.5550311672], [2032687.5416680146, 904300.4668528421], [2032667.6493193354, 904418.0361715007], [2032636.1638180034, 904617.1417444247], [2032655.574212252, 904667.0396105034], [2032830.5541772551, 905119.0334571841], [2032833.4209694266, 905192.5769452506], [2032836.920962424, 905227.5306155054], [2032849.5150973347, 905568.6690408381], [2032851.8700795034, 905572.6762506664], [2032890.5071413366, 905571.2635238315], [2033718.393280834, 905548.1772839259], [2033916.5907190884, 905542.581166501], [2034056.6855832625, 905538.7393106679], [2034259.601844088, 905533.1510672527], [2034396.1576733426, 905529.3065867511], [2034522.0957416762, 905525.8141396753], [2034535.368024841, 905525.465715178], [2034704.9569245123, 905520.5693995043], [2034958.8976895944, 905513.5904108423], [2035080.7068291765, 905510.0953390936], [2035099.2878287581, 905509.7534762578], [2035322.2604799264, 905503.4687119315], [2035467.370097844, 905499.2754788585], [2035573.2524320055, 905496.4913636595], [2035631.0603872538, 905494.741367163], [2035776.1696770922, 905490.5494464242], [2035963.455391765, 905485.3181576646], [2036148.6764780118, 905480.0852284966], [2036350.4139354227, 905474.5101084277], [2036538.2895439267, 905469.2830847496], [2036625.591206596, 905466.8437851662], [2036645.9422157567, 905466.1410306724], [2036749.1703557528, 905463.357899752], [2036881.8925312597, 905459.884153415], [2036945.8933875125, 905458.5088280855], [2036983.9415397637, 905456.7365219222], [2037570.86917168, 905440.3730375875], [2037757.5656486764, 905435.152247506], [2038220.0299468336, 905422.2821945165], [2038673.9417686758, 905409.4078764131], [2038819.0517146725, 905405.5952199876], [2039187.137264593, 905394.7996379208], [2040153.065450847, 905368.0759380914], [2040233.8789375112, 905366.0024514147], [2040737.0475505888, 905351.7718368274], [2041268.2361207604, 905336.861105497], [2041903.8342590034, 905319.1967707607], [2042309.3780673447, 905308.4943643326], [2043704.4412220868, 905277.778218411], [2043972.5410795966, 905272.3546728239], [2045130.77039042, 905247.1765735863], [2046064.2570405025, 905226.786850587], [2046400.197313503, 905217.8518290877], [2047575.8298047623, 905194.2541072418], [2048437.0590534192, 905175.6432520909], [2049136.0711068367, 905160.7892791721], [2049308.0222064995, 905157.0737354156], [2049507.99326326, 905152.6784029994], [2049532.4732011706, 905152.3555690139], [2049557.2484140832, 905151.6695467577], [2049729.1850780826, 905156.6938149164], [2050347.0946034212, 905140.2748845092], [2050708.1165191669, 905125.6075910067], [2051072.6758294262, 905112.0426575053], [2051334.0102805037, 905097.9373707674], [2052112.0989474203, 905065.4544960884], [2053202.5508347617, 905017.9034100984], [2053275.1100728372, 905014.7587313344], [2053352.6797995877, 905013.4437733539], [2053518.4455441672, 905006.1009402589], [2053991.560411587, 904983.3057102626], [2054208.9438350948, 904973.8779075899], [2054269.1139903376, 904971.8050770941], [2055082.6080982522, 904935.8258183461], [2055421.810503842, 904920.811412676], [2055869.5576398366, 904901.2750344294], [2056802.8090541805, 904860.4759034183], [2057083.9056048382, 904848.2803897515], [2057947.8448218415, 904810.2949014164], [2058298.2584910856, 904794.9720974275], [2058299.22338417, 904162.2371424219], [2058299.8113095027, 903866.9857644252], [2058300.1279099272, 902967.3947158465], [2058301.5803348422, 902830.511459427], [2058301.5596655903, 901952.036182264], [2058302.1331552567, 901367.7230464198], [2058304.72632593, 900954.1576005768], [2058304.4566414196, 899311.8905439182], [2058301.864783094, 899132.0408380002], [2058296.8785725841, 898821.125449346], [2058287.1551668346, 898222.5958064978], [2058263.8829036816, 896871.5338760889], [2058260.144394084, 896674.571999674], [2058227.9016764332, 894788.6968344148], [2058210.7471831753, 893474.058715679], [2058209.4948890968, 893213.3928984314], [2058184.7849647542, 890502.2306698489], [2058180.7337917525, 890016.2109725892], [2058179.5057758389, 889891.7023633404], [2058166.5166285923, 888408.1600548356], [2058163.1636169264, 888016.0686474212], [2058159.3289789252, 887569.3684253411], [2058156.9474220118, 887282.4903901672], [2058154.2394221737, 887011.2661950891], [2058152.4323391756, 886880.9321381846], [2058148.3204707499, 886573.6640519141], [2058143.1744836732, 886192.4912578214], [2058138.0380110135, 885806.5861897579], [2058133.919909002, 885502.2311554173], [2058132.1413692534, 885357.335119754], [2058121.8572690946, 884590.6227424396], [2058117.788707674, 884112.25165193], [2058109.6588026744, 883449.2992376618], [2058080.1785466685, 881496.1118711003], [2058059.3475515833, 879942.6720645878], [2058050.5985533434, 879292.8275637538], [2058040.0552673354, 878505.3698210861], [2058030.3026621784, 877765.604568328], [2058020.5152801725, 877042.9501737467], [2058012.793182759, 876469.9240888365], [2058012.5189050874, 876459.3660390846], [2058005.085849093, 875889.2533341787], [2057991.933316336, 874927.0511903318], [2057983.9615475102, 874330.362751173], [2057978.2958764292, 873910.9702172565], [2057975.4792810068, 873842.1599874253], [2057965.195837005, 872921.1031025021], [2057952.559379339, 871994.9458341027], [2057948.6961980923, 871708.7984405056], [2057942.7959474185, 871258.0988825744], [2057933.6860575078, 870638.4761061078], [2057935.7001610827, 870515.7972175871], [2057919.8507833348, 869570.705931926], [2057912.7746820007, 869116.7288214924], [2057914.165099173, 869010.7946501673], [2057907.8734450953, 868608.1494580918], [2057902.8458960957, 868312.9000485823], [2057893.818683179, 867650.3226335972], [2057891.7819418467, 867485.4069529274], [2057860.0562835054, 865155.833200015], [2057853.8417289997, 864713.1454370861], [2057853.0809037557, 864649.8004194289], [2057846.909000082, 864185.2705085801], [2057844.8387942608, 864037.1015135932], [2057838.4477309277, 863533.9827691832], [2057834.0852068365, 863200.148135013], [2057829.7554910919, 862849.5674713455], [2057825.405106098, 862509.544201244], [2057820.5169925096, 862142.5810244335], [2057815.6515166755, 861763.9685926734], [2057811.8359075056, 861451.9780749244], [2057807.2227277611, 861095.2091034232], [2057802.6249679183, 860730.4312896716], [2057797.4960411782, 860335.4373290003], [2057792.888110757, 859975.7562898292], [2057783.4265155066, 859230.9116509233], [2057720.201248257, 854583.4665494849], [2057707.5116410842, 853525.1838891626], [2057704.8535099186, 853374.4669990086], [2057693.9896865028, 853339.8620813255], [2057688.4083328387, 853323.4693975926], [2057682.5287514168, 853308.5324195832], [2057673.4162368462, 853284.8520207442], [2057659.2853595894, 853258.9777286651], [2057651.629863084, 853245.4931755951], [2057617.4337372624, 853206.4738966688], [2057581.4285599308, 853186.017244668], [2057520.3538789283, 853142.940887261], [2057521.8410806812, 853137.847393502], [2057523.0326793334, 853132.7532435992], [2057533.753458427, 853089.8179620098], [2057542.687823758, 853053.795724336], [2057560.3433002534, 852939.8865033333], [2057576.503701001, 852835.075689361], [2057589.9731622627, 852746.6411549071], [2057603.4432796694, 852657.8424480015], [2057619.3005314171, 852557.0352349338], [2057623.491467923, 852529.3768256742], [2057644.354615166, 852437.3163142437], [2056914.3491854242, 852851.2570874161], [2056911.0880370869, 852857.0753172619], [2056615.6499796794, 853152.4658025888], [2056468.0282276713, 853250.835356514], [2056041.5441725117, 853480.453007501], [2055696.9221583446, 853546.0513015063], [2054302.595550672, 853595.1299435163], [2053810.6690410976, 853595.31531058], [2053482.6585422612, 853628.206977082], [2053088.853227513, 853611.4737428474], [2052957.6139886677, 853480.5471674182], [2052711.5026042627, 853480.4677712513], [2052596.7777680922, 853365.590048255], [2052498.125734418, 853349.0316824154], [2052153.7068038445, 852972.0025808408], [2052022.4567382631, 852676.5356520758], [2051934.0123613463, 852567.1677606064], [2051743.5593301796, 852332.0274828434], [2051727.2732735132, 852184.5638670048], [2051825.837380841, 852086.083749004], [2052038.868450836, 852086.0968723411], [2052285.053325923, 852217.2239066726], [2052514.6293103406, 852217.2701664246], [2052563.7643826772, 852168.2131779239], [2052547.363824918, 851922.0949037499], [2052449.1179584267, 851675.8303044264], [2052449.1740606735, 851479.2506451], [2052514.7671053403, 851315.1876530021], [2052514.7362655108, 851167.388736008], [2052498.2776370049, 851118.2142936725], [2052416.2820660914, 851036.1596677543], [2052186.7257666744, 851019.7325352632], [2051989.705163346, 851151.16403092], [2051809.3784242577, 851200.3538931869], [2051464.8837064214, 851183.7295825965], [2051064.784441008, 851028.6790396818], [2050956.4168755873, 850986.9904747648], [2050808.553654253, 850888.4440839203], [2050644.5510295036, 850724.3443465118], [2050677.3367250853, 850560.5845034375], [2050661.1182535877, 850199.4329947411], [2050562.595812842, 850100.9732179248], [2050382.1099533427, 850068.2636376743], [2050185.2166463449, 849953.6188538371], [2050136.1658914248, 849953.5348645053], [2049939.243713095, 849854.9094056007], [2048840.2665803418, 849888.0064522673], [2048512.0881028476, 849822.2992345808], [2048331.5192382643, 849658.1850614961], [2048315.1626436696, 849362.9254814293], [2048151.1377092586, 849198.8398515992], [2048069.28518267, 849199.0695099275], [2048036.243254005, 849166.2523183532], [2047773.8700910944, 849149.8061570117], [2047626.309034511, 849034.894969503], [2047429.3455176812, 848952.6680998353], [2047035.795451762, 848919.9992019305], [2046863.3161379234, 848862.5695267646], [2046674.8188115058, 848657.6811570087], [2046674.8886932589, 848427.9752515898], [2046887.9919415854, 848214.6265969272], [2046970.194533096, 848181.9947724165], [2047012.223648502, 848139.8340955847], [2047085.0348545911, 848067.143952257], [2047052.0053930886, 847656.8235786641], [2047166.8480111826, 847541.9730866067], [2047330.8565414269, 847542.2371936748], [2047757.6043755843, 847706.0163936735], [2048003.4421385094, 847722.4353240761], [2048151.1167119287, 847591.2607176724], [2048265.8572960936, 847361.7434601804], [2048544.720255419, 847066.2433949958], [2048594.2070330975, 846984.4174431647], [2048577.7700580948, 846738.3031060073], [2048495.5910885944, 846574.3516622495], [2048413.5712395008, 846492.308191158], [2048249.6647431692, 846426.5120629236], [2047855.785937755, 846393.8320101644], [2047544.0647764204, 846541.4868985658], [2047101.3468298453, 846557.8825350876], [2047019.2183851746, 846541.3691166844], [2046756.7084114987, 846410.261439245], [2046478.0724858341, 846196.8586508301], [2046314.0196643465, 846032.7838477523], [2046215.353851171, 845819.6681322582], [2046199.3355105082, 845482.1835710127], [2046182.748273343, 845130.5008754323], [2046149.8031292574, 845032.159864743], [2046108.4918601825, 844991.3233322587], [2046035.1088048385, 845048.72544843], [2046018.6744545114, 845163.3702322532], [2045903.8525056685, 845261.8434604857], [2045756.110347094, 845245.5951334197], [2045690.603916421, 845179.9669838491], [2045608.4813772573, 844966.5153110045], [2045542.9483718413, 844917.2690184236], [2045411.7038836773, 844933.8113081881], [2045050.8200910098, 845146.9424435996], [2044985.1102486697, 845212.731682084], [2044985.1798023444, 845360.1654423292], [2045083.45946142, 845639.1665247635], [2045083.5277027632, 845786.9641294233], [2045018.065235256, 845885.1529094218], [2044968.7113313393, 845885.4412946815], [2044886.6550649994, 845819.7895231001], [2044771.9948612591, 845622.671807099], [2044657.2083454297, 845507.826236253], [2044624.1336084316, 845491.3945105782], [2044460.088332848, 845507.8908686743], [2044328.9941068445, 845622.7272531624], [2044296.0906293404, 845688.5676726707], [2044296.1883981691, 845819.6199040143], [2044263.2859049279, 845885.0964790892], [2044247.104178758, 846032.86980559], [2044148.4468957637, 846196.90064551], [2043984.4803601808, 846360.8337165845], [2043820.317630751, 846459.2413281731], [2043705.6548023375, 846459.4342411815], [2043525.2365280103, 846360.8766955057], [2043377.498962596, 846344.6405075077], [2043279.162217005, 846295.3505798433], [2043185.7611570954, 846305.7698503437], [2043131.3757671702, 846311.8784339317], [2042967.4873154329, 846426.6728237539], [2042885.5078205895, 846508.4607179171], [2042819.6624798486, 846672.5437230974], [2042803.5129058377, 846803.9368330075], [2042688.6364951723, 846951.5671151709], [2042672.0489299297, 847181.2487424075], [2042737.6783918433, 847367.0019798324], [2042770.6402681775, 847459.8787625983], [2042737.8234046719, 847673.1552389227], [2042787.1018494216, 847722.3720040076], [2042868.9337067618, 847738.8729552594], [2042881.0321077562, 847750.9037710978], [2042950.9653668404, 847820.9006783406], [2043016.6233720023, 847984.8124240034], [2043115.1054585122, 848132.7553695948], [2043131.0345605034, 848353.0200209203], [2043120.9430452592, 848383.2200917691], [2043112.6159621766, 848419.2472506774], [2043098.6661869285, 848460.7264984227], [2043016.7949595884, 848673.9311245157], [2042983.6260626763, 848723.7551718293], [2042951.0496842563, 848772.4883421032], [2042869.1085751785, 849034.8378830174], [2042754.2406946728, 849182.4684932457], [2042491.7933849262, 849215.2141626768], [2042179.9865938434, 849051.3125875854], [2042130.9345265937, 849051.2420496789], [2042065.310970173, 849067.5294186636], [2042049.9232056728, 849082.7967765799], [2041983.3409897517, 849149.6837819422], [2041950.3997826742, 849248.2902120105], [2041966.736692249, 849395.7479223452], [2042032.5374136714, 849461.3685260175], [2042245.5166465049, 849510.4553700837], [2042458.9197630135, 849674.57938567], [2042475.4197300058, 849707.3663935908], [2042458.9775056692, 849838.7595035054], [2042431.4408153433, 849877.6714991775], [2042414.2777919157, 849894.756438754], [2042360.4380045817, 849936.9066169123], [2042311.3632995936, 849953.5814523408], [2041934.0494216671, 849937.0221022506], [2041851.950832589, 849904.1415905938], [2041556.8050974298, 849871.3227585691], [2041376.354014756, 849805.9055666019], [2041146.648109346, 849674.5295170037], [2041081.0488310906, 849674.8014980861], [2041031.6565414206, 849707.4956584286], [2040966.2390213478, 849789.3120958369], [2040916.9815739235, 849937.041787268], [2040851.2461410898, 850035.6039260854], [2040851.1778997642, 850084.7485128369], [2040605.2430241716, 850576.9476596653], [2040605.3119216722, 850740.7639330907], [2040670.8173680895, 850806.3809278534], [2040818.4650386707, 850872.1127517407], [2040900.4937460131, 850954.1348974203], [2040916.9487655903, 851019.6846350888], [2041212.144369425, 851430.0023840134], [2041245.0990279159, 851528.3384734215], [2041228.7099530844, 851626.605337262], [2040966.2610029266, 851889.0720039136], [2040903.6358000936, 852091.0246840119], [2041080.965169847, 852266.3740708304], [2041392.7201237525, 852447.0105205927], [2041572.9520467527, 852446.9015969206], [2041704.277571515, 852348.4339460898], [2041819.2123810055, 852348.5976596674], [2041868.4845921716, 852397.812784344], [2041933.912939012, 852512.5779747679], [2042130.775734262, 853070.2005471741], [2042262.1708126827, 853332.8601268294], [2042557.2532277545, 853791.9737099385], [2043000.367827089, 854234.9252518472], [2043000.2231423429, 854333.579253997], [2042901.944467499, 854464.4890971794], [2042705.1020134243, 854923.9812884163], [2042523.8651711792, 855220.0446726717], [2042557.22632493, 855235.7467410159], [2042409.849979252, 855613.0406058488], [2042409.5894810858, 855793.2390643336], [2042442.6297693392, 855826.0503504322], [2042442.3922370074, 855990.2311244253], [2042508.1634309296, 856269.1797134968], [2042524.5744873418, 856564.438637429], [2042557.2948943388, 856613.6314524245], [2042557.4333455104, 856925.24861135], [2042670.0486058437, 857086.317186822], [2042676.24478768, 857091.4228196722], [2042836.2431553463, 857171.3806650003], [2042934.4959115845, 857253.4329943566], [2042951.0057210906, 857679.7467742497], [2042983.7481096692, 857712.5580603342], [2043082.2761278455, 858007.9383750852], [2043213.56261067, 858122.8039590135], [2043689.2381685087, 858073.6354221725], [2043771.238332585, 858155.6664260939], [2043771.1159575144, 858237.5750549273], [2043705.6361015902, 858368.8953303368], [2043492.335019007, 858581.9054030082], [2043110.8111757631, 858892.9595709279], [2042688.4481753423, 859057.9799101789], [2042623.0706814225, 859123.4118659104], [2042623.0798677502, 859320.3573381804], [2042442.5579190834, 859549.8043858403], [2042212.7440742562, 859549.836866102], [2041950.3194022607, 859632.0972002681], [2041802.7793430076, 859730.5412290837], [2041458.164874764, 860074.797758418], [2041442.4847879997, 860092.2494951799], [2041431.5376314225, 860104.9755195859], [2041403.4313884247, 860136.6073460827], [2041383.0173872546, 860159.5128120898], [2040851.167401089, 860484.9468725073], [2040588.8464034183, 860714.6560587664], [2040457.6301304263, 860763.9843721732], [2040375.514809087, 860763.8711834245], [2040217.5456368478, 860721.4254021777], [2040129.5543430017, 860698.370330181], [2039981.9545725887, 860632.6414589944], [2039817.8794414261, 860517.745363329], [2039571.8638573433, 860271.6854879981], [2039391.4639556704, 859992.9517935186], [2039387.0643581734, 859969.6473781762], [2039375.0325580852, 859910.6570105802], [2039325.769205168, 859861.4454948412], [2038867.087707849, 859819.6972187563]]]}}, {"type": "Feature", "properties": {"precinct_code": "29", "precinct_name": "GLENN ELEMENTARY", "county": "DURHAM"}, "geometry": {"type": "Polygon", "coordinates": [[[2038621.648894251, 831063.2570283519], [2038890.6381856785, 831344.641636176], [2038941.1141345957, 831408.4134902514], [2038964.1327893443, 831441.5705761742], [2038990.392579346, 831483.104613839], [2039024.605765508, 831546.8551424977], [2039038.4587561795, 831579.6359168683], [2039057.2956607628, 831644.4579656563], [2039064.6440712526, 831676.8663654168], [2039067.5646690878, 831704.172413172], [2039067.2388823496, 831726.7415937542], [2039064.5413811794, 831754.0400955878], [2039059.4738060103, 831784.9757292664], [2039049.6746130139, 831816.6331462566], [2039036.3350727553, 831842.4615066533], [2038925.2385101777, 832008.6747569314], [2038870.4390790907, 832085.0479637446], [2038847.929609672, 832114.1404252418], [2038827.4978920084, 832137.4113760951], [2038758.5206677604, 832203.2091447564], [2038709.683495089, 832242.8238949223], [2038677.1287701717, 832266.8067865622], [2038635.6987349228, 832294.7824524196], [2038592.2014465937, 832320.9352872568], [2038555.5158244213, 832338.7242936799], [2038470.612450928, 832375.0158877538], [2038431.8625284284, 832388.7980124182], [2038395.184780254, 832400.3990391004], [2038356.4414194229, 832409.0850453468], [2037987.6550835073, 832481.4110161624], [2037628.0399890854, 832550.4771510054], [2037041.5998890118, 832662.5799451699], [2036895.8045769173, 832689.6986573276], [2036841.3742395935, 832712.5640971699], [2036848.3745536814, 832788.6548242598], [2036855.6931085873, 832846.9083166734], [2036875.396153166, 832931.3878065035], [2036890.6884454198, 832996.568122337], [2036940.417676671, 833184.833493846], [2037090.7753155963, 833756.5482296762], [2037163.7462982542, 834033.3025974192], [2037195.2337680918, 834149.103546917], [2037240.845553504, 834317.3427117624], [2037256.7343012558, 834377.0637209164], [2037313.225986169, 834591.1846837656], [2037472.9871495978, 835196.0407575086], [2037437.789713427, 835209.1010988381], [2037406.7212060085, 835230.1752036667], [2037392.5138853337, 835243.2621197541], [2037381.8554420925, 835255.625612089], [2037326.7672976716, 835334.1858224298], [2037108.4422750047, 835684.1053981674], [2037079.115233928, 835731.3920489965], [2036894.8649462613, 836024.2037993355], [2037339.776458011, 836495.0932774986], [2037384.9456590111, 836542.8385888498], [2037410.6276942645, 836571.9937142762], [2037434.2368990052, 836603.6944382432], [2037438.3677962557, 836609.8883235018], [2037451.0544506747, 836629.5621686748], [2037473.467791676, 836671.8179896789], [2037492.0281220083, 836721.7138872658], [2037578.8327384295, 837036.7109606668], [2037585.304510249, 837061.4733783455], [2037644.727947847, 837288.7045511674], [2037708.8761135058, 837518.8540252608], [2037736.5282891674, 837624.0943003428], [2037826.8384760008, 837967.4912513326], [2037837.7219844323, 838009.3687922414], [2037893.9062552622, 838223.4913955039], [2037901.5538777546, 838252.9877275802], [2037916.264806344, 838306.8832890878], [2037937.742453678, 838385.1777519291], [2037946.2739326793, 838416.8594470876], [2037968.0465269247, 838495.8822549253], [2037984.5225438487, 838555.968748935], [2038021.298717008, 838690.3438082498], [2038045.4410571745, 838765.0014673342], [2038071.070927173, 838832.3802695731], [2038084.0380928356, 838862.6115083448], [2038135.9231596747, 838970.4321588511], [2038212.5903291712, 839115.0522764154], [2038260.0630032571, 839205.7578036824], [2038330.2449495054, 839335.8087246731], [2038586.1965373466, 839810.4767385917], [2038700.5831195845, 840039.6032488276], [2038806.9661089187, 840284.3727724253], [2038841.4164993446, 840384.8912721822], [2038881.4613667573, 840501.4343461714], [2039275.1262618452, 841643.5626393326], [2039399.3681393429, 842007.7613860035], [2039551.8691466767, 842454.9983524244], [2040280.4848154185, 844568.8366444254], [2040375.5394153448, 844863.4702415061], [2040531.8826065972, 845288.8771990841], [2040549.550550253, 845335.1336682644], [2040561.3280857503, 845366.8209408433], [2040933.3473548437, 845196.2418856774], [2041142.7075004298, 845109.8946174233], [2041261.4835095862, 845130.811570322], [2041294.3344937556, 845097.7305997538], [2041347.8265127544, 845097.8060589227], [2041491.1611998372, 845098.0081582564], [2041524.0125120888, 845064.9278438368], [2042557.2082803396, 845064.9521220006], [2042672.219533265, 845032.3560585777], [2042967.3026045107, 844736.8274501711], [2043262.667499335, 844654.9900154206], [2043344.6296057552, 844589.2211180927], [2043361.1459769302, 844212.107042917], [2043377.4737001795, 844162.9864062504], [2043525.1705832628, 844015.0437887611], [2043738.455261678, 843883.9449695915], [2043951.6441397532, 843818.3735784276], [2044082.8436805, 843834.5877848373], [2044110.2885075067, 843861.9315621724], [2044181.4087720946, 843933.024923917], [2044361.8851171723, 844392.3432310097], [2044492.9074929217, 844523.5936246612], [2044706.433968754, 844622.2072725906], [2044804.8494543417, 844621.9933622539], [2044985.0285559278, 844687.7953959873], [2045165.5787197517, 844704.0899828286], [2045690.4582474234, 844704.1746283321], [2045871.110445173, 844654.9480207594], [2045916.6234775025, 844655.0192148421], [2046018.5855439317, 844654.8151470071], [2046117.141121088, 844753.258847753], [2046133.459001838, 844901.0820429109], [2046108.4918601825, 844991.3233322587], [2046149.8031292574, 845032.159864743], [2046182.748273343, 845130.5008754323], [2046199.3355105082, 845482.1835710127], [2046215.353851171, 845819.6681322582], [2046314.0196643465, 846032.7838477523], [2046478.0724858341, 846196.8586508301], [2046756.7084114987, 846410.261439245], [2047019.2183851746, 846541.3691166844], [2047101.3468298453, 846557.8825350876], [2047544.0647764204, 846541.4868985658], [2047855.785937755, 846393.8320101644], [2048249.6647431692, 846426.5120629236], [2048413.5712395008, 846492.308191158], [2048495.5910885944, 846574.3516622495], [2048577.7700580948, 846738.3031060073], [2048594.2070330975, 846984.4174431647], [2048544.720255419, 847066.2433949958], [2048265.8572960936, 847361.7434601804], [2048151.1167119287, 847591.2607176724], [2048003.4421385094, 847722.4353240761], [2047757.6043755843, 847706.0163936735], [2047330.8565414269, 847542.2371936748], [2047166.8480111826, 847541.9730866067], [2047052.0053930886, 847656.8235786641], [2047085.0348545911, 848067.143952257], [2047012.223648502, 848139.8340955847], [2046970.194533096, 848181.9947724165], [2046887.9919415854, 848214.6265969272], [2046674.8886932589, 848427.9752515898], [2046674.8188115058, 848657.6811570087], [2046863.3161379234, 848862.5695267646], [2047035.795451762, 848919.9992019305], [2047429.3455176812, 848952.6680998353], [2047626.309034511, 849034.894969503], [2047773.8700910944, 849149.8061570117], [2048036.243254005, 849166.2523183532], [2048069.28518267, 849199.0695099275], [2048151.1377092586, 849198.8398515992], [2048315.1626436696, 849362.9254814293], [2048331.5192382643, 849658.1850614961], [2048512.0881028476, 849822.2992345808], [2048840.2665803418, 849888.0064522673], [2049939.243713095, 849854.9094056007], [2050136.1658914248, 849953.5348645053], [2050185.2166463449, 849953.6188538371], [2050382.1099533427, 850068.2636376743], [2050562.595812842, 850100.9732179248], [2050661.1182535877, 850199.4329947411], [2050677.3367250853, 850560.5845034375], [2050644.5510295036, 850724.3443465118], [2050808.553654253, 850888.4440839203], [2050956.4168755873, 850986.9904747648], [2051064.784441008, 851028.6790396818], [2051464.8837064214, 851183.7295825965], [2051809.3784242577, 851200.3538931869], [2051989.705163346, 851151.16403092], [2052186.7257666744, 851019.7325352632], [2052416.2820660914, 851036.1596677543], [2052498.2776370049, 851118.2142936725], [2052514.7362655108, 851167.388736008], [2052514.7671053403, 851315.1876530021], [2052449.1740606735, 851479.2506451], [2052449.1179584267, 851675.8303044264], [2052547.363824918, 851922.0949037499], [2052563.7643826772, 852168.2131779239], [2052514.6293103406, 852217.2701664246], [2052285.053325923, 852217.2239066726], [2052038.868450836, 852086.0968723411], [2051825.837380841, 852086.083749004], [2051727.2732735132, 852184.5638670048], [2051743.5593301796, 852332.0274828434], [2051934.0123613463, 852567.1677606064], [2052022.4567382631, 852676.5356520758], [2052153.7068038445, 852972.0025808408], [2052498.125734418, 853349.0316824154], [2052596.7777680922, 853365.590048255], [2052711.5026042627, 853480.4677712513], [2052957.6139886677, 853480.5471674182], [2053088.853227513, 853611.4737428474], [2053482.6585422612, 853628.206977082], [2053810.6690410976, 853595.31531058], [2054302.595550672, 853595.1299435163], [2055696.9221583446, 853546.0513015063], [2056041.5441725117, 853480.453007501], [2056468.0282276713, 853250.835356514], [2056615.6499796794, 853152.4658025888], [2056911.0880370869, 852857.0753172619], [2056914.3491854242, 852851.2570874161], [2057644.354615166, 852437.3163142437], [2057662.7449983363, 852400.9489329174], [2057687.6616151787, 852351.1248855945], [2057703.106794252, 852310.0189966635], [2057716.457161264, 852282.3783039153], [2057747.561757849, 852241.3035829305], [2057770.9642700853, 852210.4063350128], [2057810.3585482524, 852160.9750034147], [2057866.3348142486, 852093.3744168433], [2057905.9984488322, 852057.4132026765], [2057911.6231095046, 852051.9637384941], [2057949.219162926, 852015.6344148497], [2057983.846062167, 851986.5796829183], [2058019.657998427, 851956.0715418482], [2058043.0480435053, 851931.7274304155], [2058046.3075514282, 851927.0013900088], [2058066.4535085093, 851899.7383211702], [2058103.7795493444, 851850.6672250818], [2058124.8149403334, 851821.950090914], [2058142.600665926, 851792.8625506747], [2058154.1728212552, 851768.1309728352], [2058165.1665656697, 851737.209446763], [2058172.6170100872, 851705.1891695764], [2058177.100268841, 851679.3512947521], [2058185.7656058383, 851630.5876127409], [2058187.8715727618, 851611.6617975818], [2058191.5224840941, 851558.5198435129], [2058187.73279351, 851532.6655645113], [2058182.188841344, 851497.3431285934], [2058169.555664509, 851460.9143956767], [2058142.4740257547, 851409.5316244203], [2058123.9018844212, 851388.0165755764], [2058094.9931495925, 851363.9329623346], [2058060.472549334, 851338.7460048319], [2058030.0743161729, 851320.8480747507], [2058023.8758377575, 851317.559367417], [2057986.9799141746, 851298.1926082518], [2057962.1823915828, 851286.8583133245], [2057935.3179440035, 851274.7920645004], [2057914.9511868355, 851264.1949728484], [2057899.306861177, 851256.1552907587], [2057884.8429793408, 851248.8459221619], [2057860.6379752622, 851236.7849226745], [2057842.632105751, 851227.6484580087], [2057832.5943961754, 851223.2603434213], [2057816.3572239294, 851216.3115384224], [2057767.9314677585, 851199.8345372415], [2057725.7094393375, 851184.0980201762], [2057685.546461923, 851173.0977140841], [2057677.5717403449, 851171.6259322622], [2057646.2597950853, 851167.1958229903], [2057598.1083165864, 851161.6407160038], [2057526.9152175053, 851153.1282658367], [2057476.991432847, 851147.2057055074], [2057464.287718088, 851146.4527542636], [2057421.4472525858, 851144.5488866821], [2057393.0690285114, 851151.0459209321], [2057372.955879763, 851161.5636164264], [2057354.6179899257, 851170.9927314242], [2057326.525198342, 851182.586868352], [2057272.4285217542, 851195.2223417553], [2057231.942054168, 851198.4198419193], [2057224.5568983404, 851197.6773893303], [2057189.1055256727, 851194.6957679997], [2057176.6983982604, 851193.2154560103], [2057149.8165622507, 851189.8867225073], [2057108.1703200932, 851181.796843677], [2057091.3360361755, 851177.7597782599], [2057081.885267676, 851175.5570267638], [2057024.9004735057, 851153.9681591642], [2056990.3552670046, 851140.7956133226], [2056940.183451341, 851110.4833379942], [2056913.6441343422, 851082.7648895108], [2056907.750445337, 851074.7445643409], [2056901.266862513, 851065.9952379982], [2056894.7845920036, 851056.5178947612], [2056882.4191311763, 851033.5596073406], [2056876.2416500894, 851019.3499900817], [2056867.4175207603, 850998.582971261], [2056857.1255465916, 850973.0803975876], [2056850.9739840927, 850945.4016471667], [2056848.0537143343, 850927.5581789076], [2056847.1774037634, 850922.460092007], [2056846.011723667, 850914.0851087477], [2056844.5730782584, 850894.0602144137], [2056844.0031975042, 850883.1379921776], [2056843.1337766803, 850874.3994925917], [2056846.4657910017, 850832.1777922579], [2056857.4844697572, 850787.7864768425], [2056868.7711925942, 850757.5932957528], [2056884.4824472512, 850731.4132300093], [2056907.8728204214, 850707.0681343445], [2056931.8461976782, 850686.7286080858], [2056959.0669437498, 850667.8516773423], [2056987.7581593387, 850652.6177839198], [2057026.7961390007, 850634.8560084401], [2057046.019197671, 850626.1565507499], [2057073.8150738464, 850615.6536190057], [2057144.1859960845, 850591.7642310786], [2057190.5976486793, 850580.9335440865], [2057231.6828683475, 850574.0969435857], [2057278.3894678352, 850563.6310852589], [2057336.9182221743, 850551.7321589406], [2057398.4072724278, 850536.9270704188], [2057498.9379112558, 850502.9045006661], [2057536.4909857505, 850489.1446856689], [2057563.9909307507, 850479.0055983347], [2057609.5243042556, 850464.169669997], [2057639.3874335152, 850454.3993483399], [2057722.4735534189, 850426.1677774845], [2057805.557048679, 850399.3928966639], [2057865.8692640075, 850382.4021170044], [2058022.253465667, 850345.2151835118], [2058108.8704184275, 850325.0006570187], [2058290.6741886751, 850284.2251480181], [2058383.197297589, 850265.8436230747], [2058462.13939692, 850241.9742482625], [2058626.5373620822, 850187.6971258334], [2058738.9003263423, 850148.6059966618], [2058869.8984239243, 850099.7235485096], [2058992.625212593, 850050.0973354391], [2059042.0079878431, 850031.99500943], [2059151.7272565975, 849985.6194460018], [2059250.2316527518, 849932.6687645004], [2059371.823273092, 849860.471402337], [2059480.9808631705, 849800.2628613368], [2059538.9495792524, 849774.1697376723], [2059596.6003825967, 849759.361368343], [2059652.7528293442, 849754.7429392509], [2059744.6384723352, 849760.390565746], [2059803.9894034993, 849781.2615870134], [2059910.5403715055, 849840.4527415996], [2060056.5869954217, 849948.1421587623], [2060154.8154735127, 850030.6154189958], [2060433.0363737657, 850236.1396142535], [2060645.2619991745, 850346.5166900946], [2060762.4848618356, 850387.1671993436], [2060807.373223515, 850399.2734743416], [2060869.0942286707, 850416.1471282545], [2060925.518656509, 850422.4528899183], [2060988.4417590057, 850429.5004480086], [2061038.1106229278, 850416.1343330055], [2061096.0875410894, 850386.4040775007], [2061207.6286565943, 850317.469832173], [2061289.8985051825, 850257.5755950094], [2061345.8665690888, 850199.4467742548], [2061363.6542631676, 850171.4530638675], [2061387.3737039259, 850132.915083172], [2061405.495058761, 850086.7202936704], [2061425.672839925, 850046.3545607622], [2061435.7719010855, 850021.2571699976], [2061454.3269820968, 849909.173076586], [2061463.9801780134, 849814.9078451628], [2061450.3378168347, 849697.6597200858], [2061433.417247011, 849593.5099940063], [2061425.8933119194, 849517.7749092379], [2061426.2108965947, 849507.2184999315], [2061428.3913384243, 849453.7097486543], [2061431.0773566833, 849440.9738817464], [2061435.557990761, 849418.0490588383], [2061445.0904520014, 849381.3014289292], [2061456.3742220833, 849355.1144734173], [2061473.88009259, 849320.9317990153], [2061483.069378674, 849307.1178502609], [2061505.306867005, 849271.1248120088], [2061524.27172409, 849245.6822775917], [2061543.5430110078, 849215.1436247611], [2061563.1053078491, 849186.7896788549], [2061580.5908371818, 849162.4360529947], [2061589.1790745852, 849153.3533939885], [2061637.1671675886, 849097.3925479159], [2061672.133633091, 849050.8693470132], [2061705.331729427, 849002.1584864251], [2061730.5262328389, 848965.4439929263], [2061749.8017848441, 848933.0854618414], [2061767.0218947527, 848894.5337016697], [2061793.4821436703, 848818.1421221779], [2061810.148777008, 848761.751815005], [2061819.1280897544, 848707.5291544258], [2061814.8666153387, 848486.186749342], [2061799.094337181, 848398.4208487537], [2061767.637379094, 848321.5433778334], [2061721.3986264155, 848247.5468066697], [2061659.8413348338, 848150.9479185137], [2061610.3601345858, 848072.9405285886], [2061557.9334021797, 847990.194303008], [2061494.8889088314, 847897.59704726], [2061374.982324512, 847722.9730526628], [2061291.8981730924, 847603.3958639993], [2061185.2438588454, 847449.5506992537], [2061153.4361796693, 847397.7912883473], [2061130.5100444246, 847338.4059084186], [2061128.210180251, 847307.4581356767], [2061144.892561585, 847243.4225026029], [2061175.7360038452, 847190.7018074993], [2061209.1893490106, 847162.0128885257], [2061232.849406676, 847152.9613974284], [2061262.7259873452, 847138.8265831714], [2061302.6350282575, 847131.9932634967], [2061352.579482168, 847131.0054045926], [2061444.7679460943, 847137.0231090896], [2061502.9699294278, 847144.0614808315], [2061535.1663873352, 847151.0457188253], [2061563.2204650925, 847160.5696499211], [2061613.7108496707, 847181.0614068332], [2061670.387573583, 847210.6673187627], [2061727.0452686695, 847249.3742623538], [2061751.5320963408, 847268.7196960886], [2061778.0701010076, 847296.4420815883], [2061798.7022775854, 847321.9679491611], [2061860.5735449202, 847410.5589793358], [2061902.1102072592, 847472.5326086709], [2061927.4467707567, 847509.3537292568], [2061967.8072543438, 847568.4123381651], [2061988.1434997632, 847593.9378776681], [2062041.232304333, 847642.8308245077], [2062087.582605346, 847664.0430524112], [2062110.3332160106, 847665.9111589142], [2062139.8777763383, 847668.8862185924], [2062181.8425874282, 847667.8829397571], [2062253.6675750013, 847660.3905006815], [2062285.5927080074, 847655.725811828], [2062325.209754752, 847647.07327008], [2062365.1266696737, 847636.2370056678], [2062400.9067818376, 847625.3918830043], [2062434.6219375117, 847612.7226170005], [2062474.2606377595, 847593.8771822541], [2062569.2351853405, 847539.8382483487], [2062661.8754200053, 847471.961415581], [2062742.4041303399, 847402.2387860146], [2062809.0253881796, 847341.2234880927], [2062870.0242819176, 847283.8364637644], [2062927.1514642532, 847240.6390435756], [2063013.8661858432, 847180.759242088], [2063098.7813703401, 847133.25343159], [2063130.4335380045, 847118.3958497382], [2063162.376715584, 847105.7236310104], [2063394.5537446735, 847014.8514374094], [2063487.4410260934, 846971.0040841682], [2063570.0458477596, 846899.4681380137], [2063616.3223300143, 846818.3889038437], [2063621.4551937596, 846768.1629544195], [2063610.8718815902, 846742.6577560917], [2063586.1340701722, 846702.9242397567], [2063547.4970083395, 846667.8931418319], [2063476.9613882615, 846624.4204597531], [2063397.5514420879, 846584.9330059331], [2063337.0318780828, 846556.0436280017], [2063276.220319928, 846525.3333875885], [2063211.5931525964, 846482.6018457551], [2063150.2163068356, 846439.8778498294], [2063077.3473580924, 846381.4754076025], [2062991.8140645928, 846303.024120929], [2062910.134109841, 846218.7569010131], [2062801.9417409291, 846094.7535400894], [2062740.040289923, 846020.3580195949], [2062682.3022164241, 845933.594413582], [2062667.5850542618, 845905.8963062598], [2062649.0562199194, 845863.9928467557], [2062625.265913172, 845794.7754655096], [2062609.4985562568, 845705.1893585973], [2062605.8174612522, 845629.8263203368], [2062619.3751769217, 845508.6320089243], [2062628.3436629167, 845460.5986404341], [2062648.346247584, 845365.9922023424], [2062661.43841301, 845324.5205005049], [2062689.9708362527, 845249.2263597515], [2062712.838900758, 845196.8544172475], [2062761.4585541799, 845125.9716850087], [2062785.1494516747, 845103.4520450094], [2062828.3649164306, 845072.2378685914], [2062883.979306504, 845047.2385747556], [2062957.3190548404, 845025.5539068491], [2063009.353071512, 845016.5647515882], [2063107.1803036798, 845014.5906741745], [2063209.1499160076, 845010.4417323289], [2063260.8922665876, 844999.6323707487], [2063332.202163339, 844960.1065311724], [2063407.3631022573, 844916.5846365804], [2063497.6421211818, 844851.9820755076], [2063549.162031265, 844807.6813110858], [2063607.8072551799, 844748.470799589], [2063638.927271679, 844707.766484671], [2063674.1896683427, 844664.8869772563], [2063713.3031071716, 844618.0117429234], [2063789.4341885017, 844536.6336248341], [2063838.5882896797, 844493.420456677], [2063897.7774757615, 844456.4179060067], [2063937.704233171, 844443.3995593431], [2064023.1463195074, 844429.7526050064], [2064083.1484960928, 844426.6072700891], [2064133.384288012, 844429.6292456725], [2064179.4649045032, 844440.6512052506], [2064217.5534110067, 844457.4799117642], [2064252.3889712528, 844475.030073515], [2064296.956795512, 844502.0661086752], [2064323.2169135953, 844521.7816204072], [2064376.5773711803, 844582.3280872452], [2064413.6898297537, 844639.56288092], [2064434.8554698383, 844691.3022787485], [2064464.7691239254, 844796.5737217534], [2064480.2877936808, 844862.4981305889], [2064494.0102071776, 844938.9753398441], [2064507.8028305033, 844983.417836246], [2064525.9986602524, 845041.3393083254], [2064567.7685898405, 845130.6193135085], [2064611.073621348, 845193.6926781622], [2064645.8737485858, 845226.8963519066], [2064686.3064105085, 845252.103978682], [2064712.5842450855, 845263.4468037488], [2064756.8764793442, 845280.6544465063], [2064792.9154492605, 845288.0146679968], [2064843.1410705885, 845295.0422130141], [2064895.1485125108, 845298.0694379202], [2064969.3314350087, 845296.4136013548], [2065028.4484427588, 845291.8119045049], [2065093.8124852632, 845269.0229080961], [2065150.384550588, 845212.7231519212], [2065178.255557834, 845172.0132595737], [2065271.9919189203, 845016.050973077], [2065769.7104116685, 845001.5090074238], [2065820.8421991763, 844999.8036302617], [2065887.9339285046, 844997.7698416938], [2065904.4857326741, 844997.0788981844], [2066128.2241303467, 844989.9378363348], [2066989.477001012, 844966.0451675862], [2067898.9108776748, 844939.3772419268], [2068795.0452402534, 844913.434380433], [2069037.4030232576, 844906.7227796747], [2069483.4037716682, 844893.2142765059], [2069616.110527262, 844889.1604788373], [2069722.5118892635, 844886.1368628362], [2069864.3803719273, 844882.1060310019], [2070308.312226848, 844868.9692462435], [2070657.368943424, 844858.8869173347], [2071243.170265256, 844841.7376734251], [2072993.7796249236, 844791.0717642596], [2073405.7932365842, 844778.9946886831], [2073508.649001999, 844775.975993912], [2073393.1197055124, 844056.3553859309], [2073242.398550258, 843224.161512251], [2072851.1585190897, 840931.5991682553], [2072653.2816182543, 839672.6489302495], [2072631.8433409177, 839496.7683765013], [2072640.3912240872, 839148.4108055189], [2072666.664465501, 838088.0517057631], [2072670.2733821722, 837943.9043562482], [2072686.701170848, 837278.860082685], [2072695.9150631726, 836900.6544742561], [2072715.7965850995, 836393.244727923], [2072597.1514811672, 836313.9565006784], [2072494.4971589295, 836223.4232171798], [2072304.8499004226, 836044.5800709233], [2072007.582450344, 835748.6206890868], [2071663.4171281764, 835405.9537235068], [2071455.4884101734, 835203.0456647566], [2071386.4869077513, 835130.0717293296], [2071256.1295569255, 835000.5244162414], [2071180.311467098, 834934.0868850898], [2071120.4237915885, 834881.5213734242], [2071084.7184824196, 834853.7684761639], [2070924.1938690823, 834728.1538980044], [2070883.7526770085, 834702.574224749], [2070839.1697609292, 834678.0765703287], [2070801.9595335135, 834661.2413021814], [2070564.7815301714, 834568.5705557703], [2070443.4018516697, 834514.4023570085], [2070291.9126533421, 834440.869367569], [2070234.6424266712, 834405.4212757323], [2069993.7770947525, 834245.7647709188], [2069908.7795613417, 834183.3131241697], [2069876.6329720898, 834150.1097785135], [2069841.2646045107, 834104.1577706728], [2069766.717837588, 833998.0480747534], [2069733.7343077508, 833943.7292857652], [2069718.718589751, 833917.4832752523], [2069696.6487520048, 833873.7474703236], [2069678.7117800133, 833832.5694030917], [2069665.4965833416, 833795.0429033344], [2069642.9162479197, 833717.0870224934], [2069629.464175092, 833654.8059790856], [2069621.0534307517, 833585.9845944231], [2069617.9550117564, 833521.1799340073], [2069616.2706319257, 833358.8187101663], [2069719.3741002516, 831774.4449104256], [2069723.7323592603, 831682.3561838381], [2069722.6716658461, 831631.0255778468], [2069710.8951145855, 831485.3861053486], [2069703.0112720889, 831443.5039712469], [2069684.222923847, 831386.6710796735], [2069648.665908336, 831294.123364499], [2069617.770957009, 831230.3449487573], [2069549.7425497626, 831115.1506253398], [2069499.6596446766, 831038.2223015073], [2069476.9664485885, 831006.8621279954], [2069453.9717439273, 830978.049193502], [2069428.6095899183, 830949.959026585], [2069312.972025929, 830836.1088605832], [2069222.9617072635, 830763.0909620122], [2069138.5471779248, 830699.1868903285], [2069049.9978143433, 830633.0892534928], [2068941.9770330056, 830548.3810895896], [2068728.0181433414, 830372.4175307602], [2068573.0683220015, 830250.4699400157], [2068489.817504257, 830193.4871143411], [2068323.0186252615, 830079.8856355086], [2068299.3966252503, 830065.633367426], [2067968.2476812608, 829928.3544425064], [2067499.44448501, 829729.6054961687], [2067056.322339759, 829547.6678679305], [2066718.6727525906, 829403.1074615062], [2066642.4491517553, 829374.1764170018], [2066587.489616005, 829356.5783550998], [2066543.749217927, 829346.6502253411], [2066502.6600612546, 829341.0967587539], [2066467.774632335, 829338.1056230098], [2066390.6051672557, 829335.0186869124], [2066356.0048427584, 829336.760481348], [2066339.7358464315, 829339.2719592603], [2066285.6047210824, 829347.522270842], [2066232.9466899205, 829358.3244145889], [2066188.2679735115, 829370.9644811712], [2065995.3388974206, 829431.322628175], [2065600.920723006, 829546.19936693], [2065552.1055319314, 829557.7393700915], [2065490.5754712534, 829569.2508299984], [2065445.3216247545, 829574.9742437552], [2065408.0612005875, 829576.3472725045], [2065344.4947266714, 829572.9296284164], [2065278.2750428454, 829565.8656661675], [2065251.3794273424, 829560.345336009], [2065212.0766844302, 829549.3371559258], [2065132.892459585, 829521.4953480944], [2065097.1490927648, 829505.3989235798], [2065037.1944882567, 829473.2313370068], [2064974.004654005, 829433.0486745726], [2064944.4853560908, 829410.4135492443], [2064894.0264675012, 829362.978276676], [2064809.6411375839, 829279.7934036696], [2064494.8609272556, 828948.5630949853], [2064372.716486514, 828823.0695795843], [2064202.472732515, 828651.2398707573], [2064008.9419515873, 828444.7776852482], [2063959.6530081795, 828401.7151073314], [2063909.166232513, 828365.5665575949], [2063814.3639286768, 828310.7562997487], [2063781.5723275845, 828296.123783079], [2063728.679060669, 828278.5355636831], [2063641.1962960055, 828257.2324566703], [2063576.7528553465, 828247.6278171013], [2063538.021633595, 828244.6317600808], [2063506.0846895867, 828244.9267069881], [2063438.657002925, 828248.0572781692], [2063410.8581740123, 828249.0891002545], [2063317.1142670058, 828251.4352241762], [2063112.457196013, 828264.4634133414], [2062907.4897581786, 828284.4089115226], [2062643.3846433468, 828302.7737041726], [2062444.3584665947, 828310.3580065804], [2062288.813830167, 828311.8478330021], [2062143.0322975966, 828311.1746060133], [2061765.1163867544, 828312.9252586861], [2061666.6434865908, 828314.174271925], [2061196.7543345108, 828320.107659002], [2060758.806063427, 828323.9301579152], [2060674.2330698392, 828324.4833064239], [2060091.6942086676, 828323.6489905121], [2059798.0609376715, 828322.3212372503], [2059397.3931038387, 828315.6834552479], [2059275.8871132603, 828301.2408988344], [2059222.97580175, 828291.3052231683], [2059172.733776255, 828277.3708678132], [2059106.8343017534, 828256.1245192582], [2059056.8987060941, 828236.7305291867], [2059021.156323506, 828217.72925484], [2058992.2160926743, 828198.3779155922], [2058751.1926245857, 828061.7482675859], [2058357.4634251732, 827835.2661089958], [2058303.1151086686, 827803.8518017639], [2058272.39666617, 827785.9535435899], [2057946.301517845, 827598.5625141714], [2057637.9228695044, 827422.4942967561], [2057504.9936734298, 827349.79234243], [2057437.3419058463, 827315.4413612483], [2057390.365293756, 827293.871850601], [2057278.6709633453, 827249.6065191788], [2057220.7511316685, 827228.744028093], [2057175.5330462595, 827215.1869685873], [2057136.8133074215, 827205.2827889043], [2056877.2974222596, 827141.4384284118], [2056290.8645400098, 827000.1578710888], [2055973.9993600848, 826923.8345329188], [2055809.066619083, 826882.3854688319], [2055288.254996674, 826751.0783167549], [2054601.0109643359, 826585.2522048372], [2054584.1629009235, 826580.8526073443], [2054504.0567619188, 826562.1384059092], [2054398.8260012583, 826536.8254644319], [2054353.0094918464, 826525.8199090078], [2054285.3196665936, 826508.949207833], [2053746.751189918, 826377.6371345028], [2053327.5889705117, 826280.7695460859], [2053247.4949705908, 826254.414283836], [2053189.8628680103, 826235.3805292555], [2053144.0611223422, 826215.6400831786], [2053097.9713195106, 826191.5312075038], [2053019.1017265907, 826141.8810443437], [2052944.3912460967, 826081.6820177663], [2052626.7695060058, 825757.1275487525], [2052415.7768177546, 825502.2960374119], [2052372.691274003, 825450.8916126786], [2052330.793720005, 825396.5770887487], [2052291.8521968413, 825342.9958310822], [2052259.4126291717, 825291.6104351666], [2052248.5068110982, 825271.2056203382], [2052208.1410781734, 825186.6798707654], [2052185.1804941725, 825126.574676003], [2052164.5962177538, 825060.6496110004], [2052149.6169170144, 825002.3787301775], [2052137.3154324293, 824935.0123950903], [2052132.3876207627, 824878.9436095918], [2052131.6438558393, 824798.1284825084], [2052127.0792324236, 824703.8379886755], [2052128.7091504205, 824618.6586970941], [2052126.268210426, 824327.7983864134], [2052123.6743835977, 824289.571100668], [2052117.8784634166, 824222.5800929195], [2052109.9831380108, 824171.9663490005], [2052102.352575837, 824138.8266515103], [2052081.4772895114, 824069.6246901677], [2052064.1062612527, 824025.5470224079], [2052003.9807253312, 823908.5882668366], [2051991.0037171708, 823888.1798430984], [2051935.2321751718, 823817.4604963397], [2051886.2345697603, 823762.4058164196], [2051862.9098132537, 823740.1591417486], [2051818.3193512566, 823701.4938647492], [2051799.7140735073, 823686.172044997], [2051771.060915591, 823666.4640791678], [2051279.4720037575, 823355.4519059234], [2050768.9612137529, 823034.5870620847], [2050729.0817003401, 823006.8522094194], [2050688.3124249289, 822980.5720782642], [2050646.0598847559, 822956.8375456729], [2050610.3024103353, 822939.6666482586], [2050536.1152227507, 822911.5088961776], [2050503.0070212625, 822901.6230891778], [2050372.9282131777, 822869.3656077551], [2050293.102913516, 822851.7557348548], [2050194.9380835888, 822835.5703997506], [2049863.1976053407, 822774.9412559195], [2049788.3985423453, 822758.0692424291], [2049744.645020916, 822746.7100131662], [2049652.712133931, 822717.796685178], [2049613.400532754, 822703.1690897426], [2049577.9357086716, 822687.4561946786], [2049466.5232018365, 822634.1206714063], [2049409.1985133423, 822602.3540026653], [2048784.561967343, 822237.2848509299], [2048657.5057910073, 822162.8132150947], [2048233.192007095, 821914.2126624348], [2047844.927035585, 821683.1498043324], [2047532.0142755967, 821491.5291245905], [2047436.868796588, 821433.4954480082], [2047339.6465500896, 821379.0989032523], [2047243.0086200077, 821329.0717723172], [2047127.4445466697, 821276.4665625797], [2047065.0755769305, 821251.6129377452], [2047012.7512065037, 821234.0558862492], [2046785.990177095, 821171.4457752546], [2046729.5214579995, 821156.0668690073], [2046625.451128094, 821128.5994042547], [2046712.9450475874, 821350.0651686679], [2046728.8410131778, 821397.7776716739], [2046748.5463543385, 821467.7017444209], [2046756.462349011, 821511.7610395114], [2046759.355715929, 821552.1723759861], [2046772.0971602506, 822094.5889420944], [2046778.5446539214, 822317.3821316811], [2046781.9229280038, 822424.7746334119], [2046782.1079670032, 822494.3036938399], [2046783.4891978353, 822555.4617080019], [2046790.110903753, 822669.0480950007], [2046797.1184356827, 822725.8471940107], [2046816.4861790847, 822821.6163594293], [2046828.2397645107, 822869.6864732486], [2046917.9882726665, 823156.6813060949], [2047073.5201138398, 823732.817292932], [2047081.1634712531, 823761.5875765876], [2047101.4393493375, 823843.1618885114], [2047109.3655145923, 823879.9410144222], [2047131.9606137583, 823990.6409242487], [2047142.2224042562, 824046.3530831846], [2047150.985510095, 824114.4398892539], [2047177.3099325015, 824480.6917814263], [2047178.6987092658, 824536.7536771704], [2047177.1163633463, 824601.1836664099], [2047172.2922260012, 824658.6920815894], [2047165.9936821768, 824713.2858044213], [2047155.0980346787, 824868.3429090115], [2047131.7965720904, 825198.1125906726], [2047122.3799242529, 825353.1723199127], [2047105.3701157584, 825632.7167083445], [2047099.797948421, 825972.3439818391], [2047094.8957272635, 826447.3899477554], [2047084.5328870867, 826823.7763340924], [2047073.37247634, 826960.2685151675], [2047069.7717617596, 826992.6608388297], [2047051.7924670132, 827140.0627749943], [2047013.737425015, 827451.6084117579], [2047000.4831864242, 827603.3863234327], [2046997.127222, 827667.8136880039], [2046996.7614090901, 827711.4960153379], [2047001.3749169242, 827785.0368787593], [2046193.853566097, 827931.9138815769], [2045862.8601335892, 827992.5515555986], [2045643.677829175, 828032.61676417], [2045287.2490800926, 828097.5894032634], [2044825.8320239177, 828171.8707507538], [2044224.226927921, 828263.0569200938], [2044045.8752505046, 828290.4548311674], [2043987.0111950045, 828302.743520505], [2043789.7399360104, 828326.8382885921], [2043700.1430023483, 828325.612897336], [2043620.3042512531, 828324.4019417606], [2043608.1805878414, 828324.3838971562], [2043261.637645753, 828308.2179190184], [2042788.836754084, 828286.4115321769], [2042700.7165235134, 828286.2832515896], [2042586.5740352592, 828286.4814139116], [2042528.8973133424, 828296.2264731588], [2042501.9816847604, 828300.5558608335], [2042281.5598815093, 828384.6918474241], [2042220.611512586, 828407.9017747334], [2041664.0673500898, 828636.4433124125], [2040985.935832335, 828910.3289194995], [2040781.203630255, 828988.309734662], [2040636.2419779298, 829038.344411514], [2040507.8590325855, 829074.5697327675], [2040452.54713534, 829086.506388675], [2040302.2977639274, 829112.1454450149], [2040236.6410710956, 829120.7920812451], [2040185.775687264, 829124.7267846519], [2040142.8974921696, 829126.4882640723], [2039924.6544903375, 829140.0236701058], [2039620.3565425132, 829159.2687103361], [2039473.385051669, 829166.7152177525], [2039460.3745790129, 829166.6978293433], [2039398.8691245918, 829166.978996751], [2039319.3331944197, 829162.1400956698], [2039256.0619955058, 829156.2309867565], [2039151.9975710965, 829140.8028680146], [2039018.6786120099, 829110.4111965009], [2038807.9205033323, 829054.435586678], [2038634.4093674258, 829006.1551714224], [2038564.649992511, 828986.7700395973], [2038491.9427888396, 828960.4646460045], [2038408.6079817559, 828920.6766678382], [2038381.725489586, 828900.6199494096], [2038375.463034928, 828941.0188187513], [2038363.8055779198, 829036.7427086593], [2038356.7649095939, 829220.2029716597], [2038350.2330985055, 829466.640798993], [2038347.045112761, 829643.5538310121], [2038344.8095529224, 829770.5965559193], [2038346.3551534999, 829945.331442671], [2038349.7130864265, 830317.3720371746], [2038354.9355169255, 830393.8246401687], [2038363.3495420949, 830516.8768874942], [2038385.6267285047, 830665.7932563416], [2038394.1477088332, 830706.9394995115], [2038399.435756011, 830733.1563105889], [2038415.3418921684, 830779.4088427665], [2038435.3808940933, 830830.7627426524], [2038456.6177282638, 830870.4696842573], [2038483.7672802506, 830910.9121886687], [2038526.8656192562, 830964.8448235845], [2038566.4321411715, 831006.3962496632], [2038595.069223002, 831039.5602253263], [2038621.648894251, 831063.2570283519]]]}}, {"type": "Feature", "properties": {"precinct_code": "30-2", "precinct_name": "SOUTHERN HIGH SCHOOL", "county": "DURHAM"}, "geometry": {"type": "Polygon", "coordinates": [[[2049983.8394244327, 813581.385496084], [2049986.2386978404, 813736.0984412491], [2049986.4998521793, 813756.4842272737], [2049988.3571319287, 813882.0745272508], [2049994.358432264, 814006.2160112495], [2049995.1520658447, 814061.5485777558], [2049993.273460673, 814122.3371700922], [2049990.562508092, 814150.7262209192], [2049981.3112142533, 814197.6690404299], [2049980.7141025944, 814200.9442963429], [2049960.4680800873, 814276.2620590834], [2049905.16865, 814436.3375263333], [2049881.0909422652, 814503.640541329], [2049761.295250087, 814840.1572567527], [2049728.5679533342, 814949.308285166], [2049708.3035581713, 815036.2749747401], [2049700.5217495856, 815089.409054841], [2049699.0266738387, 815098.8709781746], [2049695.1073903432, 815142.183227502], [2049694.4695963426, 815169.4836978323], [2049693.804571418, 815212.8011965103], [2049694.9102122618, 815258.669543089], [2049696.576875596, 815322.7402810788], [2049700.065385671, 815359.1483447694], [2049711.4833418427, 815429.7879672499], [2049729.6765469317, 815517.5479623391], [2049757.309693753, 815620.9768893437], [2049797.3083014179, 815759.3729380051], [2049822.3082514259, 815845.3245377593], [2049839.0526405126, 815914.8811571726], [2049848.4532122617, 815953.847614676], [2049854.0342378481, 815977.1543265939], [2049863.4252951753, 816021.5810750134], [2049872.5243583487, 816063.823116504], [2049882.4656114297, 816132.6402360944], [2049885.0915904199, 816154.121820435], [2049888.8766878406, 816189.8025233473], [2049889.9928273405, 816229.4828901851], [2049891.1214340045, 816261.5185872612], [2049893.1417711687, 816465.3744787602], [2049893.3819281752, 816498.1368804335], [2049899.0108539304, 816667.4167255921], [2049918.128597842, 816906.6117852604], [2049922.2043770847, 816945.2052120097], [2049929.2217515104, 816993.6319524198], [2049972.4864287535, 817297.300308323], [2049995.605477007, 817444.4046729212], [2050002.9424045836, 817478.6352474976], [2050029.0558694315, 817604.2675421545], [2050096.6357867557, 817872.3034234127], [2050103.095091418, 817900.7082222545], [2050113.36967717, 817946.9568174251], [2050132.408353, 818057.6521340773], [2050139.7301887574, 818100.6192397429], [2050142.9335944192, 818130.1106505893], [2050142.88339767, 818159.5964840156], [2050139.5815670046, 818187.6207061727], [2050135.4086750892, 818206.178739924], [2050129.1475327618, 818234.9257296757], [2050124.09209667, 818250.5700553393], [2050113.9799121767, 818282.5867236069], [2050105.3555855907, 818309.5098980879], [2050090.1951828469, 818353.1666349194], [2049996.851865591, 818623.4767898306], [2049971.00185168, 818691.1410245912], [2049938.0311170982, 818771.5339084215], [2049903.8809229287, 818849.7407730118], [2049874.4908898459, 818911.9388113245], [2049564.6427562542, 819523.7013673355], [2049531.6992525908, 819589.1700684287], [2049475.013342335, 819701.5576389291], [2049451.5803183457, 819740.4686503413], [2049428.748671084, 819773.5561825896], [2049407.1128875914, 819799.0016697448], [2049394.374396012, 819810.6289430781], [2049370.0860587494, 819830.6092180918], [2049344.9145211726, 819848.0402855902], [2049301.3991882487, 819868.3522528404], [2049259.9730900065, 819877.3834027533], [2049216.4830195003, 819882.7708591642], [2049154.643904345, 819893.9519391642], [2049094.27919568, 819908.0480395769], [2048985.0766581732, 819941.7195601779], [2048941.8641461737, 819958.0285826765], [2048925.5830107625, 819965.6460215084], [2048882.9485815915, 819989.9645424245], [2048859.8554519285, 820003.0311173461], [2048798.865416422, 820037.5120195049], [2048732.2402215893, 820081.4479552521], [2048683.6694525934, 820118.4977499204], [2048615.2545631665, 820171.5320926748], [2048584.1594810053, 820194.0500922564], [2048563.4292075024, 820209.3046549284], [2048512.4978789226, 820243.0746005], [2048482.299120426, 820260.4977939933], [2048479.3381683365, 820262.3130790874], [2048471.6406771687, 820266.6687134131], [2048461.871667846, 820271.3849113274], [2048438.1902847572, 820282.6306237578], [2048400.891802922, 820300.406178751], [2048367.7370135938, 820316.7325896681], [2048303.8001335862, 820345.3854195029], [2048299.3601818385, 820347.1980799146], [2048208.493893757, 820383.8151326701], [2048166.7548039989, 820404.1320211735], [2048125.5990464229, 820429.5460123455], [2048087.6909857555, 820458.605993595], [2048060.7277850956, 820487.3195188344], [2048038.787212177, 820519.3178144235], [2048014.4670508364, 820559.68485968], [2047991.0228720005, 820606.9695420078], [2047975.8654220123, 820651.355608091], [2047968.9943727548, 820692.8430579248], [2047963.8959577535, 820735.7894943316], [2047953.1361367546, 820804.2083207442], [2047937.9439099282, 820870.0720341657], [2047920.415073588, 820917.7304034379], [2047876.774412841, 821016.3099306693], [2047860.1599447564, 821047.5887395038], [2047843.8496099275, 821073.7717580132], [2047826.0619158447, 821098.8606185917], [2047722.6283956752, 821226.1005215979], [2047690.3210455936, 821267.9108054172], [2047642.295879171, 821335.1774031671], [2047584.7851674254, 821415.5335416637], [2047548.6182450051, 821466.4382955107], [2047532.0142755967, 821491.5291245905], [2047844.927035585, 821683.1498043324], [2048233.192007095, 821914.2126624348], [2048657.5057910073, 822162.8132150947], [2048784.561967343, 822237.2848509299], [2049409.1985133423, 822602.3540026653], [2049466.5232018365, 822634.1206714063], [2049577.9357086716, 822687.4561946786], [2049613.400532754, 822703.1690897426], [2049652.712133931, 822717.796685178], [2049744.645020916, 822746.7100131662], [2049788.3985423453, 822758.0692424291], [2049863.1976053407, 822774.9412559195], [2050194.9380835888, 822835.5703997506], [2050293.102913516, 822851.7557348548], [2050372.9282131777, 822869.3656077551], [2050503.0070212625, 822901.6230891778], [2050536.1152227507, 822911.5088961776], [2050610.3024103353, 822939.6666482586], [2050646.0598847559, 822956.8375456729], [2050688.3124249289, 822980.5720782642], [2050729.0817003401, 823006.8522094194], [2050768.9612137529, 823034.5870620847], [2051279.4720037575, 823355.4519059234], [2051771.060915591, 823666.4640791678], [2051799.7140735073, 823686.172044997], [2051818.3193512566, 823701.4938647492], [2051862.9098132537, 823740.1591417486], [2051886.2345697603, 823762.4058164196], [2051935.2321751718, 823817.4604963397], [2051991.0037171708, 823888.1798430984], [2052003.9807253312, 823908.5882668366], [2052064.1062612527, 824025.5470224079], [2052081.4772895114, 824069.6246901677], [2052102.352575837, 824138.8266515103], [2052109.9831380108, 824171.9663490005], [2052117.8784634166, 824222.5800929195], [2052123.6743835977, 824289.571100668], [2052126.268210426, 824327.7983864134], [2052128.7091504205, 824618.6586970941], [2052127.0792324236, 824703.8379886755], [2052131.6438558393, 824798.1284825084], [2052132.3876207627, 824878.9436095918], [2052137.3154324293, 824935.0123950903], [2052149.6169170144, 825002.3787301775], [2052164.5962177538, 825060.6496110004], [2052185.1804941725, 825126.574676003], [2052208.1410781734, 825186.6798707654], [2052248.5068110982, 825271.2056203382], [2052259.4126291717, 825291.6104351666], [2052291.8521968413, 825342.9958310822], [2052330.793720005, 825396.5770887487], [2052372.691274003, 825450.8916126786], [2052415.7768177546, 825502.2960374119], [2052626.7695060058, 825757.1275487525], [2052944.3912460967, 826081.6820177663], [2053019.1017265907, 826141.8810443437], [2053097.9713195106, 826191.5312075038], [2053144.0611223422, 826215.6400831786], [2053189.8628680103, 826235.3805292555], [2053247.4949705908, 826254.414283836], [2053327.5889705117, 826280.7695460859], [2053746.751189918, 826377.6371345028], [2054285.3196665936, 826508.949207833], [2054353.0094918464, 826525.8199090078], [2054398.8260012583, 826536.8254644319], [2054504.0567619188, 826562.1384059092], [2054584.1629009235, 826580.8526073443], [2054601.0109643359, 826585.2522048372], [2055288.254996674, 826751.0783167549], [2055809.066619083, 826882.3854688319], [2055973.9993600848, 826923.8345329188], [2056290.8645400098, 827000.1578710888], [2056877.2974222596, 827141.4384284118], [2057136.8133074215, 827205.2827889043], [2057175.5330462595, 827215.1869685873], [2057220.7511316685, 827228.744028093], [2057278.6709633453, 827249.6065191788], [2057390.365293756, 827293.871850601], [2057437.3419058463, 827315.4413612483], [2057504.9936734298, 827349.79234243], [2057637.9228695044, 827422.4942967561], [2057946.301517845, 827598.5625141714], [2058272.39666617, 827785.9535435899], [2058303.1151086686, 827803.8518017639], [2058357.4634251732, 827835.2661089958], [2058751.1926245857, 828061.7482675859], [2058992.2160926743, 828198.3779155922], [2059021.156323506, 828217.72925484], [2059056.8987060941, 828236.7305291867], [2059106.8343017534, 828256.1245192582], [2059172.733776255, 828277.3708678132], [2059222.97580175, 828291.3052231683], [2059275.8871132603, 828301.2408988344], [2059397.3931038387, 828315.6834552479], [2059798.0609376715, 828322.3212372503], [2060091.6942086676, 828323.6489905121], [2060674.2330698392, 828324.4833064239], [2060758.806063427, 828323.9301579152], [2061196.7543345108, 828320.107659002], [2061666.6434865908, 828314.174271925], [2061765.1163867544, 828312.9252586861], [2062143.0322975966, 828311.1746060133], [2062288.813830167, 828311.8478330021], [2062444.3584665947, 828310.3580065804], [2062643.3846433468, 828302.7737041726], [2062907.4897581786, 828284.4089115226], [2063112.457196013, 828264.4634133414], [2063317.1142670058, 828251.4352241762], [2063410.8581740123, 828249.0891002545], [2063368.9606200024, 828069.1695125878], [2063340.7926973414, 827967.1808714313], [2063272.0959843397, 827735.511715337], [2063221.9779743385, 827527.1804390834], [2063205.584962503, 827449.6074314981], [2063190.3848616774, 827367.304446499], [2063167.0607613456, 827212.542945011], [2063144.3911872525, 827028.2965943475], [2063116.7032505115, 826839.671315417], [2063065.926121085, 826523.9511463424], [2063050.1994465156, 826411.0691542599], [2063039.8120000956, 826290.5543034282], [2063036.7506545025, 826201.3612403428], [2063034.9917997562, 826056.4750471719], [2063036.6236862536, 825985.129389353], [2063056.483226599, 825688.4905469309], [2063068.6331366762, 825539.2661078437], [2063080.0802922559, 825441.7315259975], [2063121.1799475867, 825170.2566752534], [2063130.4643778356, 825116.036639338], [2063144.4955177596, 825054.9104492473], [2063167.437072919, 824975.9663814141], [2063299.3291975844, 824568.1774988297], [2063366.8868052512, 824371.749414013], [2063450.7737765915, 824146.5986175712], [2063491.8442325152, 824027.6510208359], [2063510.6030532583, 823969.083552674], [2063523.4629356714, 823903.2227920046], [2063540.391707583, 823870.4971356697], [2063552.9130080056, 823824.2931598334], [2063566.5570095945, 823806.1212801685], [2063568.7243280848, 823761.3510285002], [2063576.7859917576, 823726.0577920132], [2063582.77580917, 823691.4886354179], [2063586.1117605139, 823653.2731606663], [2063585.9762620933, 823579.3756706775], [2063581.9703645865, 823517.1185773453], [2063575.5648655903, 823470.5094185909], [2063553.6505393386, 823347.0575657489], [2063538.1266202629, 823277.1311964311], [2063476.5470190046, 823032.3731557481], [2063465.3836555027, 822997.4024251816], [2063452.8006754238, 822935.126959157], [2063432.4303093408, 822917.9737782588], [2063424.4854433401, 822899.0272938455], [2063395.5727715066, 822865.8387119117], [2063304.1336499294, 822751.337628593], [2063172.5604222578, 822594.8874821712], [2063141.0093042548, 822550.4085684866], [2063115.666179089, 822507.3991400902], [2063076.4851550916, 822434.8740226788], [2063065.0091281685, 822407.5473056696], [2063042.1098957513, 822328.1409684232], [2063021.3136775037, 822233.4498848373], [2062989.7451710843, 822059.0142100835], [2062941.9024190006, 821749.4905509079], [2062906.5648912636, 821539.0086884095], [2062840.0263104276, 821119.5101835777], [2062826.991887674, 820990.6177248461], [2062822.4325135958, 820909.7947237482], [2062823.4413698458, 820853.0090761634], [2062822.5975395157, 820832.6216497583], [2062828.4013336762, 820746.7245118261], [2062835.6339307567, 820684.1278522569], [2062860.9478564996, 820465.4035521725], [2062932.2410210054, 820047.2928398587], [2062968.2422613353, 819811.118443421], [2063017.8366503424, 819443.5607795749], [2063030.290037513, 819291.7897576453], [2063035.3149618371, 819155.655843583], [2063035.2719829218, 818900.1110790891], [2063043.6302339293, 818313.6877112483], [2063047.506538509, 818161.5341441744], [2063051.4684728368, 818107.303281502], [2063058.387750343, 818053.4428249198], [2063071.2348375022, 817994.1345446055], [2063088.816823334, 817934.1084179264], [2063119.178639264, 817846.0803787527], [2063145.9823914175, 817762.04839459], [2063222.8923425989, 817487.7408723381], [2063231.2341894198, 817460.4571342593], [2063289.92829776, 817266.1953836698], [2063320.9341412617, 817154.5069587489], [2063346.6086305974, 817046.0836191695], [2063386.948444916, 816858.6991514312], [2063396.2456704215, 816800.1116701638], [2063403.8004453327, 816726.2312405147], [2063409.2912480093, 816649.4344780863], [2063412.3909793359, 816583.916892582], [2063412.8227370086, 816520.9419529361], [2063410.894263179, 816455.0496962417], [2063395.97729826, 816239.1521621939], [2063383.7899866716, 816129.1910960092], [2063371.5216385112, 816056.7243774178], [2063355.3979830875, 815988.617230178], [2063333.3717804241, 815913.9451354268], [2063269.00675167, 815717.9625877487], [2063239.5858787582, 815642.5467280884], [2063125.40172392, 815363.8241884215], [2063066.8290064204, 815224.6417240041], [2062888.8060685098, 814776.8771995864], [2062673.9646346737, 814250.4064677524], [2062624.8275938346, 814123.986116917], [2062591.0113885112, 814027.0844078254], [2062555.4547010947, 813913.7978890104], [2062512.6234219207, 813743.3448178191], [2062505.8986978394, 813705.8363626753], [2062503.894436763, 813674.5260578482], [2062503.2553304287, 813557.6739293268], [2062509.1014473436, 813313.0641823366], [2062507.5013849295, 813230.7920371674], [2062501.4541529282, 813152.8784790899], [2062490.1139525014, 813059.6650828575], [2062481.912853421, 813020.69731302], [2062470.1645173428, 812980.2659634213], [2062453.9880405061, 812935.0928254288], [2062435.1422776715, 812893.1903501799], [2062394.7817940845, 812811.9280455124], [2062329.3924891795, 812674.1891477646], [2062265.2164364313, 812522.2563807447], [2062215.194226755, 812392.558805509], [2062202.8504194177, 812353.5825055087], [2062190.2251165942, 812307.6892245759], [2062182.0171277542, 812271.6338505013], [2062151.379721834, 812069.1732974281], [2062128.5936781769, 811931.1614343518], [2062112.4824899286, 811854.6829127577], [2062096.9346207534, 811791.6745085856], [2062057.862192346, 811659.8165045847], [2062034.9271988438, 811592.0600784085], [2062021.0847068424, 811561.8173567498], [2061947.9706798354, 811437.1679997438], [2061890.7513060868, 811351.502488669], [2061678.020432338, 811067.4830435846], [2061565.3031380912, 810920.1824851704], [2061468.5175705107, 810794.3927105002], [2061332.780637264, 810617.5594027592], [2061207.3711111704, 810453.8527091682], [2061058.4865664232, 810479.7522636665], [2060952.5169620959, 810500.2810940007], [2060761.5888662634, 810539.92799634], [2060682.8498505042, 810556.1461397524], [2060646.1438871766, 810564.0785385972], [2060292.1111306683, 810639.4300939337], [2059689.1618772587, 810754.3209402672], [2059530.5083231786, 810784.212612746], [2059525.47585292, 810785.2943035208], [2059039.7461813386, 810878.2314535801], [2058452.494075001, 810990.2669906782], [2058393.0000995107, 811001.4333069233], [2058068.8885430093, 811063.4023430978], [2057959.6722260104, 811082.1155602452], [2057525.7669258418, 811156.6147550889], [2057199.0133142606, 811209.8515252513], [2056836.4477664253, 811269.2109865986], [2056831.7122115926, 811269.9301452372], [2056635.4858980018, 811300.8565925998], [2055826.0186849253, 811428.8983312608], [2055602.5634231716, 811465.2404501773], [2055313.9960869274, 811512.3820881678], [2055288.2467945958, 811516.7019614197], [2055250.6592713452, 811522.8197313423], [2055143.7969522611, 811550.2842433475], [2055113.0102684184, 811558.5988592483], [2055010.2863925116, 811588.2559521737], [2054623.6680712567, 811699.2888665942], [2054301.5870225148, 811791.8808730055], [2053770.5129534295, 811944.5203315123], [2052958.8065715893, 812182.5710365091], [2052457.9355260879, 812329.4644435039], [2052019.5351561776, 812454.6357811004], [2051916.5222388352, 812483.9392001731], [2051563.9704505063, 812584.5160987593], [2051457.9978934235, 812614.9077702498], [2051441.4211549321, 812619.6111729196], [2050254.4271378366, 812959.0074757471], [2049980.6199426816, 813039.3527875146], [2049983.8394244327, 813581.385496084]]]}}, {"type": "Feature", "properties": {"precinct_code": "34-2", "precinct_name": "IVY COMMUNITY CENTER", "county": "DURHAM"}, "geometry": {"type": "Polygon", "coordinates": [[[2022922.3787836742, 795413.9205187666], [2022929.1543606666, 795456.5152498129], [2022942.440751419, 795501.6634534976], [2022959.5801528387, 795540.9901464966], [2022982.6408022626, 795579.5937438451], [2022935.5460801704, 795611.5900709099], [2022855.8657933476, 795672.3182959252], [2022786.8426374185, 795733.0550510985], [2022727.8867185842, 795791.9794739019], [2022664.4800212523, 795864.0052485106], [2022515.1325509269, 796056.8178549915], [2022367.2670330114, 796249.2682574943], [2022327.2697376753, 796293.6477619251], [2022282.835115255, 796333.655555918], [2022236.9254301796, 796367.4740578358], [2022187.7631269256, 796396.5579891561], [2022130.9062852575, 796422.723947335], [2022076.7193857576, 796441.2481885137], [2022102.1199255134, 796518.0741503219], [2022112.4483169187, 796561.3995230098], [2022120.4092590068, 796603.6310658501], [2022139.2487882522, 796744.1547349269], [2022143.9495662595, 796791.4800995865], [2022147.4370920965, 796877.3900327537], [2022141.6198465081, 797133.2878149147], [2022134.856080504, 797466.7198908258], [2022136.8744491797, 797538.0681733318], [2022141.875423417, 797579.5697307395], [2022150.732689171, 797610.5175034953], [2022165.5033289208, 797650.2064004958], [2022176.4409710914, 797669.871387427], [2022203.3497099283, 797707.7492644105], [2022423.6717758486, 797979.8353344229], [2022467.7392730108, 798029.7391060009], [2022494.3606108425, 798055.240367354], [2022534.5931419276, 798087.6684520715], [2022550.8657471703, 798097.8734841796], [2022618.3272264295, 798135.0548402473], [2022676.0269141796, 798163.4924474204], [2022727.21349159, 798193.3811671706], [2022746.1471807496, 798207.2282523258], [2022758.8663154242, 798219.2505380153], [2022793.765195759, 798257.863321666], [2022823.633902429, 798294.287789506], [2022843.7375367575, 798325.9727655046], [2022865.0166936682, 798368.9431520102], [2022870.3316436717, 798385.6918061713], [2022886.2489346722, 798471.9757543199], [2022896.2354632607, 798571.7235863309], [2022895.5724068445, 798662.7270132664], [2022888.0743903362, 798788.6703309291], [2022888.6406621789, 798821.4320764214], [2022893.952987508, 798841.8211432537], [2022900.750218003, 798855.6587140186], [2022916.9962485118, 798899.3531804391], [2022930.0008156756, 798924.1165823407], [2022945.3754568414, 798946.3334014183], [2023107.124149086, 799154.6768167492], [2023179.865801512, 799248.2858815046], [2023212.984501675, 799290.1739210916], [2023304.6513130963, 799406.7311026684], [2023356.3933355955, 799478.847428266], [2023368.5150305016, 799496.6938492536], [2023435.0250680887, 799607.7713829991], [2023500.644031347, 799722.4886732532], [2023602.0116107601, 799919.5020587615], [2023672.0593709215, 800046.2357291735], [2023686.2509435846, 800065.9039969448], [2023732.088778423, 800115.8110493581], [2023752.2022552649, 800132.9360150853], [2023773.5024095047, 800146.7860530016], [2023815.515120759, 800168.2968367455], [2023900.7357508398, 800197.8512395956], [2024253.1572900882, 800319.3572301761], [2024566.5136187533, 800431.7343019893], [2024615.6293341673, 800452.8884591749], [2024681.0097808386, 800491.5288018435], [2024731.000494512, 800527.97262658], [2024745.4929195945, 800541.0893982515], [2024755.5460490875, 800553.4742159937], [2024768.5548813327, 800570.5939324166], [2024772.6943087569, 800575.693659749], [2024802.5584222518, 800611.3924072516], [2024928.831135587, 800744.001065916], [2024971.4140556739, 800789.5390325922], [2025030.5569820106, 800852.1999965037], [2025082.3081908377, 800905.7546794217], [2025110.6969135841, 800935.2641348399], [2025123.7067300982, 800950.9278174093], [2025143.8159418409, 800971.3300075787], [2025161.5626255125, 800985.5419214224], [2025209.777752177, 801020.1645555891], [2025264.2120265071, 801050.4246656755], [2025318.0593597605, 801074.8599842548], [2025411.8564162538, 801107.7024382435], [2025470.7421252595, 801123.7703194991], [2025502.407088177, 801129.2578413401], [2025582.9095518454, 801133.6961526729], [2025674.074067668, 801130.1354642614], [2025806.091848256, 801117.146645089], [2025908.8012884997, 801111.7765770919], [2025952.605006679, 801113.2713247528], [2026015.0517321676, 801118.7867336628], [2026097.6148872513, 801135.6049415029], [2026138.7453824275, 801147.2899574938], [2026201.4722910959, 801170.2787566794], [2026235.4968293472, 801184.8696067436], [2026355.6078095874, 801247.5879852616], [2026410.9239719212, 801282.5829939966], [2026525.7062226683, 801345.6612798987], [2026635.1656494294, 801402.9108373377], [2026734.8737833346, 801442.314958007], [2026795.2355392594, 801461.2988439257], [2026844.9477101702, 801474.084907588], [2026945.2641105943, 801494.9257451646], [2026995.8683400883, 801503.3443635121], [2027607.256881088, 801605.1089237421], [2028014.754097597, 801667.0133274954], [2028113.8021278386, 801465.4431925925], [2028182.0021226702, 801334.4628114988], [2028337.6592916695, 801055.048344095], [2028374.1355966784, 800981.9162725154], [2028435.240789427, 800844.0133330786], [2028442.660065919, 800823.6357491752], [2028455.439239846, 800770.1378246828], [2028466.7558182634, 800698.8016812446], [2028475.1143973477, 800625.2785343347], [2028476.0195792601, 800607.4426120203], [2028477.8771870893, 800523.3568221935], [2028616.3683799198, 800553.7045305169], [2028753.0472404205, 800621.1811015964], [2028903.0233184246, 800710.5119596638], [2029060.6463627517, 800847.9014486683], [2029166.8118328443, 800940.4665522567], [2029278.6088533408, 801024.6655308417], [2029291.326019509, 801034.5063904144], [2029358.7655171761, 801078.6198192528], [2029397.5177362564, 801099.4075073554], [2029467.6334096775, 801130.7831007522], [2029550.181472928, 801160.7151275071], [2030009.39085634, 801306.7870138391], [2030073.5921715042, 801331.9697062417], [2030112.3476714196, 801349.1182939982], [2030149.909932257, 801375.0017724028], [2030233.0085193384, 801443.8861490919], [2030297.169808342, 801507.2912059915], [2030456.5231641687, 801678.1796437592], [2030739.753896921, 801976.239743165], [2030779.9621498422, 802017.7796863288], [2030891.420588345, 802134.0176428346], [2030983.6585928346, 802233.1273527545], [2031184.3894905897, 802450.6574295103], [2031228.735202416, 802496.934567926], [2031276.0398978447, 802543.5791596754], [2031391.9474744222, 802647.0835458302], [2031427.434280096, 802674.0585575114], [2031479.4860132628, 802709.4239723365], [2031506.1034140885, 802727.2890941004], [2031564.9628764244, 802761.9340379155], [2031599.5727153427, 802778.3519840768], [2031659.6280414325, 802801.7138140071], [2031691.8760084212, 802812.6688446024], [2031826.796998425, 802847.3964654199], [2031869.9980275028, 802856.1795843398], [2031940.7219674278, 802866.084748255], [2032073.8929609205, 802876.786498502], [2032160.5916064237, 802622.7975051805], [2032277.8597445951, 802292.7633883354], [2032368.9904678485, 802048.9725373256], [2032414.1160337636, 801923.8008716641], [2032453.8981064276, 801813.1836388397], [2032599.1156637503, 801373.9771681648], [2032601.5096878395, 801350.3187509188], [2032612.1970024253, 801321.5734015894], [2032620.2265139236, 801287.0006360937], [2032634.1739925882, 801254.254638579], [2032641.0161705012, 801222.9568009174], [2032654.0791365048, 801186.9339070952], [2032664.7756374176, 801149.8161991795], [2032738.7295577524, 800920.9324705905], [2032790.431226002, 800740.8022534272], [2032864.1075878462, 800496.9940139989], [2032919.078934596, 800305.9474800801], [2032947.3144424276, 800201.8705885104], [2032959.7973570977, 800156.0186460859], [2033022.5341082534, 799904.1904095806], [2033066.5500963503, 799718.2278550117], [2033126.9604085854, 799431.0876812387], [2033139.1680613451, 799367.3988322539], [2033193.3976116776, 799050.4027470943], [2033224.704307587, 798849.8657465874], [2033248.5782755914, 798678.4418768502], [2033276.6533506827, 798457.152621259], [2033286.2428984214, 798353.4192329056], [2033295.2655181743, 798227.8443528413], [2033306.6565715089, 798101.9079249144], [2033315.080439182, 797982.1565240137], [2033323.5072595938, 797860.2214004161], [2033335.5987708403, 797638.914100253], [2033337.7847900845, 797538.4484219237], [2033344.5836610042, 797285.8301607572], [2033344.6601044224, 797218.4874476759], [2033341.577105344, 797065.962162173], [2033340.5754669323, 796905.0664865805], [2033329.6657118362, 796606.198317914], [2033327.3589579184, 796551.9576127632], [2033307.5715959226, 796249.8033614219], [2033287.963695511, 796050.3014638311], [2033275.64974375, 795945.0874354326], [2033253.369604588, 795752.1350654078], [2033227.5373071728, 795558.8142578405], [2033210.822445585, 795417.9221511702], [2033171.7670775063, 795136.8593930901], [2033149.1263747506, 794999.9646537604], [2033140.0302643466, 794927.879824174], [2033126.1923655123, 794860.5216911753], [2033111.2196264279, 794749.1167302423], [2033101.5211550165, 794686.1312919369], [2033073.3374843465, 794476.0637986773], [2033074.7121535076, 794306.7990453385], [2033016.289698167, 793869.5535287588], [2032747.137677431, 793906.3818671642], [2032667.4819968361, 793922.3096568388], [2032585.1550617511, 793944.4231296927], [2032525.6263094258, 793964.7419866787], [2032510.2250935147, 793970.5490616745], [2032170.815339253, 794094.3040634985], [2032108.3197293417, 794120.8086036731], [2032074.2584457537, 794135.3321966664], [2031979.767821089, 794181.82291734], [2031880.2352117584, 794237.408764162], [2031796.3961405922, 794290.4637761657], [2031710.476693006, 794351.1611613323], [2031632.550667762, 794412.231577262], [2031584.5471548445, 794453.3131879781], [2030902.4166293454, 795054.6666440878], [2029802.2216512559, 796038.9156598384], [2029560.4435915074, 796255.2597153309], [2029413.482927425, 796385.7932469334], [2029354.5279928448, 796431.6002419308], [2029288.1747790887, 796475.2156402635], [2029248.7808290138, 796497.74512276], [2029182.7343731662, 796530.8047679255], [2029114.02847384, 796559.1298424983], [2029036.4446395037, 796584.5339911826], [2028968.638672756, 796601.2117793397], [2028924.8188785026, 796609.5408309259], [2028719.6408111744, 796643.557167082], [2028374.4203730088, 796701.8280479141], [2028201.2133703374, 796736.6065216579], [2028026.2255313399, 796776.8446301647], [2027852.7127550107, 796822.5456542607], [2027738.7126549194, 796855.9271491704], [2027545.656610592, 796909.2554545815], [2027378.888571428, 796389.651506902], [2027250.7822003367, 795991.6650981852], [2027149.8322710104, 795674.8796424944], [2027130.0511425878, 795617.3472772533], [2027105.533147006, 795560.1744913314], [2027063.5696482516, 795480.4167768357], [2027052.6346307546, 795460.3859769934], [2027031.6468118443, 795427.2413582451], [2027010.6507908385, 795402.4690980928], [2026986.6948019995, 795377.6942132625], [2026960.665654586, 795353.6453768486], [2026934.9288294157, 795333.6007975019], [2026907.11753334, 795315.7389565967], [2026873.089386182, 795298.235054584], [2026811.8345874262, 795270.8781539118], [2026701.743272172, 795232.5563801519], [2025943.500038012, 794998.544381004], [2025884.9020580968, 794978.1080701645], [2025814.1672914198, 794956.569071259], [2025747.5817946773, 794929.2095459185], [2025662.9540111723, 794883.6338496718], [2025616.5052851753, 794849.3760441658], [2024895.823983758, 794286.3561728422], [2024878.3666695948, 794275.056982845], [2024867.717412679, 794264.8555596743], [2024639.0239724217, 794084.1124828482], [2024606.1834869245, 794058.9678480903], [2024519.496324347, 793992.6451460866], [2024468.0233301679, 793944.9165670148], [2024434.8931470956, 793911.7637461735], [2024398.216055094, 793871.6916478429], [2024114.2760061764, 793542.753657416], [2023799.873747839, 793166.8361021631], [2023751.3620338454, 793115.1068749292], [2023714.6846137643, 793072.852038171], [2023645.0932175086, 793094.6364434335], [2023274.6359531742, 793203.9088626702], [2023228.1419516823, 793220.2526620061], [2023208.5921220034, 793232.6135296772], [2023192.0022601779, 793246.0688833582], [2023161.7769269184, 793280.9904014207], [2023137.473497838, 793314.8243232513], [2023015.6318780037, 793521.8521244347], [2022999.9160301671, 793553.5088852578], [2022989.5338330874, 793579.3457758407], [2022980.6299795047, 793607.7315458369], [2022975.5797927524, 793629.9326169137], [2022966.062423333, 793685.6191853422], [2022965.1411653466, 793728.2080109357], [2023015.9369955047, 793888.4133991858], [2023073.5238225923, 794070.4652004327], [2023174.2257209276, 794389.0557705858], [2023182.1823979155, 794435.2918985955], [2023183.0446009182, 794468.4178165908], [2023180.3654724224, 794486.9804435024], [2023175.018698333, 794509.9088753482], [2023159.300882012, 794544.4777038414], [2023144.7766328447, 794567.3992459142], [2023021.2066700014, 794719.8238098384], [2023009.6459975846, 794738.7433914194], [2023001.3402399265, 794759.8496484169], [2022993.0400596724, 794774.0395806724], [2022978.483986424, 794838.0945706613], [2022945.695338086, 795124.9119104304], [2022930.1845423419, 795274.5093802484], [2022924.817099004, 795324.0109216693], [2022920.9276710912, 795376.7896874952], [2022922.3787836742, 795413.9205187666]]]}}, {"type": "Feature", "properties": {"precinct_code": "54", "precinct_name": "WATERFORD VILLAGE APTS", "county": "DURHAM"}, "geometry": {"type": "Polygon", "coordinates": [[[2025730.738652512, 784070.0039021611], [2025543.5110085916, 784139.3662962598], [2025363.3955551675, 784204.7323072543], [2025350.953650922, 784209.0895820117], [2025307.7024250925, 784224.704708249], [2024999.9087493427, 784336.1923461658], [2024513.4825568348, 784517.4236110004], [2023961.8924526717, 784721.5422972612], [2023692.0245540885, 784821.4262838273], [2023398.75676793, 784930.0300692635], [2023208.8742736715, 785000.1336035796], [2023070.834195419, 785048.8021414322], [2022915.3154775929, 785106.5582595025], [2022741.135051666, 785171.2165947595], [2021585.8765354303, 785599.5133103358], [2021451.0985897626, 785649.6480525902], [2020897.4776497616, 785854.1870135702], [2020805.3561148338, 785888.7026925802], [2020784.6219043452, 785895.604253595], [2020600.3794906747, 785964.272423358], [2020575.497978763, 785973.7192548439], [2020336.4590867597, 786061.6432915941], [2020160.5132444205, 786126.3160625132], [2019999.973539264, 786181.171923921], [2019915.5540886654, 786214.6036155852], [2019697.259905844, 786285.0742751746], [2019520.7340121712, 786335.1899885834], [2019351.904625429, 786391.1360709289], [2019572.4602866753, 786924.5572481703], [2019587.83328742, 786962.4246264942], [2019722.935379429, 787298.4967890023], [2019823.4519106736, 787540.9953197452], [2019989.000792177, 787946.6155714943], [2019999.3472281713, 787972.1033814269], [2020106.3696519292, 788220.4316249209], [2020178.2067785843, 788391.5661251709], [2020302.6897973411, 788649.0078674966], [2020366.5640134225, 788770.6316400003], [2020401.4605971726, 788833.6298735825], [2020479.8308472638, 788972.7365507567], [2020537.7946420927, 789075.7921189239], [2020564.7033809272, 789127.8645213417], [2020642.4725823395, 789277.1637634168], [2020719.656155007, 789416.2704406003], [2020741.2437102627, 789455.2349295932], [2020785.3062861725, 789534.2564250873], [2020961.5608549283, 789840.1511545066], [2021075.1265726697, 790026.9703346776], [2021105.2915385945, 790077.5896560076], [2021208.2076713447, 790248.0214017545], [2021332.106701762, 790471.2502860198], [2021416.3919662545, 790607.4517852506], [2021587.8978568476, 790911.5272926058], [2021650.595894173, 791008.0366139958], [2021747.8952402626, 791158.4454339286], [2021802.9069412504, 791237.8409444226], [2021902.889352844, 791361.679279416], [2022064.1134398433, 791545.2619174998], [2022107.0050863486, 791597.7119438365], [2022160.5512390877, 791654.9021181816], [2022199.6039825089, 791693.516870343], [2022370.3201765134, 791849.0795513187], [2022521.517052591, 791974.4152586784], [2022752.8899494277, 792174.0723396606], [2022773.9214034237, 792160.2560943356], [2022795.8367139252, 792152.2649685919], [2023016.119737925, 792142.6081637717], [2023993.1653560104, 792121.5488226702], [2024650.4514430005, 792107.532446508], [2025277.2425122552, 792093.8681037667], [2025395.377446591, 792090.330053092], [2026381.3167476798, 792060.6214510918], [2026383.785574765, 791948.8716745849], [2026383.5073600854, 791928.8507172582], [2026382.1021791701, 791845.1268033402], [2026461.4960492547, 791793.5084682561], [2026579.1313126695, 791689.1428633247], [2026598.3901324263, 791673.871896508], [2026654.9881163375, 791621.141358926], [2026676.0300690094, 791598.2276908444], [2026689.6691493401, 791576.3993224148], [2026745.1208100899, 791482.5346807541], [2026775.0764588406, 791425.4117634939], [2026789.9169803427, 791385.0201120087], [2026796.1535164253, 791364.2770432542], [2026814.881497339, 791282.0272077615], [2026874.7183199227, 790926.442289013], [2026915.5017029196, 790685.8676389105], [2026922.655231921, 790634.1843433405], [2026928.892752259, 790612.7135857427], [2026932.4659078426, 790590.5118585035], [2026943.4566995036, 790551.5729600085], [2026964.5403187575, 790484.6141044243], [2027009.3542055043, 790370.3554746688], [2027040.4876734184, 790322.3345733488], [2027087.3294432599, 790257.2195460943], [2027214.2077984214, 790092.439363831], [2027405.978084177, 789877.8505541761], [2027466.1531606775, 789804.7404641662], [2027509.4188221688, 789766.1955937581], [2027534.3118170067, 789743.6503632468], [2027638.0146935873, 789668.7610773422], [2027741.708055764, 789604.7927013393], [2027855.765570416, 789540.4706515071], [2027953.8204924176, 789490.6941762564], [2028034.1097019159, 789441.2651412432], [2028078.2602041797, 789407.8180296617], [2028133.6734791687, 789362.7338022635], [2028155.898172261, 789344.5543766678], [2028200.0719684227, 789287.0830349198], [2028411.1502864202, 789021.5579754253], [2028472.816173583, 788942.2631865006], [2028617.495018093, 788756.0299631697], [2028806.9424738428, 788513.7834004175], [2028838.0910335944, 788455.2080582507], [2028846.404665261, 788432.2835634213], [2028852.645794509, 788408.9929275878], [2028857.112321005, 788383.5166005887], [2028854.778008088, 788348.2053195067], [2028905.4212795063, 788339.1548126832], [2028954.2909324153, 788327.1905977627], [2028995.760337682, 788312.6709417533], [2029129.6649254994, 788248.3734981731], [2029195.7202395957, 788225.1422454334], [2029250.5160617526, 788209.1803350841], [2029318.9276703447, 788198.6921670855], [2029378.4492048463, 788195.1114655824], [2029772.880174503, 788181.6757969235], [2029958.843385263, 788175.3126206764], [2030206.991511003, 788166.8303541536], [2030625.4086531708, 788153.066602177], [2030896.9560103433, 788138.7903840096], [2031290.2094889272, 788120.2779538293], [2031537.7700174302, 788108.5299458163], [2032114.9184694297, 788081.1261292623], [2032000.517451511, 787631.08372224], [2031683.5380985884, 786384.0038673443], [2031602.1494818486, 786065.4073916782], [2031449.6875164222, 785469.3590430979], [2031338.8042080095, 785034.248692841], [2031320.8144145906, 784963.9755394157], [2031188.9810168464, 784453.1297763439], [2031137.9568406777, 784255.4185575951], [2031051.8510417647, 783905.5140736728], [2031013.221853928, 783747.493392333], [2030936.8594738413, 783423.0806553318], [2030881.4622749246, 783437.9467673511], [2030759.1275458327, 783458.9309773532], [2030676.194968922, 783467.2163938419], [2030545.878300427, 783474.7249090018], [2030428.8939543378, 783476.7878970052], [2030102.527153001, 783478.9998348359], [2029434.095090927, 783485.6031680894], [2029347.9121924192, 783486.9732440867], [2028833.1852035096, 783494.108072335], [2028657.8581263432, 783496.4847080078], [2028410.8671505002, 783492.9686389259], [2028176.9066604238, 783489.467661678], [2028118.8598605099, 783489.776059992], [2027989.7354468391, 783490.0168731608], [2027745.9977453346, 783490.8777638352], [2027441.5433017598, 783496.7803110915], [2027275.9609557525, 783530.114890096], [2027223.2356675135, 783540.6224150006], [2027086.0896163452, 783568.5242620881], [2026933.2227960976, 783623.7134561596], [2026745.1024374207, 783691.6112862463], [2026427.5180988444, 783810.3551432487], [2026248.5821050121, 783877.1725948994], [2026051.5788900838, 783946.8873504932], [2026031.7305045864, 783953.7859587516], [2026011.2850074167, 783966.144201759], [2025938.7041158385, 783993.016523323], [2025730.738652512, 784070.0039021611]]]}}, {"type": "Feature", "properties": {"precinct_code": "55-11", "precinct_name": "055-11", "county": "DURHAM"}, "geometry": {"type": "Polygon", "coordinates": [[[2028229.7533395127, 806775.4706302553], [2027993.6143760998, 806457.8210030919], [2027843.4762249289, 806255.6485071855], [2027401.618840918, 805661.8839466627], [2027039.543121503, 805181.4095139249], [2026945.1089271738, 805214.0843173381], [2026869.3193805972, 805246.0484922479], [2026792.342828512, 805282.3797844215], [2026763.3281227513, 805296.1861872448], [2026719.2045233385, 805328.1795615902], [2026527.0553013398, 805424.10587892], [2026435.27923818, 805464.065116576], [2026400.9394118325, 805476.7747368419], [2026373.111711593, 805487.6703843342], [2026329.3007755869, 805501.8278363326], [2026299.1135000144, 805503.9846561695], [2026269.224124089, 805503.9580814303], [2026201.1753756702, 805485.6963069298], [2026139.054108843, 805457.6117174143], [2026111.2447812557, 805447.7583906576], [2026071.0138905928, 805429.5218785855], [2026045.279690087, 805415.666591351], [2025999.43955867, 805381.7723021714], [2025865.1940922574, 805257.5238630159], [2025785.3418897535, 805199.5748319187], [2025717.3325113368, 805135.4479916705], [2025653.4517335908, 805087.3421167632], [2025537.5080678482, 805013.3455455857], [2025389.6143347623, 804925.124921501], [2025359.4405105852, 804911.2663534265], [2025289.641437589, 804861.3356790071], [2025271.6083371784, 804839.1152510057], [2025247.650707931, 804823.0778815014], [2025225.7580351674, 804815.0506665909], [2025195.5838829295, 804801.1920985024], [2025167.4776399273, 804791.3394279174], [2025149.1325322543, 804787.6835953381], [2024797.6919621667, 805324.6746473443], [2024532.1964301767, 805727.7830930976], [2024470.5768027606, 805806.7235520072], [2024449.2494175863, 805831.0948943323], [2024385.2744799238, 805895.8368908375], [2024344.40612334, 805931.8407558374], [2024308.280211344, 805959.1120267507], [2024274.5247014156, 805982.3813371584], [2023854.3516572558, 806288.9040180836], [2023901.6750534186, 806319.1559260953], [2024034.4841710012, 806394.9802495046], [2024160.1994707603, 806459.5145692418], [2024255.451248749, 806503.2749804271], [2024311.3582891687, 806530.6226947693], [2024384.121923179, 806571.4529936801], [2024428.7822669295, 806600.247555518], [2024452.1477057633, 806615.5555957475], [2024491.4806323345, 806645.0739094169], [2024530.5156592592, 806677.5039626589], [2024570.4342145913, 806714.6672741687], [2024618.923947006, 806764.2144191746], [2024661.4953841728, 806813.3924704245], [2024685.1403500135, 806847.62993476], [2024688.982533915, 806853.0935064977], [2024723.853527174, 806909.9096658336], [2024750.1549837606, 806952.1579409254], [2024782.360299928, 807011.1558544245], [2024801.2595403355, 807058.1301699276], [2024816.01476018, 807106.1930659323], [2024828.9940649278, 807154.9823384366], [2024913.791795598, 807658.1273294932], [2024974.444233345, 808017.4651935039], [2025007.7683136777, 808151.0882858302], [2025049.9611426734, 808294.1834720755], [2025072.6894436786, 808360.4543369255], [2025093.655281009, 808411.4348779973], [2025119.9416457561, 808468.6083200816], [2025153.3182194226, 808539.6203171768], [2025187.586523593, 808605.5371800952], [2025217.4309520854, 808654.3412163407], [2025286.8806163375, 808755.9620760892], [2025410.3941488413, 808956.6431051842], [2025479.5413202643, 809064.0887564213], [2025510.2778073389, 809106.7054690883], [2025541.9079934205, 809142.4068412547], [2025571.4768319298, 809166.4579742533], [2025585.0801511721, 809175.5701607601], [2025606.0765002512, 809189.7853554161], [2025644.2293110935, 809210.5674661031], [2025714.0352738341, 809240.1139949341], [2025783.8481263355, 809261.2884932577], [2025822.0114358356, 809269.6943163425], [2025847.1577110142, 809275.5407613264], [2025923.185446085, 809295.6289757428], [2026006.0104116793, 809324.8234711669], [2026052.1510674225, 809346.7056452422], [2026074.6296970104, 809357.2820676726], [2026166.0150129183, 809409.4181182563], [2026216.8807248464, 809441.1329498437], [2026255.0266459303, 809468.4685250807], [2026289.325789927, 809496.1646639248], [2026306.1781184215, 809511.4687671658], [2026468.7847485838, 809661.5905141544], [2026535.0123064225, 809719.529374685], [2026583.7976419188, 809760.3435974884], [2026711.2301298364, 809866.7528334939], [2026748.1946228456, 809890.8118405071], [2026797.878906666, 809918.5224150132], [2026877.1415434186, 809957.9091472545], [2026961.7293007532, 809997.6646451637], [2027014.374864759, 810022.4664328353], [2027018.2200014305, 810024.2899199994], [2027043.9512491673, 810036.326313258], [2027097.775288506, 810066.2255316679], [2027127.0514766732, 810084.4535135911], [2027168.7452909187, 810113.2493877586], [2027249.464945763, 810175.5714415908], [2027368.910573005, 810275.4239321598], [2027523.5195157542, 810424.4521774219], [2027564.9036193355, 810466.7175128488], [2027605.468170761, 810436.5417201777], [2027631.5219244193, 810419.8216092618], [2027637.7394316788, 810415.8232576706], [2027653.132773595, 810407.8291791657], [2027694.2731112523, 810394.7632604252], [2027739.2569451765, 810384.9771907673], [2027979.5583018356, 810340.7948644169], [2028072.482328592, 810324.1384016717], [2028133.4402119203, 810318.7365095802], [2028200.6080565886, 810316.9809356728], [2028401.511198089, 810320.4507449933], [2028534.659881919, 810320.5796817476], [2028555.963645087, 810320.6003510016], [2028773.1397199193, 810325.1803943329], [2028775.8516567515, 809973.1765051709], [2028778.7427270855, 809740.5709992473], [2028778.853619263, 809627.3612519215], [2029239.5564380134, 809630.3641986639], [2029269.6892517516, 809381.7692234241], [2029284.608185174, 809257.2894855042], [2029301.8837411697, 809143.3687815819], [2029313.8181005104, 809044.7315116698], [2029318.3039839289, 808997.4136929178], [2029319.838429676, 808942.0844072655], [2029317.5251140906, 808888.2072184224], [2029313.727221428, 808839.4248356726], [2029312.5539954319, 808828.8671140043], [2029302.2856432656, 808740.4004274234], [2029233.056451008, 808431.2793264929], [2029166.1773196743, 808137.8140341733], [2029148.1885105083, 808075.5490668314], [2029131.3657095132, 808031.4861628404], [2029109.221396833, 807981.9573905037], [2029083.5259101684, 807932.7895098298], [2029058.1043730988, 807905.8269653188], [2029031.5217490944, 807855.9300835046], [2028924.5436165933, 807712.0373266767], [2028541.542414083, 807195.8487265189], [2028365.4046430157, 806958.7025472476], [2028229.7533395127, 806775.4706302553]]]}}, {"type": "Feature", "properties": {"precinct_code": "55-49", "precinct_name": "055-49", "county": "DURHAM"}, "geometry": {"type": "Polygon", "coordinates": [[[2029031.5217490944, 807855.9300835046], [2029058.1043730988, 807905.8269653188], [2029083.5259101684, 807932.7895098298], [2029109.221396833, 807981.9573905037], [2029131.3657095132, 808031.4861628404], [2029148.1885105083, 808075.5490668314], [2029166.1773196743, 808137.8140341733], [2029233.056451008, 808431.2793264929], [2029302.2856432656, 808740.4004274234], [2029312.5539954319, 808828.8671140043], [2029313.727221428, 808839.4248356726], [2029317.5251140906, 808888.2072184224], [2029319.838429676, 808942.0844072655], [2029318.3039839289, 808997.4136929178], [2029313.8181005104, 809044.7315116698], [2029301.8837411697, 809143.3687815819], [2029284.608185174, 809257.2894855042], [2029269.6892517516, 809381.7692234241], [2029239.5564380134, 809630.3641986639], [2028778.853619263, 809627.3612519215], [2028778.7427270855, 809740.5709992473], [2028775.8516567515, 809973.1765051709], [2028773.1397199193, 810325.1803943329], [2028919.600056916, 810328.6006630985], [2029107.485836013, 810330.6062365094], [2029307.8036768453, 810327.529142923], [2029368.826520665, 810553.2823003401], [2029405.3874711688, 810681.8178044254], [2029508.0581975898, 810682.2846669897], [2029529.6575638375, 810682.3063205082], [2029721.0922203357, 810683.5914229138], [2029762.516022011, 810683.633417589], [2030134.7337815028, 810685.8332163378], [2030482.6917470088, 810685.8282950753], [2030728.6712419256, 810589.2553255054], [2030835.8252270976, 810547.1412364906], [2030950.0805760021, 810505.3991940022], [2031028.8156547532, 810477.0888831704], [2031203.4485075923, 810419.7586172536], [2031649.2058181758, 810276.8120527568], [2031561.3359151783, 809993.510454014], [2031533.9133978353, 809905.0240824157], [2031517.9902013391, 809853.6803530918], [2031390.9609278452, 809386.143558498], [2031258.0340283378, 808895.6684895845], [2031192.8947229236, 808655.7106361708], [2031134.258357256, 808421.2202915066], [2031119.5165888362, 808370.970063928], [2031095.6468859185, 808277.7560115007], [2031091.5248469266, 808258.0946335025], [2031060.6056174205, 808115.3669005955], [2031043.8326850834, 808026.5284955949], [2031021.1929665946, 807888.9057393384], [2031005.609336348, 807794.6083557557], [2030996.2123735114, 807726.1629545853], [2030526.0184320058, 807715.4779365757], [2029893.6545392566, 807714.4638310112], [2029160.6796272537, 807714.0911283408], [2028924.5436165933, 807712.0373266767], [2029031.5217490944, 807855.9300835046]]]}}, {"type": "Feature", "properties": {"precinct_code": "38", "precinct_name": "HOPE VALLEY BAPTIST", "county": "DURHAM"}, "geometry": {"type": "Polygon", "coordinates": [[[2010571.3388532551, 789144.0485440978], [2010415.6075374174, 789097.0355147549], [2010328.562764004, 789072.6159441766], [2010224.9386274207, 789041.2747995101], [2010178.7507276705, 789029.9742971647], [2010089.0415895123, 789003.3706758338], [2009981.5690354272, 788968.0249460121], [2009824.6510421787, 788921.3783857522], [2008762.3326287554, 788605.8091350107], [2008735.0935100007, 788597.7927468434], [2008445.8237473355, 788511.8014489987], [2008104.1459530161, 788410.5103129994], [2007861.357724665, 788338.3700373356], [2007774.30901426, 788312.5023069134], [2006832.159323752, 788032.7079189967], [2006706.3206646729, 787995.9137012474], [2006202.9634036734, 787848.3788913353], [2006164.7679420118, 787834.5383678372], [2006147.002557592, 787827.9826066884], [2005990.9631715135, 787769.344600583], [2005911.020418004, 787730.015282948], [2005852.9890380043, 787696.1505212504], [2005784.892389418, 787648.0876252506], [2005727.4548402575, 787604.0312829165], [2005376.898782834, 787364.4461321685], [2005333.9677663443, 787329.8572906024], [2005271.19984725, 787279.6123123418], [2005016.869647263, 787074.6301107524], [2004962.6870128382, 787029.8473919141], [2004890.443719015, 786970.5017100848], [2004754.8449088344, 786816.8671748313], [2004694.7397140865, 786769.1720602486], [2004639.6679738462, 786723.2978081708], [2004607.3940882548, 786699.9963455895], [2004522.1173559264, 786655.9377066802], [2004480.36842367, 786626.0824514282], [2004406.0480342507, 786579.8420583509], [2004341.7955380974, 786534.3309945022], [2004245.2675159262, 786472.0712765016], [2004075.305257426, 786371.2164913478], [2004027.632124426, 786346.093182011], [2003966.0413683353, 786317.3278195901], [2003871.287292764, 786267.0818570836], [2003793.7067392624, 786227.0307560907], [2003699.5445260096, 786174.6010709244], [2003583.7652300019, 786114.1612311736], [2003484.864181086, 786062.8237354045], [2003353.6862938418, 785991.8265020921], [2003302.4587060057, 785965.2481431663], [2003162.988512501, 785894.2509098306], [2003003.974394842, 785809.4197146631], [2002862.7259896693, 785736.2397429136], [2002810.0167775021, 785709.2978676707], [2002761.453226342, 785685.2687162554], [2002577.562189921, 785589.1534229198], [2002430.982102513, 785509.4226112516], [2002316.382266091, 785447.5316589283], [2002187.271631928, 785380.9081045085], [2002048.0924483396, 785305.1838465017], [2001950.963377506, 785243.2955188467], [2001932.0113156736, 785231.2820914083], [2001806.1572366823, 785154.1040961698], [2001716.430382013, 785095.8571654318], [2001710.8008000837, 785146.0900046058], [2001705.763408588, 785194.1391210782], [2001698.6522023394, 785264.028417002], [2001696.5780595092, 785283.321029337], [2001693.6151389184, 785310.9856721701], [2001688.281816261, 785362.6745451745], [2001686.503932671, 785381.2391405734], [2001684.718831255, 785523.9307843507], [2001679.383211999, 785615.660915837], [2001664.8688053328, 785681.545954675], [2001635.8413043476, 785796.571315169], [2001589.6324072648, 786022.6190914239], [2001579.2636615937, 786095.4207830966], [2001573.3391327548, 786136.1894023384], [2001571.853899508, 786216.2715912557], [2001582.5057810838, 786380.4408823481], [2001603.20915176, 786847.1030067493], [2001602.61335242, 786912.2610129204], [2001600.2321235833, 787139.0394307474], [2001569.1288393438, 787343.2473556765], [2001510.4849277579, 787586.4033654258], [2001440.5930071785, 787767.3134366742], [2001400.9070629189, 787912.9158357503], [2001397.0310864311, 788464.3920950026], [2001396.136731253, 788596.5279855898], [2001341.6411053387, 788863.7095378352], [2001272.6415714168, 789047.1681604226], [2001250.4319701807, 789090.4843467665], [2001187.3579493454, 789214.973599086], [2001145.0119054164, 789315.4392774107], [2001135.534890266, 789362.0320320064], [2001137.305556014, 789517.1009475904], [2001145.5857231778, 789786.4698314192], [2001149.7277752599, 789869.8285885839], [2001148.5410978347, 789923.3383240886], [2001139.358373417, 790029.2652775894], [2001125.142194509, 790127.1837169233], [2001109.736713513, 790360.514615096], [2001117.134008421, 790492.2873174263], [2001174.2585660971, 790989.5297612544], [2001193.7900230892, 791228.686107083], [2001234.633773431, 791586.8756794289], [2001269.8571281722, 791807.8325866025], [2001279.92042826, 791886.8238984153], [2001286.7275012601, 791939.6059451], [2001322.2435063412, 792222.8091188442], [2001340.0000325162, 792389.8914618248], [2001342.0715506685, 792411.0042805071], [2001349.173898667, 792480.5310443271], [2001354.7965908337, 792533.677263496], [2001368.4100806697, 792649.0697492494], [2001438.8436668385, 793256.9740452592], [2001487.989565926, 793253.3365853493], [2001733.717749016, 793247.525901416], [2001952.5053691715, 793235.5272377557], [2002215.405105846, 793233.3615596677], [2002441.0004551697, 793246.1200643402], [2002486.8888148363, 793252.3119810974], [2002622.7776506692, 793270.524543094], [2003065.6737465109, 793330.2655653349], [2003160.1151586764, 793338.6477664276], [2003154.486561002, 793372.1362164987], [2003107.690722839, 793549.4055469924], [2003039.869664251, 793786.006779825], [2003019.7230510127, 793933.7942139183], [2003031.249602751, 794122.718048675], [2003059.3627355082, 794231.9248512584], [2003085.1113716827, 794304.3663074122], [2003115.3006157575, 794374.2598684265], [2003144.8986536728, 794438.3292940822], [2003164.7299788466, 794471.0926799971], [2003178.9376275828, 794494.3911898356], [2003218.6015902604, 794552.2736200104], [2003246.129094257, 794592.6820037517], [2003278.9869681727, 794622.5346343399], [2003366.9028028413, 794702.2634775068], [2003471.3970164221, 794779.4463940031], [2003603.126739845, 794853.7211798412], [2003796.4285185917, 794957.4893450039], [2004018.4408698366, 795092.2036425186], [2004122.3382998402, 795178.4892310989], [2004159.3375696705, 795218.899911425], [2004233.3354531692, 795298.9935832572], [2004333.3736389272, 795450.8016785763], [2004395.8183959266, 795577.8519494236], [2004449.9665815982, 795748.218406582], [2004482.2122520066, 795893.4648352625], [2004640.4766992636, 796604.408295253], [2004649.3359335084, 796740.5510675942], [2004647.5554252565, 796767.4876935098], [2004642.5118001697, 796837.7418180848], [2004619.4035786707, 796955.6785900912], [2004573.4902846795, 797150.0551698331], [2004553.337109761, 797303.6660830901], [2004553.616636755, 797410.686210262], [2004553.614012092, 797427.0667549223], [2004569.5821560014, 797534.8175236754], [2004611.0013645147, 797679.7017483404], [2004679.6531300836, 797826.0462719124], [2004916.108037756, 798176.9950450946], [2004966.7125953438, 798252.354474427], [2004978.2483334255, 798302.5905944271], [2003818.765088096, 798487.336287912], [2002728.5618879218, 798661.213892927], [2002135.364255429, 798755.8088480808], [2002052.7784625897, 798772.547659754], [2002024.3618527495, 798778.7339990912], [2001970.4882728457, 798793.2907285178], [2001890.8621197627, 798820.5866056691], [2001717.1052494212, 798887.1908031735], [2001583.298430427, 799149.27394043], [2001473.7687938353, 799356.3929487601], [2001395.9149469282, 799497.262745754], [2001327.2385750848, 799616.6565358274], [2001148.4466098412, 799916.5975370082], [2001056.3883950105, 800060.0162134154], [2000982.0912995024, 800175.4064025932], [2000750.3240465056, 800507.381788507], [2000590.1918208455, 800727.6073979231], [2000474.1641657506, 800878.3078839137], [2000396.6157644242, 800978.7748745821], [2000348.3704540874, 801037.01688409], [2000573.6081925926, 801163.3338886644], [2001140.098201333, 801480.772230178], [2001292.225849836, 801564.8662220842], [2001639.9846687603, 801757.0840135113], [2001734.3965534286, 801809.8716375744], [2002097.5398560034, 802007.192109095], [2002216.8106148392, 802072.3596296656], [2002782.082122089, 802382.5492979919], [2002831.801838921, 802409.8553457703], [2003304.1335714317, 802671.2685368505], [2003555.6852336673, 802811.4441095088], [2003913.7711316785, 803016.7947486778], [2004267.115241261, 803234.5259405121], [2004950.1076416667, 803692.5660349303], [2005302.2499820138, 803922.3218090017], [2005473.5842850055, 804035.1985517801], [2006093.2172320934, 804443.0195865055], [2006678.213437423, 804828.2766900179], [2006814.3263541746, 804915.3080119992], [2006988.3128828397, 805026.3740628299], [2007789.873287589, 805550.7608093369], [2007972.728236838, 805669.1155595056], [2008291.3877045086, 805882.881864247], [2008793.1888662588, 806208.0954526616], [2008933.726642923, 806299.1425146762], [2009021.0086205886, 806352.3156366865], [2009252.6741677534, 806493.262533267], [2009261.2542030942, 806498.3616044277], [2009551.5026383393, 806663.718557173], [2009594.107540012, 806688.1217235788], [2009823.7028813353, 806808.6874273415], [2009941.4588794245, 806870.6102037642], [2010294.1343551725, 807046.9162815918], [2010563.078043014, 807176.6020458337], [2010795.6346645043, 807270.9673426731], [2010855.1050180052, 807295.0145386693], [2011066.6577445122, 807368.2611113319], [2011098.908336179, 807379.1938322368], [2011157.7881396713, 807399.2370992587], [2011413.130804838, 807481.9672487595], [2011445.1737197642, 807266.1169586725], [2011564.4480875125, 806463.8682350755], [2011590.2446238408, 806334.651958094], [2011600.6268209226, 806271.6809554182], [2011608.9273292567, 806235.2827342618], [2011626.4059688465, 806187.2391951678], [2011674.9787063457, 806085.333559083], [2011716.7371530093, 806003.4462556802], [2011741.610134751, 805966.3262511658], [2011793.1280763447, 805900.8237575139], [2011825.9902153467, 805866.2552570765], [2011873.6538339271, 805820.044391509], [2012010.126001926, 805703.2500056823], [2011919.0264465967, 805585.6354114944], [2011730.0222314291, 805342.0315680079], [2011689.2037435023, 805289.5969615885], [2011410.5628965953, 804951.3151578346], [2011635.8167111725, 804841.8344056814], [2011642.328509166, 804839.2888070896], [2011755.3971806765, 804791.2836537426], [2011776.1162993442, 804783.2836697571], [2011858.992774011, 804751.6475781695], [2011926.7724940926, 804729.1059565818], [2012012.9019150145, 804704.7516745918], [2012106.1330277636, 804682.2208797472], [2012209.128556669, 804664.4269520801], [2012322.4803640833, 804651.0053909997], [2012423.10352242, 804644.4955615054], [2012529.348060594, 804642.3564581567], [2012726.7413665964, 804644.6254824965], [2012970.596193837, 804649.8285560897], [2013088.379422842, 804654.2488228413], [2013159.4058555947, 804654.280646922], [2013220.1193168447, 804553.8392467471], [2013315.1916332538, 804390.4383268342], [2013343.0331130035, 804340.2166425008], [2013360.2141810064, 804304.9148758324], [2013374.1413184996, 804265.9713841726], [2013383.6268638365, 804232.4862149323], [2013387.4834834207, 804212.1030535853], [2013390.7600516668, 804165.8744715017], [2013392.8427246802, 804141.4860688415], [2013390.5103802546, 804064.3133229072], [2013371.6140925882, 803966.3843849138], [2013275.8964362578, 803589.9474737573], [2013191.1384036676, 803187.3072029257], [2013184.354296505, 803136.7055980791], [2013185.5560657512, 803096.3004951595], [2013192.0842679304, 803058.8097565083], [2013201.570141346, 803024.9604147513], [2013209.273538008, 803006.0349276618], [2013227.3420714303, 802972.553695424], [2013249.2573819307, 802940.8939818491], [2013316.1824449303, 802857.2005796682], [2013280.088685096, 802827.3348257613], [2013228.0212039207, 802778.5330860962], [2013164.12500626, 802708.2494340066], [2013108.2196062498, 802637.6052183333], [2013084.8525270065, 802606.289336086], [2013065.330256342, 802580.4353851681], [2012838.1604350973, 802282.205994746], [2012745.8656721695, 802174.0529958312], [2012692.0239163327, 802117.6072425855], [2012425.7544357623, 801875.7868600938], [2012001.1929489237, 801491.2092171668], [2011892.0176423353, 801393.9728630912], [2011841.1253556765, 801355.3666410928], [2011755.014963597, 801308.0097804221], [2011311.7169656772, 801112.7234255808], [2011262.295804681, 801094.139473262], [2011191.861234261, 801071.9078904294], [2011074.961861759, 801038.7380092484], [2010823.9945159245, 800976.0337383507], [2010589.5996435122, 800916.6139096821], [2010296.01230417, 800843.3424026654], [2010004.4951706682, 800771.1666940066], [2009952.4050517546, 800763.1404633377], [2009931.3903300029, 800763.4974180025], [2009908.8943120108, 800767.1299566778], [2009889.0616745069, 800772.2195134109], [2009868.6365185075, 800779.4927928456], [2009849.9866214239, 800788.9511072462], [2009764.4287216808, 800846.8010571733], [2009738.6895999305, 800812.5750757572], [2009645.7859143477, 800706.9798145022], [2009614.7193754185, 800671.660003276], [2009537.793676258, 800579.175280091], [2009497.2579961715, 800535.1159850052], [2009475.6599422533, 800508.1721412563], [2009461.7541301684, 800491.0586584206], [2009432.7610779244, 800448.8238347634], [2009328.3311686662, 800282.435387993], [2009248.449438675, 800172.1134301736], [2009192.2287505853, 800117.4934606721], [2009211.4898669287, 800047.608429839], [2009275.4976129234, 799812.8388862591], [2009299.5021580919, 799720.7504877646], [2009405.5826545958, 799360.773189333], [2009464.5474316769, 799170.7765220853], [2009469.8807543358, 799153.6692728462], [2009549.2880758345, 798908.3488973385], [2009678.4423450963, 798610.9912243338], [2009712.5092060855, 798531.2830504115], [2009942.0750199254, 798052.3168167599], [2010106.4782344266, 797709.4710457638], [2010175.202834503, 797565.7091941636], [2010425.2384236744, 797004.486563339], [2010483.304580508, 796874.5544085032], [2010499.0066488397, 796838.1584839178], [2010666.1034275128, 796451.6356349289], [2010725.3539651777, 796327.1644271765], [2010959.0762667519, 795906.0868572637], [2011106.0060910136, 795645.8721546029], [2011226.5839338454, 795404.2128609971], [2011297.6933716668, 795246.6222969295], [2011385.692211418, 795051.1810867338], [2011534.4383050052, 794709.4304579146], [2011553.9940401767, 794666.848522085], [2011587.185902925, 794578.0422692578], [2011612.3804063357, 794500.1533174228], [2011634.6165823347, 794417.531107334], [2011662.1932988453, 794305.7901890876], [2011716.7968641673, 793977.4719480873], [2011723.330971838, 793925.0566985878], [2011785.959455507, 793521.75533984], [2011796.6516913464, 793436.2167970275], [2011803.1930168436, 793365.9649690047], [2011805.8862529267, 793294.6193111672], [2011804.4328437578, 793227.640442505], [2011800.602798925, 793181.0453913291], [2011793.8124581713, 793133.7210109202], [2011760.7101621765, 792992.8348097492], [2011749.179673419, 792953.1528025122], [2011736.4707093372, 792899.2739732561], [2011728.4936911743, 792857.7730720062], [2011717.5488311788, 792834.1080930753], [2011708.6846756772, 792788.9667791777], [2011666.7057570077, 792633.1527863457], [2011662.276303918, 792604.3939855864], [2011654.2940364173, 792575.6338724974], [2011648.3875521733, 792537.7743681599], [2011633.9449957602, 792374.6910329146], [2011618.6467980132, 792128.6124568497], [2011611.2865765109, 792023.7740838362], [2011603.0326560137, 791932.4038597482], [2011580.0779775078, 791579.3028599173], [2011572.5281238388, 791203.2753967372], [2011569.2144821715, 790595.7382260098], [2011577.2932061697, 790381.3383923284], [2011591.5287420014, 790322.3742714206], [2011611.9821131662, 790262.6844301755], [2011636.2825895099, 790208.8200365907], [2011665.3199330126, 790157.5061628416], [2011696.427154259, 790112.3809250003], [2011736.4185440857, 790063.6192115045], [2011932.2131000021, 789869.3161224255], [2011648.9666192534, 789582.3613157579], [2011556.026844503, 789496.0540736729], [2011461.0191605098, 789396.2776984259], [2011441.4877035029, 789367.5133202509], [2011325.4285524194, 789339.8034019211], [2011215.2916335915, 789309.9120575024], [2011113.7393432565, 789285.8487854125], [2011016.036782755, 789259.9672754814], [2010866.520677597, 789223.1464830069], [2010822.7025237551, 789211.4821362515], [2010797.2406324302, 789204.5562970868], [2010692.4327711759, 789173.9412008227], [2010571.3388532551, 789144.0485440978]]]}}, {"type": "Feature", "properties": {"precinct_code": "40", "precinct_name": "ROGERS-HERR MIDDLE SCHOOL", "county": "DURHAM"}, "geometry": {"type": "Polygon", "coordinates": [[[2023439.1973038458, 810329.1761212557], [2023382.4008295096, 810312.0219561023], [2023269.4282864186, 810241.3124518453], [2023215.9014905842, 810205.2321434072], [2023168.2913495908, 810169.8847731818], [2023006.242133006, 810045.9909920924], [2022889.4323272542, 809960.7191810025], [2022869.6141254294, 809952.6952469182], [2022812.2487545894, 809904.6001987588], [2022748.0772950067, 809857.227918194], [2022565.619326591, 809718.3958467565], [2022548.1725110868, 809704.1855733305], [2022522.7417876725, 809683.4172421757], [2022447.04508868, 809615.6516296694], [2022413.3391193468, 809581.4079317651], [2022374.9064534293, 809537.6964050002], [2022341.5013364987, 809496.9008829264], [2022315.785836757, 809460.8435403366], [2022286.2334024291, 809412.0424568244], [2022277.0720034242, 809397.110728166], [2022240.1370379173, 809328.6472824143], [2022226.8437574203, 809299.5157790077], [2021999.373739929, 808805.0069254987], [2021981.349825843, 808770.4115222477], [2021960.6602346757, 808739.090390673], [2021946.7645931707, 808723.0631917538], [2021931.095333172, 808704.8506297574], [2021873.7345555143, 808645.4727957593], [2021847.4166947615, 808622.1559132515], [2021808.9679527571, 808596.6461217493], [2021765.4883809227, 808572.2245826697], [2021717.568529262, 808549.9841415815], [2021671.7165868443, 808532.1131143416], [2021627.046400592, 808516.4274501747], [2021053.7063399237, 808346.0144051713], [2020928.5645298369, 808308.7949914171], [2020766.1442510057, 808262.813456085], [2020047.2296783463, 808059.5556604988], [2019997.5280060936, 808043.1409951684], [2019648.728506834, 807927.8758057468], [2019453.7649860086, 807865.4989620042], [2019301.6993452609, 807815.892105835], [2019258.2096028477, 807801.6667405844], [2018879.228077339, 807675.8343150811], [2018767.396936178, 807638.6329459219], [2018405.863210424, 807523.3743181665], [2018179.8311821676, 807448.2458595107], [2017775.6925547572, 807314.0397630961], [2017756.166347086, 807307.1116273513], [2017756.7362278393, 807343.5137855149], [2017758.7975754288, 807360.2598149983], [2017770.012448012, 807409.4089949287], [2017777.1033130882, 807427.6143390826], [2017974.2259503445, 807840.8950085989], [2018143.8647186747, 808187.9087502398], [2018222.476438092, 808348.4897939261], [2018590.9875120975, 809112.4318355877], [2018632.0681385852, 809189.99401643], [2018654.5195372554, 809247.8872733432], [2018668.3971341713, 809294.4905265844], [2018673.114316344, 809321.7949339172], [2018675.754074843, 809358.1984044149], [2018676.3180500881, 809401.8810598373], [2018678.577560008, 809571.1513905867], [2018680.6162698427, 809622.4793719237], [2018684.4115378417, 809702.9299984254], [2018687.6493922614, 809729.8692490094], [2018695.0066610128, 809792.4852654985], [2018703.5519195057, 809848.5497859155], [2018716.5358174294, 809903.8889140927], [2018921.4701188367, 810545.7862523317], [2019038.1053842595, 810914.6132705917], [2019101.2945623398, 811113.0449603365], [2019181.6080500025, 811366.4552146792], [2019218.812371925, 811482.6016359178], [2019249.2243845912, 811578.722834748], [2019344.5965691817, 811874.7337256686], [2019377.3891545106, 811949.0154012565], [2019403.984245673, 811998.903752931], [2019433.542585507, 812042.2415927517], [2019510.9905933426, 812147.1304905753], [2019584.3077039262, 812234.1801852677], [2019620.3844034218, 812262.5977793399], [2019642.5651333323, 812276.4455206668], [2019665.0437629214, 812287.3811943328], [2019708.5256313377, 812302.6990770827], [2019838.9830475906, 812331.5444918469], [2020210.2421475942, 812408.2418450123], [2020243.9648491754, 812416.6374974838], [2020289.514954924, 812435.5980895127], [2020309.9214101715, 812447.2607958317], [2020343.928888097, 812472.0376491725], [2020361.6673696784, 812491.3430567519], [2020377.0361053364, 812514.651081004], [2020417.216799259, 812596.2194874426], [2020441.151790753, 812639.5543744974], [2020509.0883346808, 812799.7709175881], [2020523.2654716682, 812833.9985394125], [2020569.3500251763, 812933.7722900051], [2020609.232163251, 813017.5250752566], [2020651.4778136772, 813106.0117749245], [2020668.0276493412, 813132.2328510879], [2020744.8785455087, 813234.2126340212], [2020770.0130096676, 813253.1594464855], [2020856.9370484215, 813334.397801096], [2020971.3593917622, 813437.8608487522], [2021013.6355539255, 813481.2095153253], [2021026.9360522628, 813499.4201088392], [2021036.9822920104, 813517.2645613303], [2021047.023938598, 813541.2969935855], [2021052.6321950867, 813559.5020096651], [2021094.798449336, 813755.7394780813], [2021115.7590373473, 813818.0021488433], [2021133.4820990122, 813856.9649974322], [2021143.2337199312, 813872.6247429991], [2021156.2405836743, 813887.1949238372], [2021192.9045523396, 813917.0711764314], [2021238.7381220914, 813949.1380414164], [2021407.8985449206, 814038.8101061664], [2021484.2005576792, 814075.6318829148], [2021508.1558903458, 814087.2981981668], [2021576.7659893322, 814123.7505530942], [2021650.988609923, 814171.1277549168], [2021711.6049585044, 814215.2192021807], [2021744.1268750888, 814243.6367962529], [2021767.5231537514, 814210.8921110863], [2021826.1582070892, 814133.7633283378], [2021838.8875123414, 814123.2161053382], [2021857.5328162631, 814113.7656649147], [2021912.8637423362, 814103.9782829273], [2022095.716395005, 814078.9976898491], [2022356.9727622562, 814049.7096906798], [2022425.3180980086, 814044.3015650054], [2022624.7327254268, 814027.7094065886], [2023018.2342350024, 813998.8935193621], [2023104.0306513454, 813998.5969320044], [2023175.3382515009, 813988.460469334], [2023347.5327890066, 813975.4923194249], [2023591.6244924227, 813955.6662435799], [2023586.4292928425, 813793.67280117], [2023579.717692092, 813309.1560536784], [2023576.5999161734, 812770.403194159], [2023575.8472930053, 812602.5892253374], [2023580.7652621707, 812372.8964432555], [2023582.7790376698, 812075.8576672475], [2023586.1435322626, 811938.9888464948], [2023585.8794251687, 811899.3104481582], [2023580.3213654323, 811820.3135589253], [2023542.1705230938, 811430.7818576671], [2023511.6620539294, 811102.7756239092], [2023478.5069365064, 810753.2901024232], [2023439.1973038458, 810329.1761212557]]]}}, {"type": "Feature", "properties": {"precinct_code": "41", "precinct_name": "WHITE ROCK BAPTIST CHURCH", "county": "DURHAM"}, "geometry": {"type": "Polygon", "coordinates": [[[2026525.7062226683, 801345.6612798987], [2026410.9239719212, 801282.5829939966], [2026355.6078095874, 801247.5879852616], [2026235.4968293472, 801184.8696067436], [2026201.4722910959, 801170.2787566794], [2026138.7453824275, 801147.2899574938], [2026097.6148872513, 801135.6049415029], [2026015.0517321676, 801118.7867336628], [2025952.605006679, 801113.2713247528], [2025908.8012884997, 801111.7765770919], [2025806.091848256, 801117.146645089], [2025674.074067668, 801130.1354642614], [2025582.9095518454, 801133.6961526729], [2025502.407088177, 801129.2578413401], [2025470.7421252595, 801123.7703194991], [2025411.8564162538, 801107.7024382435], [2025318.0593597605, 801074.8599842548], [2025264.2120265071, 801050.4246656755], [2025209.777752177, 801020.1645555891], [2025161.5626255125, 800985.5419214224], [2025143.8159418409, 800971.3300075787], [2025123.7067300982, 800950.9278174093], [2025110.6969135841, 800935.2641348399], [2025082.3081908377, 800905.7546794217], [2025030.5569820106, 800852.1999965037], [2024971.4140556739, 800789.5390325922], [2024928.831135587, 800744.001065916], [2024802.5584222518, 800611.3924072516], [2024772.6943087569, 800575.693659749], [2024768.5548813327, 800570.5939324166], [2024755.5460490875, 800553.4742159937], [2024745.4929195945, 800541.0893982515], [2024731.000494512, 800527.97262658], [2024681.0097808386, 800491.5288018435], [2024615.6293341673, 800452.8884591749], [2024566.5136187533, 800431.7343019893], [2024253.1572900882, 800319.3572301761], [2023900.7357508398, 800197.8512395956], [2023815.515120759, 800168.2968367455], [2023773.5024095047, 800146.7860530016], [2023752.2022552649, 800132.9360150853], [2023732.088778423, 800115.8110493581], [2023686.2509435846, 800065.9039969448], [2023672.0593709215, 800046.2357291735], [2023602.0116107601, 799919.5020587615], [2023500.644031347, 799722.4886732532], [2023435.0250680887, 799607.7713829991], [2023368.5150305016, 799496.6938492536], [2023356.3933355955, 799478.847428266], [2023304.6513130963, 799406.7311026684], [2023212.984501675, 799290.1739210916], [2023179.865801512, 799248.2858815046], [2023107.124149086, 799154.6768167492], [2023099.1274459222, 799160.4947184973], [2023068.0359726714, 799175.3949511541], [2023049.0848950879, 799184.4805629308], [2022977.1417975144, 799204.4447618462], [2022941.0237595132, 799212.4250608329], [2022911.1186355946, 799224.4142100982], [2022829.093209086, 799268.3960774953], [2022697.2755593364, 799396.0634730915], [2022639.2185888425, 799450.2569342583], [2022621.1461184165, 799472.083662261], [2022590.9362050877, 799496.0855827557], [2022563.087835596, 799528.0976578492], [2022506.7936568402, 799600.1293379245], [2022452.8800507637, 799656.1466143343], [2022393.0376507626, 799723.8075682548], [2022331.7290463445, 799773.9951319228], [2022258.8725647617, 799829.9983007587], [2022204.682056339, 799861.9903627465], [2022150.7920722521, 799887.7947730864], [2022092.7521620838, 799921.6047448274], [2022034.7243910122, 799939.7618607559], [2022002.747092753, 799953.5705601688], [2021984.6870895028, 799959.7450884982], [2021900.8965746744, 799993.5360314214], [2021770.934564263, 800023.6527691009], [2021706.6915825002, 800041.4421035936], [2021642.7432195838, 800061.4158169085], [2021572.8808265023, 800073.3767510075], [2021480.828189089, 800073.3094939226], [2021442.9476874182, 800065.2734207518], [2021366.8812385052, 800061.213717598], [2021314.7927600143, 800053.1674738374], [2021250.8680190884, 800041.1087709068], [2021160.9042882617, 800017.0189240777], [2021088.9985921667, 799989.3021160073], [2021100.82435593, 800008.9674310035], [2021114.6967035076, 800063.2156820853], [2021138.621524424, 800133.1236787617], [2021158.4344769283, 800158.6190345878], [2021160.797661171, 800165.1731553468], [2021174.6916622513, 800189.2082122657], [2021186.805811256, 800219.0660921767], [2021192.7096708415, 800241.2753653375], [2021196.8235077555, 800282.7759385085], [2021194.7467402534, 800289.3267784412], [2021194.7208216803, 800325.3644360044], [2021200.6118860107, 800365.0461151716], [2021210.6535325954, 800395.2668552606], [2021228.6767905073, 800439.3258222537], [2021252.6285142582, 800471.376283094], [2021266.5212030103, 800497.2315463369], [2021280.3948629186, 800549.2957466615], [2021290.4437273445, 800569.3239218355], [2021304.3433058413, 800585.3507926664], [2021350.4980691674, 800611.2293498365], [2021362.3274418435, 800625.0705295111], [2021368.5328100044, 800639.2716165931], [2021368.5239517556, 800651.2840597484], [2021382.3680841792, 800743.3901747636], [2021390.3451023398, 800763.4167095061], [2021402.1702099296, 800783.0823525998], [2021412.225964083, 800793.2821353526], [2021424.354220673, 800803.1193859971], [2021448.3036478446, 800837.3542256642], [2021456.2823064171, 800855.196709682], [2021464.2544033376, 800881.4118803416], [2021472.240279763, 800889.4259719335], [2021500.3143705896, 800949.5091850891], [2021520.1043572573, 801005.2180631754], [2021524.23459834, 801023.4217669163], [2021542.2617932572, 801061.2927541732], [2021558.2240316714, 801089.3337085817], [2021580.1029249295, 801121.3831851854], [2021599.624539421, 801138.8700268306], [2021664.1034130894, 801199.3443153352], [2021714.0823157572, 801255.4396755962], [2021764.0772945122, 801289.3300277638], [2021808.153978005, 801321.3962365912], [2021893.9500662535, 801371.3301918367], [2021923.833208589, 801385.5489954256], [2022021.759193837, 801441.6807729136], [2022130.0575336681, 801479.6196734132], [2022201.6804219175, 801483.6780642561], [2022257.9158737513, 801483.7203870103], [2022371.8569188423, 801495.8194441795], [2022417.7239530846, 801507.8669922416], [2022473.9423445915, 801529.7508067439], [2022507.9672109184, 801545.7937536639], [2022545.8336050066, 801569.8478394193], [2022583.6954059312, 801599.72606051], [2022605.578564257, 801624.1321796769], [2022619.7684965131, 801645.9838420012], [2022639.8668815068, 801682.0369195049], [2022649.9068876817, 801711.8941432581], [2022669.6660345066, 801804.0055075822], [2022669.5827013392, 801912.1181522766], [2022661.5466281758, 801969.9904118243], [2022637.482371837, 802087.9130762521], [2022637.476138263, 802095.9215904237], [2022589.4952630838, 802139.9306887505], [2022563.4211682538, 802177.7682115042], [2022541.4796110836, 802229.8058370895], [2022535.2473400822, 802251.6417514221], [2022533.4484591791, 802281.8539613296], [2022535.207642003, 802303.6961092495], [2022545.5416108356, 802335.737383746], [2022583.3502622542, 802433.6869909934], [2022597.2173605103, 802489.7561045894], [2022605.1697724299, 802539.996489671], [2022605.03460209, 802715.8163480052], [2022602.921417341, 802769.6892717482], [2022579.1366880098, 802909.8172723296], [2022558.942502677, 802999.7137460805], [2022532.8457700927, 803067.7647910899], [2022502.8773260873, 803167.8462838387], [2022458.9869939252, 803283.5701337499], [2022404.691170751, 803461.532704347], [2022340.5820469994, 803701.7349798346], [2022330.480361177, 803753.4176192516], [2022308.2323741782, 803821.4719450965], [2022296.359038337, 803867.6929812538], [2022284.4942326685, 803903.3576080956], [2022278.558220924, 803925.558351089], [2022266.4030615112, 803953.57830816], [2022233.8132316773, 804000.1477688379], [2022260.1383102546, 804019.0965498405], [2022274.3354603355, 804030.3918028213], [2022287.9394357512, 804043.1427615861], [2022302.4279238454, 804060.2628060881], [2022315.732687248, 804077.381538265], [2022327.2628479314, 804093.042924259], [2022351.4986918438, 804134.9234179383], [2022365.9753689168, 804167.331817671], [2022378.3818401704, 804198.2828712623], [2022391.3775490976, 804232.1463205792], [2022463.138232335, 804434.5947345939], [2022483.8140440127, 804487.029012925], [2022537.0002893354, 804596.2748574178], [2022599.3607289202, 804705.1637472505], [2022741.210182758, 804967.3656506668], [2022917.0425082608, 805290.7498464229], [2022972.0164796715, 805380.3408745977], [2023044.4313610953, 805494.3350691781], [2023116.8528041686, 805599.2292163385], [2023199.9241603473, 805708.1358226732], [2023284.7779932604, 805807.579849512], [2023373.7840488392, 805895.014714003], [2023389.7528489225, 805909.2240031643], [2023543.8207822598, 806048.7660469104], [2023635.789430336, 806130.0155563429], [2023666.8418616792, 806154.7940500735], [2023713.568474262, 806191.9612985858], [2023801.9997278452, 806255.3719329241], [2023854.3516572558, 806288.9040180836], [2024274.5247014156, 805982.3813371584], [2024308.280211344, 805959.1120267507], [2024344.40612334, 805931.8407558374], [2024385.2744799238, 805895.8368908375], [2024449.2494175863, 805831.0948943323], [2024470.5768027606, 805806.7235520072], [2024532.1964301767, 805727.7830930976], [2024797.6919621667, 805324.6746473443], [2025149.1325322543, 804787.6835953381], [2025167.4776399273, 804791.3394279174], [2025195.5838829295, 804801.1920985024], [2025225.7580351674, 804815.0506665909], [2025247.650707931, 804823.0778815014], [2025271.6083371784, 804839.1152510057], [2025289.641437589, 804861.3356790071], [2025359.4405105852, 804911.2663534265], [2025389.6143347623, 804925.124921501], [2025537.5080678482, 805013.3455455857], [2025653.4517335908, 805087.3421167632], [2025717.3325113368, 805135.4479916705], [2025785.3418897535, 805199.5748319187], [2025865.1940922574, 805257.5238630159], [2025999.43955867, 805381.7723021714], [2026045.279690087, 805415.666591351], [2026071.0138905928, 805429.5218785855], [2026111.2447812557, 805447.7583906576], [2026139.054108843, 805457.6117174143], [2026201.1753756702, 805485.6963069298], [2026269.224124089, 805503.9580814303], [2026299.1135000144, 805503.9846561695], [2026329.3007755869, 805501.8278363326], [2026373.111711593, 805487.6703843342], [2026400.9394118325, 805476.7747368419], [2026435.27923818, 805464.065116576], [2026527.0553013398, 805424.10587892], [2026719.2045233385, 805328.1795615902], [2026763.3281227513, 805296.1861872448], [2026792.342828512, 805282.3797844215], [2026869.3193805972, 805246.0484922479], [2026945.1089271738, 805214.0843173381], [2027039.543121503, 805181.4095139249], [2026808.9901049307, 804875.7877498387], [2026658.2420468484, 804675.4410376671], [2026612.1351836764, 804609.1478631732], [2026587.0148270896, 804570.5393445946], [2026553.628082842, 804509.7182719965], [2026510.8125516756, 804402.6587748318], [2026497.2374475908, 804360.0564978409], [2026493.7010373492, 804343.6723442522], [2026480.1695683436, 804252.6561220817], [2026474.0327695913, 804166.0145630826], [2026472.0189940932, 804101.5816211004], [2026477.412027927, 804028.4190377604], [2026485.1600439246, 803969.4552449315], [2026489.917580337, 803944.706278669], [2026497.0543770925, 803906.8549764154], [2026524.057932006, 803827.1595977655], [2026565.5735970123, 803735.8290717631], [2026605.8835557546, 803669.2504647429], [2026646.775862425, 803613.2289232516], [2026684.1081368478, 803567.0324933416], [2026767.643402843, 803483.3846947547], [2026901.8298142566, 803353.553261507], [2026932.636839255, 803323.7321269299], [2027379.6457877588, 802883.3212623551], [2027445.7116005106, 802812.0356437458], [2027478.0074676706, 802773.4799465854], [2027519.7947856793, 802713.0926001787], [2027548.5476809286, 802665.7974191819], [2027567.2241527587, 802632.6892176701], [2027614.3772736802, 802531.9010334157], [2027685.5707008406, 802360.1523611733], [2027892.8691707558, 801919.8888060034], [2028014.754097597, 801667.0133274954], [2027607.256881088, 801605.1089237421], [2026995.8683400883, 801503.3443635121], [2026945.2641105943, 801494.9257451646], [2026844.9477101702, 801474.084907588], [2026795.2355392594, 801461.2988439257], [2026734.8737833346, 801442.314958007], [2026635.1656494294, 801402.9108373377], [2026525.7062226683, 801345.6612798987]]]}}, {"type": "Feature", "properties": {"precinct_code": "43", "precinct_name": "FOREST VIEW ELEMENTARY", "county": "DURHAM"}, "geometry": {"type": "Polygon", "coordinates": [[[1999796.077923505, 801765.0472521816], [1999809.3971225913, 801863.3315044082], [1999837.5155046731, 802061.7198871761], [1999863.5617124292, 802227.3471806], [1999951.761011096, 802868.0155186594], [1999968.9269872603, 802980.496592933], [2000051.4986725012, 803575.6637096683], [2000058.305417417, 803624.805999835], [2000160.701538084, 804341.191378105], [2000218.4077875006, 804764.5435497544], [2000275.816793426, 805152.586408837], [2000287.3577808451, 805233.3982551036], [2000299.7862336773, 805322.2186154954], [2000405.7210611687, 806054.6229905911], [2000438.2695525137, 806298.5152193513], [2000511.9462424233, 806819.0617504289], [2000615.2075188449, 807547.0999924883], [2000717.8720116762, 808270.4066167393], [2000771.12584217, 808632.9705241731], [2000782.367617593, 808719.9713344219], [2000793.3137899193, 808801.5118537545], [2000919.6357157526, 809693.7256205076], [2001002.4656025937, 810277.6148726809], [2001060.148886174, 810684.5904366631], [2001116.3512015955, 811081.3737638467], [2001142.973195599, 811265.5686054169], [2001152.1427966792, 811334.3689927696], [2001158.3543984282, 811378.4154925973], [2001161.6080008466, 811400.2566562387], [2001175.2146009225, 811497.0865150712], [2001215.1462795879, 811771.9232357611], [2001253.597646251, 812048.9436791012], [2001308.3163688346, 812431.5311685163], [2001356.8221773338, 812776.2604659187], [2001386.1026305864, 812983.0254723404], [2001397.3414532545, 813063.4744584244], [2001411.5379471795, 813162.8525404984], [2001561.777148007, 814220.3399268368], [2001671.787754759, 814996.4384402509], [2001683.6167993413, 815079.0721332406], [2001692.4881726808, 815144.960452928], [2001706.386766925, 815243.9750186569], [2001719.694155008, 815333.8888808404], [2001750.743633584, 815555.943882929], [2001770.2603268493, 815689.1765561015], [2001790.9594324233, 815838.7907581755], [2001804.8573705123, 815937.8053239231], [2001832.9488497528, 816136.1989560232], [2001875.233214006, 816433.6071538288], [2001931.4138759223, 816830.0305735864], [2001969.2609130885, 817097.5890935976], [2001990.549256338, 817251.9358977631], [2002091.0762862563, 817959.2376327576], [2002135.4252789181, 818269.387931091], [2002142.521393343, 818314.5272765061], [2002156.1207755941, 818415.7265491686], [2002170.3120201696, 818515.1056155164], [2002184.2076616748, 818614.1208374171], [2002284.134299084, 819314.5078881013], [2002310.7408731729, 819505.9858515894], [2002376.370335087, 819956.6516169155], [2002377.8483505093, 819967.5725268453], [2002451.1598836768, 820497.2319005781], [2002471.2612214247, 820638.4747283446], [2002476.5824050023, 820671.6013025022], [2002493.431780757, 820794.64272308], [2002504.9599729169, 820876.1848828351], [2002521.5137455924, 820992.6738230856], [2002563.7840022594, 821290.0846455691], [2002577.6770190909, 821389.4643680933], [2002605.7579996735, 821587.4954680849], [2002648.0266159174, 821884.9069467586], [2002660.1463423378, 821958.804764831], [2002668.4215882563, 822028.3341533425], [2002686.1561328461, 822153.5599527472], [2002718.3735880873, 822380.3498535076], [2002736.1074765015, 822511.4001163358], [2002746.4529282586, 822578.7454540902], [2002752.6596087534, 822623.8851275842], [2002957.1818375133, 824065.441299587], [2003097.5572129185, 825056.6955506692], [2003210.146554677, 825849.5545292428], [2003306.7746422584, 826519.7362597646], [2003336.6174303435, 826741.4313544272], [2003365.2791184203, 826943.8328525089], [2003399.5539842553, 827188.826128931], [2003445.102777677, 827116.3905782487], [2003468.1729415064, 827081.4467505049], [2003507.8063924313, 827018.4747635924], [2003530.8768843408, 826981.711057599], [2003593.8770864308, 826881.2476758359], [2003618.1303187625, 826847.760210006], [2003649.7769090098, 826808.8134375155], [2003710.7036244294, 826741.8401462736], [2003738.5047499242, 826715.2699894179], [2003770.4459590015, 826688.7001606735], [2003819.244745924, 826653.031924922], [2003897.913879929, 826599.1665470913], [2003946.1201483465, 826571.8709980234], [2004212.8791292598, 826448.8673070023], [2004409.2537365092, 826354.2493860144], [2004437.0545339289, 826336.4164164148], [2004470.4753988378, 826310.939761346], [2004534.360113591, 826258.5297611646], [2004563.0493606771, 826232.6886055002], [2004592.92233242, 826202.4790202472], [2004639.6555066686, 826148.9745340884], [2004679.8824603423, 826098.3814594141], [2004725.1389315128, 826035.7762696915], [2005102.9062205853, 825327.0821489907], [2005202.6018873467, 825139.9909877606], [2005228.9328714297, 825081.0235860081], [2005259.405251427, 825018.0525833323], [2005298.7509732551, 824947.43887941], [2005347.8581585148, 824868.8183017479], [2005385.7232402577, 824811.3092304292], [2005417.9662860034, 824770.5445481716], [2005475.3523260949, 824705.0305715955], [2005499.311595755, 824681.737311103], [2005527.7075363381, 824656.9890010029], [2005614.6689765882, 824586.7486559087], [2005640.4018647526, 824569.2805150024], [2005713.4578210136, 824529.6158961656], [2005919.0197458416, 824428.4576339322], [2006135.5275149196, 824316.0185543477], [2006235.2057932618, 824259.2516074971], [2006281.6440205863, 824229.4114440837], [2006334.2951620088, 824191.2002344367], [2006436.3451547641, 824111.1370743463], [2006531.8892550033, 824031.4367744153], [2006616.1922360044, 823965.2033110847], [2006702.5654228493, 823901.1545546645], [2006749.892755999, 823868.039135352], [2006798.1072265042, 823837.108094843], [2006855.4906419208, 823803.2669551698], [2006973.2144878372, 823738.8625564143], [2007021.1317148355, 823715.5761856715], [2007081.4708330052, 823690.4732175007], [2007239.4163832527, 823632.2676252568], [2007294.432677419, 823607.1636728307], [2007358.3236257588, 823573.3254859141], [2007411.5666295134, 823542.7605864186], [2007457.1200160843, 823514.0142528432], [2007495.2787324204, 823487.0861570812], [2007536.6926915948, 823454.6987546675], [2007575.7405137562, 823421.9465235934], [2007612.7187862548, 823387.3737580837], [2007649.1065087598, 823349.5247524244], [2007902.9393344235, 823069.2930294254], [2008137.2495613382, 822816.3601363435], [2008178.3711982528, 822777.0570653318], [2008229.845176668, 822735.2087238445], [2008274.514050589, 822702.8232899182], [2008347.2855585956, 822653.7003566669], [2008452.0038530966, 822588.2060650897], [2008509.9830678392, 822555.0965512485], [2008584.5262258335, 822516.8958402564], [2008881.80876775, 822382.6592320953], [2009081.774903254, 822287.7102750101], [2009358.9505300077, 822151.6524762514], [2009404.8024724275, 822126.1853355914], [2009419.2985064236, 822115.2693469288], [2009458.3473128378, 822092.7123054285], [2009551.8303935993, 822028.6743757606], [2009597.3900137548, 821994.1068595969], [2009645.0224644244, 821952.6240029188], [2009690.8816246702, 821907.1359049182], [2009802.1314021791, 821785.2250595076], [2010071.3867691746, 821481.3562446698], [2010148.0237550142, 821390.0129234091], [2010175.247781917, 821353.2557790914], [2010203.9534331707, 821309.2187936819], [2010231.7722751808, 821263.3616019206], [2010272.9103162573, 821190.9352375821], [2010291.558244841, 821150.5350559107], [2010320.276363254, 821071.9161186664], [2010330.9344784177, 821042.7980666759], [2010364.6906445024, 820937.2431596691], [2010412.9661385138, 820758.1608406755], [2010433.4063863466, 820670.0744026771], [2010457.9896705016, 820576.1651416591], [2010481.9728902583, 820505.9172506853], [2010561.6079015874, 820313.3772814352], [2010692.739201008, 820043.6835950963], [2010967.1303845064, 819519.5917955014], [2010994.0640576761, 819475.9193106737], [2011023.9554020911, 819432.2474819944], [2011046.7427580953, 819402.7701787497], [2011095.5710725025, 819343.8172126731], [2011183.4655817598, 819230.2754449948], [2011213.35331726, 819197.8886987576], [2011311.3012840918, 819095.9997949152], [2011374.33396642, 819023.5836011758], [2011405.4067389225, 818988.285443431], [2011502.4662560986, 818892.5855035847], [2011623.2087967559, 818749.9361825846], [2011653.0965322575, 818720.4621601753], [2011690.9711284179, 818689.8992291625], [2011770.2678858354, 818635.6916604171], [2011835.6568626745, 818594.2193024171], [2011876.1909023365, 818571.666197924], [2011924.1205965139, 818548.0241848227], [2011970.8649255915, 818529.8421346097], [2012025.5957872565, 818512.0275376701], [2012162.273335427, 818472.405241592], [2012189.4904725866, 818464.7720547591], [2012330.8986543403, 818431.7051917602], [2012341.2982398435, 817617.3915316872], [2012356.2234068376, 816594.8601121696], [2012364.7575105121, 815997.8685240011], [2012376.5340617616, 814728.5311676682], [2012388.689877348, 813965.1845972508], [2012400.6288298387, 813015.4601187658], [2012455.0821330114, 812979.8092714236], [2012643.5968478483, 812857.5788728306], [2012756.9434059274, 812784.0957520899], [2012878.872952088, 812705.1566055052], [2012944.5729519268, 812662.5953389156], [2013110.5982104233, 812558.5591296685], [2013203.5232214194, 812505.0897484212], [2013309.469203754, 812446.5304823387], [2013442.049975337, 812373.422688932], [2013553.3230467604, 812313.7745142601], [2014167.107580333, 811984.6262224108], [2014230.7360620068, 811950.4389548438], [2014601.8576950869, 811747.1339152548], [2014802.5128055974, 811639.4845242476], [2014908.7583280047, 811586.0272820869], [2015149.3628336778, 811470.3923427655], [2015275.7287226776, 811417.6749285113], [2015609.5439999264, 811288.9875218422], [2015864.9378460948, 811191.567113014], [2016108.792017178, 811098.1466961716], [2016231.9036475855, 811050.5280249991], [2016448.8300510054, 810966.1958445924], [2016565.726798846, 810922.9433064144], [2017026.8118346776, 810743.3813295938], [2017342.590074509, 810620.527572683], [2017667.545789422, 810494.4064338317], [2017732.3622608352, 810464.596126007], [2017833.5881082576, 810409.6903959188], [2017965.310941919, 810321.6781047599], [2018127.227284758, 810213.6635570038], [2018492.7954512527, 809979.0990655095], [2018552.5892949274, 809940.9147586669], [2018567.0938590916, 809931.4593969902], [2018670.1034955967, 809868.5494178352], [2018703.5519195057, 809848.5497859155], [2018695.0066610128, 809792.4852654985], [2018687.6493922614, 809729.8692490094], [2018651.5523515935, 809726.9342155051], [2018604.2148478497, 809718.8958457495], [2018545.9334683416, 809703.9342615021], [2018507.1786245855, 809692.6252289986], [2018487.9493323406, 809686.7886265116], [2018400.092880755, 809649.2394889989], [2018361.0493236762, 809626.2818577593], [2018298.3388191767, 809596.0292935944], [2018128.5599592612, 809492.5426239184], [2018081.2336103457, 809465.2119699159], [2017581.3537045873, 809160.9527359102], [2017418.6660378433, 809066.5749719286], [2017375.1835132528, 809041.795822003], [2017247.3940706714, 808975.8333554997], [2017162.4959465105, 808932.8291764259], [2016908.380969167, 808822.7483598496], [2016804.245022593, 808785.9226460941], [2016641.8257280132, 808731.9552343366], [2016536.7980509242, 808700.5904676829], [2016422.59519534, 808673.2250368479], [2016300.9943886686, 808645.491824591], [2016212.824289427, 808629.4262399343], [2016116.6640486731, 808614.0844070857], [2015871.969000013, 808583.009666086], [2015420.7408998464, 808536.1747859967], [2014775.1148945084, 808463.0394335955], [2014768.9019804297, 808460.8521020076], [2014720.672418086, 808455.0036884944], [2014665.9333543484, 808448.4239772515], [2014397.8643366676, 808406.4293105913], [2014388.395851673, 808404.9683554939], [2014089.269481421, 808334.5679057505], [2013752.5729763352, 808239.3994609409], [2013226.5261281715, 808071.345335094], [2012738.93819259, 807910.5979531759], [2012492.4783836755, 807831.8638586814], [2012228.5609325033, 807747.3007075844], [2012063.7597529285, 807694.4497634249], [2011745.6960845878, 807589.1195935071], [2011413.130804838, 807481.9672487595], [2011157.7881396713, 807399.2370992587], [2011098.908336179, 807379.1938322368], [2011066.6577445122, 807368.2611113319], [2010855.1050180052, 807295.0145386693], [2010795.6346645043, 807270.9673426731], [2010563.078043014, 807176.6020458337], [2010294.1343551725, 807046.9162815918], [2009941.4588794245, 806870.6102037642], [2009823.7028813353, 806808.6874273415], [2009594.107540012, 806688.1217235788], [2009551.5026383393, 806663.718557173], [2009261.2542030942, 806498.3616044277], [2009252.6741677534, 806493.262533267], [2009021.0086205886, 806352.3156366865], [2008933.726642923, 806299.1425146762], [2008793.1888662588, 806208.0954526616], [2008291.3877045086, 805882.881864247], [2007972.728236838, 805669.1155595056], [2007789.873287589, 805550.7608093369], [2006988.3128828397, 805026.3740628299], [2006814.3263541746, 804915.3080119992], [2006678.213437423, 804828.2766900179], [2006093.2172320934, 804443.0195865055], [2005473.5842850055, 804035.1985517801], [2005302.2499820138, 803922.3218090017], [2004950.1076416667, 803692.5660349303], [2004267.115241261, 803234.5259405121], [2003913.7711316785, 803016.7947486778], [2003555.6852336673, 802811.4441095088], [2003304.1335714317, 802671.2685368505], [2002831.801838921, 802409.8553457703], [2002782.082122089, 802382.5492979919], [2002216.8106148392, 802072.3596296656], [2002097.5398560034, 802007.192109095], [2001734.3965534286, 801809.8716375744], [2001639.9846687603, 801757.0840135113], [2001292.225849836, 801564.8662220842], [2001140.098201333, 801480.772230178], [2000573.6081925926, 801163.3338886644], [2000348.3704540874, 801037.01688409], [2000314.0365332512, 801078.5141764209], [2000286.510013507, 801111.2752657508], [1999823.6024747635, 801634.7292713335], [1999781.8706028464, 801679.1396155991], [1999796.077923505, 801765.0472521816]]]}}, {"type": "Feature", "properties": {"precinct_code": "44", "precinct_name": "NORTH REGIONAL LIBRARY", "county": "DURHAM"}, "geometry": {"type": "Polygon", "coordinates": [[[2025370.252168758, 852286.0728503342], [2025414.7996518451, 852022.9132716674], [2025462.3038219227, 851758.6641282624], [2025543.36369917, 851302.5974550815], [2025570.960428761, 851167.5639325096], [2025527.2236395937, 851175.1708726682], [2025440.9488777528, 851170.7273119987], [2025416.1300297526, 851169.6137971805], [2025347.579313845, 851170.2824310042], [2025215.2055628465, 851171.624619914], [2025169.9937110103, 851176.3181800776], [2025113.5528790057, 851182.4582596906], [2025043.2239514287, 851189.679045744], [2024950.439360096, 851196.1524580112], [2024879.8171260045, 851200.8250208326], [2024872.7393842638, 851184.8014308325], [2024867.4598672537, 851138.5643185814], [2024863.9326433393, 851116.7192179327], [2024854.2623870985, 851021.6977544398], [2024845.7568266687, 850947.0630611802], [2024839.5980463475, 850892.452606083], [2024828.158764749, 850793.061072593], [2024829.0915056781, 850738.4565230088], [2024837.9710810927, 850720.2623336815], [2024840.6469287581, 850700.6065330895], [2024840.9933847636, 850640.5410364268], [2024851.123941927, 850541.1678755874], [2024854.4251164189, 850481.1046755095], [2024853.2771528382, 850441.0598080946], [2024855.6580535907, 850421.0398350091], [2024864.259742425, 850382.459531583], [2024872.0015248356, 850312.5712199238], [2024880.603213668, 850273.9905884281], [2024896.0083665834, 850226.6793313329], [2024904.0027731806, 850207.7561408561], [2024920.8656003461, 850183.7440497574], [2024917.6270897551, 850169.9081194242], [2024975.3864886765, 850005.7772140927], [2024975.442262844, 849940.2507703559], [2024942.671002924, 849907.4598254233], [2024865.9142666778, 849824.7585472512], [2024858.560606839, 849785.4364474264], [2024845.5908165143, 849747.9299607513], [2024841.4878063353, 849707.8824686682], [2024845.7597794237, 849548.4385618339], [2024848.1574124263, 849508.396647171], [2024866.326011256, 849339.1358308443], [2024864.8739144197, 849309.2838564231], [2024856.6242590088, 849280.8820103472], [2024843.3503354206, 849253.204244163], [2024832.7266690133, 849236.4493564238], [2024791.6900056757, 849192.7306118301], [2024749.4814286684, 849136.99745558], [2024727.631406755, 849116.9571413334], [2024710.2059166734, 849106.7494845848], [2024585.8337900937, 849069.1494941644], [2024567.223263012, 849062.2170933287], [2024563.0887568456, 849059.6655892658], [2024514.3532900047, 849033.7781738307], [2024495.1512286826, 849027.5734618524], [2024426.0138997578, 849017.322826164], [2024358.063248261, 849000.884866925], [2024329.704053016, 848990.668351916], [2024266.4925652605, 848960.7651965037], [2024247.2898477612, 848955.2888295078], [2024187.8998746704, 848949.4151535894], [2024141.2257554233, 848931.538876999], [2024087.7635920069, 848903.8283025068], [2024062.660295756, 848887.062259941], [2024034.315208094, 848859.0081821629], [2024005.685016007, 848818.5768325827], [2023979.716564016, 848775.5995563458], [2023941.9308784308, 848728.6081805076], [2023937.800965429, 848719.8680405088], [2023930.4377911699, 848690.3749892816], [2023915.683883666, 848664.5164451661], [2023891.4831446717, 848627.365272766], [2023871.3660589312, 848655.3796524307], [2023846.2237207603, 848686.3021627442], [2023803.0472979236, 848727.4031304267], [2023776.427928597, 848757.5963115117], [2023718.4346062553, 848850.7424506684], [2023698.0225735896, 848879.1206747569], [2023695.064246176, 848883.1226352579], [2023661.9373439262, 848921.6835817596], [2023626.1546070878, 848955.8738020879], [2023554.305341335, 849010.0574207576], [2023520.8962874261, 849032.6006827398], [2023484.8327112643, 849048.953340336], [2023441.9643586737, 849075.4936415844], [2023388.75285092, 849103.4817745747], [2023325.4937910882, 849132.5542229989], [2023306.2818872617, 849138.7277670869], [2023286.4823861727, 849140.1680529165], [2023266.6864940065, 849137.2402372642], [2023228.5769901704, 849125.5607986843], [2023209.0770291667, 849121.9049660772], [2023205.531104507, 849121.9023414274], [2023198.7345301823, 849122.2609365054], [2023189.8661095942, 849126.6221482654], [2023182.1781328467, 849133.1687231073], [2023155.5604039293, 849162.6345434234], [2023140.1844504164, 849175.7276930981], [2023131.611632929, 849180.089561002], [2023092.5995718394, 849188.4314078464], [2022957.8242508487, 849226.5494418455], [2022901.959205092, 849247.983782179], [2022875.3539433496, 849261.7964185806], [2022841.6505986755, 849283.6123198493], [2022827.4557451762, 849298.1624876006], [2022816.8051759298, 849314.5358144182], [2022784.2524195018, 849376.7604275073], [2022773.2973889261, 849404.782681177], [2022765.5920237585, 849433.899420838], [2022762.9099425073, 849463.3842700137], [2022767.8869666744, 849523.089859269], [2022766.9765354253, 849553.6682101851], [2022754.4818097507, 849662.1410903379], [2022753.2147519279, 849772.0788625908], [2022744.591409595, 849841.9668461618], [2022744.5759896794, 849861.6246152456], [2022746.340093762, 849872.9110100125], [2022749.2810327546, 849891.1153699158], [2022762.2527915821, 849929.3488892438], [2022801.785520927, 850009.8316679097], [2022807.097846255, 850017.8444471675], [2022840.1528982532, 850068.8351588475], [2022854.020324588, 850094.6923905872], [2022867.878892677, 850132.1988772762], [2022872.5934501751, 850149.3123600932], [2022902.0573020147, 850257.8177204985], [2023009.494423092, 850409.3407114074], [2023040.4799254236, 850460.330110758], [2023058.1810055096, 850496.0193438377], [2023085.905687584, 850560.1114072488], [2023092.3830368372, 850589.603474267], [2023089.420444339, 850599.4298981731], [2023079.6560281808, 850616.8960705829], [2023066.3302674314, 850654.0173874268], [2023060.1183375877, 850662.3851528248], [2023052.1360700873, 850668.2033826704], [2023024.9425549211, 850680.1951565855], [2022975.8849102557, 850690.349663823], [2022896.393927514, 850699.3886877596], [2022826.3625715065, 850702.6101379945], [2022746.5832035094, 850702.5484583344], [2022696.6505605874, 850698.5051593301], [2022667.4029156722, 850691.9300412614], [2022568.4539665896, 850644.5288893445], [2022548.9563021825, 850639.4176790743], [2022529.1600819232, 850637.9462253544], [2022489.5614078334, 850643.7405050826], [2022471.2350009219, 850652.4632566768], [2022428.961463423, 850678.6413539238], [2022410.62390168, 850701.92575617], [2022335.7746419318, 850823.82052551], [2022269.2098144281, 850932.2527233404], [2022244.6517926734, 850976.2821628469], [2022228.0776788436, 851012.6731661651], [2022212.9727221709, 851059.6225473515], [2022210.8893930034, 851079.2790040827], [2022212.0632751742, 851090.2008982585], [2022219.1410169313, 851108.0440384201], [2022225.0445484223, 851116.0571457613], [2022246.8939141796, 851136.8238364985], [2022271.9860555974, 851167.4218724181], [2022310.3734460045, 851199.486112758], [2022343.4376843406, 851237.3712075935], [2022393.0291205952, 851300.3871576732], [2022403.6537712528, 851316.7768886775], [2022418.0950153482, 851364.8407689187], [2022423.9985468378, 851372.8538762646], [2022440.5365715036, 851383.7875814295], [2022441.7150468363, 851388.1569952548], [2022443.188141005, 851393.6185985005], [2022439.6271245035, 851413.6379154142], [2022413.8637245898, 851488.609550247], [2022411.7803954182, 851508.2660070106], [2022413.2505368448, 851518.0960398264], [2022421.7964515088, 851547.5894191696], [2022477.5092665856, 851718.7291687656], [2022483.9879281677, 851747.1290463309], [2022484.2372715026, 851807.1951991747], [2022494.2454535952, 851856.3476599173], [2022496.290725098, 851886.5641349202], [2022493.0023458458, 851936.4347700926], [2022492.6608110953, 851996.5002667647], [2022489.6910007598, 852016.1560673288], [2022485.252033264, 852025.2534900992], [2022479.0414157517, 852032.8935666631], [2022442.0962796828, 852048.5188634997], [2022403.3827744287, 852058.3183845782], [2022393.6314815886, 852059.4030280724], [2022293.4679680031, 852060.4187740826], [2022280.7649094174, 852057.4968639155], [2022253.5920635008, 852044.7347503332], [2022215.4855124215, 852033.4207965857], [2022176.1939243372, 852026.1104437617], [2022156.1040695014, 852023.9109730825], [2022126.2602971788, 852026.0727141586], [2022122.1231663395, 852026.7977783429], [2022087.2525011736, 852034.4162014115], [2022067.4539843346, 852037.313505336], [2022037.6128366732, 852036.1990062484], [2021988.5725804279, 852026.6970567595], [2021950.1714104996, 852014.291241666], [2021922.4057180139, 852003.349334417], [2021902.9080535937, 851998.9664691756], [2021893.1574169265, 851999.687268255], [2021876.602660002, 852010.9598835177], [2021858.278221594, 852018.5911018354], [2021819.5647163372, 852028.3912790904], [2021789.7216001765, 852029.8250032582], [2021739.790925756, 852025.7836727551], [2021660.9111622572, 852012.6199851878], [2021581.1393401776, 852007.1006392521], [2021552.4855260842, 851998.7066271751], [2021445.5664485844, 851944.0230094984], [2021412.1941400005, 851922.8846003461], [2021372.0344434213, 851890.455859429], [2021364.6515841787, 851884.989991074], [2021330.687741341, 851864.5792707417], [2021321.531263592, 851860.5681239201], [2021292.58086218, 851852.9024568348], [2021265.4070320143, 851840.5055000109], [2021240.0087888385, 851823.7414259232], [2021218.1587669235, 851803.7037363356], [2021213.7332508408, 851794.5994238432], [2021207.549536168, 851765.4721855181], [2021186.3832399254, 851616.5659872652], [2021174.295993759, 851579.0617971657], [2021130.3436538442, 851478.1919201874], [2021119.735079258, 851438.8685080099], [2021112.3610782628, 851421.0253678343], [2021106.7528217586, 851413.012588586], [2021090.5104001763, 851400.9876782607], [2021063.3359138356, 851388.5910495017], [2021048.572163836, 851374.7469170798], [2021037.3556508424, 851358.7213585783], [2020940.150792765, 851351.0071351749], [2020776.0589293407, 851498.6889264224], [2020677.6670657534, 851498.6193727573], [2020546.431763917, 851564.0536250967], [2020404.3106570847, 851563.9545439126], [2020398.696495085, 851564.3147794176], [2020283.8036802562, 851498.7086114305], [2020086.9973153484, 851531.3361708458], [2020027.8832603397, 851560.7826342513], [2019963.4657382537, 851568.019496417], [2019945.7341464318, 851572.7399594312], [2019936.8667100982, 851577.4663279216], [2019888.0771095008, 851632.0387253276], [2019857.3386539235, 851646.2152061763], [2019756.5478450065, 851699.2964648496], [2019745.9071182604, 851704.7498660067], [2019738.8096915039, 851714.210148904], [2019726.686684252, 851726.9430630924], [2019714.8589520014, 851740.4046503422], [2019696.23202075, 851758.957762831], [2019667.0916590851, 851593.3019261524], [2019606.7489320023, 851251.067702499], [2019589.1029699286, 851127.6476737515], [2019579.4215588428, 851023.8909915083], [2019579.4248396764, 851019.1583894076], [2019577.9763517545, 850975.8372818384], [2019575.0826567565, 850884.4624645807], [2019583.7427444325, 850747.5906910899], [2019598.2968491775, 850634.3855369197], [2019614.015321672, 850547.7554608447], [2019638.315798013, 850441.4731930828], [2019656.384659513, 850374.8670270864], [2019695.1713273386, 850258.4013807629], [2019725.958667339, 850173.2378371732], [2019770.0553639226, 850070.6097615913], [2020076.022599757, 849434.8479097493], [2020189.0627280031, 849199.0307960971], [2020213.9173370905, 849150.9951310034], [2020252.9746736728, 849075.6668695894], [2020190.0263087612, 849087.2724894275], [2020145.1041545125, 849097.0706981672], [2020069.148269669, 849117.0404744981], [2019924.9149623378, 849163.5387410839], [2019815.2652472574, 849194.7712901665], [2019412.4382970047, 849297.5240374304], [2019338.5522899188, 849316.4049051625], [2019186.3514788453, 849349.7962426111], [2019151.4798294308, 849355.2338957534], [2019119.2692639253, 849358.1252941741], [2019054.2602075925, 849358.8109883467], [2018907.1115517637, 849348.5229511667], [2018769.4202260992, 849335.329079918], [2018693.188751251, 849326.5436644317], [2018496.6993148495, 849305.3048617564], [2018197.6762908394, 849278.9076048406], [2018067.6686768373, 849263.1737124159], [2017967.2118567529, 849245.2741419262], [2017911.075486095, 849232.8627494216], [2017866.758645593, 849221.1865916679], [2017728.7914018342, 849173.7782219271], [2017685.660254509, 849155.5505680921], [2017638.9861352604, 849131.8599986773], [2017622.7387924185, 849123.8416419993], [2017598.5163999207, 849110.3577450963], [2017538.2556936734, 849076.4664086687], [2017259.1092703352, 848911.7570924094], [2017200.9161452511, 848877.8677245063], [2017117.6138184222, 848829.7661146666], [2017067.693314598, 848797.7022024147], [2016993.258424087, 848744.5097235031], [2016971.4015124275, 848727.0235380065], [2016926.2113140966, 848690.5938208344], [2016833.4733105898, 848605.3564584979], [2016768.7959465107, 848540.1571138236], [2016666.0271231697, 848425.0635119985], [2016552.6244628415, 848300.8636291707], [2016524.8630354241, 848272.0890804243], [2016401.414791508, 848143.1516742564], [2016333.7833650853, 848072.8552269227], [2016303.363478424, 848041.5311425914], [2016231.8915085034, 847968.3206590955], [2016214.4666745972, 847950.4732538431], [2016152.7374673323, 847892.5580153326], [2016075.0545518412, 847827.7169376849], [2016053.4909466812, 847812.415787182], [2016019.5205421757, 847788.3708877614], [2015966.3461078394, 847756.6708199242], [2015787.6174626793, 847655.7366385898], [2015581.705472932, 847545.6883022379], [2015466.488839836, 847484.1054201636], [2015400.0185003418, 847446.5749834176], [2015390.2695040873, 847440.7452706712], [2015362.5005307633, 847423.6212891851], [2015292.4898440079, 847373.7119401639], [2015251.4302148393, 847341.6555738428], [2015220.1205661756, 847313.6087139165], [2015055.3095440879, 847147.1598998436], [2015003.6209991712, 847095.0766706828], [2014997.7135306739, 847089.2489264143], [2014905.8515096775, 847004.0181257628], [2014860.951993169, 846966.8640005876], [2014821.9569924164, 846940.269565582], [2014783.2552981693, 846918.4080607654], [2014603.9183865055, 846834.2264705852], [2014408.3341320024, 846734.384478657], [2014280.403613598, 846674.620162503], [2014240.811829255, 846658.2196047603], [2014199.742685675, 846641.8180627531], [2014134.147672505, 846619.9444188314], [2014026.5921133454, 846590.7699365036], [2013980.7916800068, 846579.827045018], [2013935.5814685982, 846570.7046879214], [2013915.4873486762, 846567.7831058285], [2013880.6183239208, 846562.6699270895], [2013835.4051597558, 846559.0081890065], [2013756.7993458353, 846553.1466521561], [2013669.3270798496, 846549.4655571625], [2013572.396171345, 846549.4206097587], [2013207.7180949312, 846560.5390258434], [2013026.855923846, 846568.1029870945], [2012835.353354097, 846579.667596508], [2012572.9214642656, 846601.7600719965], [2012290.393814086, 846626.0306927614], [2012226.8548991669, 846630.7367200765], [2011756.6678474245, 846666.5837612578], [2011245.1058784293, 846710.7952869972], [2011150.8331010926, 846716.2198168349], [2011090.8420793428, 846718.3812298228], [2010919.1455723348, 846717.5889085862], [2010843.1978895976, 846715.3763145977], [2010783.2088363478, 846711.3500759237], [2010619.497549594, 846693.4524739353], [2010451.6550375076, 846658.8091705007], [2010247.4654852587, 846616.5090582551], [2009915.9166076772, 846542.8602554217], [2009371.0151384166, 846418.9097159209], [2009179.8258882603, 846374.8012083264], [2009088.810978426, 846355.4790684956], [2009058.0787564213, 846348.5529012519], [2008946.3785205022, 846324.4922538396], [2008785.0330426695, 846289.8604333337], [2008656.7839553358, 846262.1557643546], [2008591.7735866758, 846245.3910340905], [2008559.5643335148, 846235.5527991629], [2008480.0779439216, 846202.038430501], [2008426.595439344, 846176.1766055871], [2008371.0456816691, 846145.2180060883], [2008308.7013181741, 846105.5205789203], [2008242.2231046688, 846051.6246893476], [2008193.7688052508, 846009.0194595815], [2008158.9066702586, 845973.3341634996], [2008147.0891085844, 845960.2259219865], [2008130.2492472546, 845941.655421093], [2008115.18234825, 845923.0855763387], [2008100.7063273354, 845905.6079210049], [2008068.506916673, 845858.638854843], [2008038.3767275948, 845808.3938765825], [2008004.409275845, 845741.0383682568], [2007977.8289484244, 845678.0532579978], [2007942.686630263, 845582.302793332], [2007932.942883341, 845549.9012833353], [2007924.678792252, 845510.2196041819], [2007907.2752837543, 845388.6276557497], [2007886.9242745922, 845236.4560440949], [2007874.245166092, 845129.0628861784], [2007867.165455847, 845080.2805034284], [2007817.8797932554, 844822.5320031832], [2007793.3778737655, 844718.0479601662], [2007735.7854692633, 844574.2395207584], [2007681.1487675023, 844428.2480148486], [2007625.6196790936, 844301.9139499206], [2007615.5760640067, 844282.2535561823], [2007589.2867465026, 844228.3701337565], [2007552.951845422, 844162.1064867676], [2007518.6832131762, 844104.5806831742], [2007513.3656385087, 844095.4783391645], [2007390.1726434224, 843898.8694804027], [2007303.0196025074, 843764.5196835116], [2007178.933892667, 843581.0164415854], [2007016.7331015915, 843344.7199981664], [2006984.2341508411, 843294.8398485944], [2006951.7358562506, 843241.3192863282], [2006829.1311145886, 843024.3272662612], [2006771.8202055842, 842907.8235622696], [2006711.2612715974, 842774.5738287622], [2006672.8587893406, 842686.4693461735], [2006640.06686017, 842618.0239449983], [2006629.7273139216, 842596.5436730196], [2006574.1824775056, 842504.4309963334], [2006514.497885584, 842418.8701438397], [2006504.45197393, 842404.6706971616], [2006481.994997845, 842377.7271815054], [2006445.3530107604, 842342.4080264369], [2006215.1526837489, 842136.6804194974], [2006115.5652845069, 842050.7478485795], [2005836.5966823385, 841819.1666188382], [2005808.4930640003, 841942.9317912614], [2005786.6036720858, 842031.0234785778], [2005759.0978215924, 842123.1181106737], [2005727.158909099, 842215.5759310032], [2005714.4433833368, 842247.2441747411], [2005708.528697015, 842265.4445976743], [2005663.5835769176, 842365.9089636602], [2005581.9817060097, 842503.4972711632], [2005569.8593549274, 842526.065139439], [2005697.3695985964, 843413.9646103326], [2005850.2501983356, 844495.1717655169], [2006104.9399776745, 846238.2155234966], [2006189.632065504, 846823.5998514281], [2006217.3698709318, 847016.1795187593], [2006261.6315934213, 847324.16184242], [2006284.9425704186, 847485.7980021046], [2006374.3479034326, 848105.4037182686], [2006399.4246249213, 848294.7071454177], [2006466.109530925, 848742.8486375965], [2006517.1524078408, 849095.6097430976], [2006588.25561209, 849590.7130836002], [2006634.276517422, 849925.6359701835], [2006659.9411642558, 850113.1198471803], [2006686.1957049202, 850304.6086374207], [2006859.6668146714, 851472.1112236729], [2006884.446292669, 851643.5777442663], [2006919.8441877526, 851890.402709932], [2006931.0538110142, 851967.2168607557], [2006941.0859431757, 852025.8289482471], [2006973.2328605074, 852273.0174302579], [2007044.323269501, 852757.5666580112], [2007083.2588871736, 853026.2350839217], [2007222.477112681, 853988.0540264295], [2007260.2293337574, 854250.170300101], [2007283.233880923, 854410.716238848], [2007297.6856236751, 854511.1940562594], [2007325.4086653427, 854704.5046932506], [2007416.538732424, 855339.7731077521], [2007544.2222040878, 856267.7377872682], [2007584.9137237526, 856565.1676385832], [2007594.3494004323, 856633.2449302716], [2007595.2339130924, 856640.8902561677], [2007620.0025643415, 856820.3672594246], [2007821.3784739217, 858298.4167967561], [2008044.5610984268, 859892.2407088554], [2008178.6855020968, 860883.5579519131], [2008383.2474289252, 862385.2819825796], [2008433.9281018365, 862806.8556144922], [2008639.9572173345, 864252.1588262672], [2008663.5378788412, 864410.1594944969], [2008793.5274482504, 865262.4199290791], [2008807.0845077634, 865357.0749234891], [2009138.3079266702, 867695.7844849187], [2009155.6930625157, 867818.1083872479], [2009159.2281604274, 867845.0486220872], [2009197.8284769221, 868115.9089727598], [2009265.5973702525, 868593.1908265963], [2009313.3279178457, 868932.8584543298], [2009364.8885102568, 869296.1904048271], [2009435.0091049243, 869790.2199285972], [2009504.8324560968, 870282.4299021501], [2009576.7158425003, 870788.8389943488], [2009606.7636826776, 871003.2706520876], [2009612.0674778365, 871037.8568690087], [2009616.781379178, 871069.1661895944], [2009766.721368, 872133.3182607536], [2009930.791577922, 873289.2165395019], [2009954.3525544272, 873463.2381730818], [2009982.3951492603, 873480.7217339242], [2010037.2998950933, 873515.3250111756], [2010040.8477882585, 873500.7643447604], [2010046.7611622503, 873476.3752859145], [2010103.8168224248, 873266.340601014], [2010124.2154036756, 873189.8981685961], [2010266.417219014, 872660.9901056893], [2010297.1625643382, 872552.1514125925], [2010347.1027531764, 872434.2182495006], [2010406.7827519195, 872329.3946402376], [2010421.2597570876, 872303.5525003225], [2010503.6752746706, 872198.3729206915], [2010639.8341230885, 872080.4715816755], [2010755.0126984997, 872010.9809070083], [2011018.1361880007, 871897.1327095032], [2011095.506768166, 871868.0382795001], [2011117.6550178367, 871859.3096224162], [2011138.0312894273, 871851.6724985808], [2011428.3207350988, 871741.4784932557], [2011820.4958037606, 871592.3757730894], [2012101.9348734175, 871476.3605851713], [2012300.991890015, 871368.6862598285], [2012848.9068046813, 870942.2609315859], [2012982.4196610025, 870833.1066223371], [2013372.920192345, 870514.379569513], [2013643.4974070943, 870297.8977190104], [2013835.8132954251, 870112.6897560935], [2013917.660244585, 869999.8746930079], [2013950.4580792626, 869955.4768159218], [2014028.4730150849, 869830.6470130819], [2014204.0133464204, 869541.6807275183], [2014271.3839465987, 869449.9745460984], [2014375.9775694313, 869325.8868677501], [2014523.105227917, 869179.6138663304], [2014702.1383344228, 869009.3307423458], [2014999.9385918388, 868729.5320893339], [2015223.0122926703, 868491.1985765116], [2015300.1397630877, 868387.1223410765], [2015399.1356280898, 868253.9346153497], [2015423.0722600068, 868221.1833684981], [2015478.3552859263, 868105.0825508307], [2015513.02122709, 867886.6751792652], [2015494.298823594, 867551.7457310155], [2015483.8339495051, 867236.8431455871], [2015506.080296085, 867051.5570988426], [2015538.0480799219, 866912.8736491628], [2015674.096364259, 866533.249736502], [2015760.750718504, 866299.2170681], [2015858.3492765883, 866036.4311763308], [2016240.1877517537, 864999.8486038556], [2016303.4901185944, 864818.954936766], [2016352.5648235974, 864731.2484192529], [2016391.8701911718, 864685.7649144172], [2016463.977658511, 864606.0803624965], [2016538.7307898398, 864548.6037714346], [2016663.40311268, 864480.2344855677], [2017082.6253713362, 864249.673595006], [2017422.1312540008, 863985.5793069043], [2018222.9515027548, 863287.47112308], [2018462.9087000045, 863079.3898463487], [2018546.5361574297, 863012.4588778237], [2018667.9693135004, 862946.2805325103], [2018741.5315023353, 862917.5683196003], [2018823.357126088, 862899.0545770812], [2018992.6103965058, 862876.9571803163], [2019569.1860150085, 862817.997652606], [2019634.7639678423, 862804.9359989145], [2019703.8937508476, 862780.9557319336], [2019784.5586157583, 862733.3206565839], [2019897.4347023387, 862660.5888466832], [2019999.9846940949, 862572.1969630856], [2020032.1988685117, 862542.7314708343], [2020402.8047545846, 862220.4470104296], [2020669.6834859254, 861985.0997120842], [2020791.4568644161, 861868.6927926596], [2020852.064682841, 861787.5548315953], [2020893.7673553373, 861708.951970426], [2020933.1307936772, 861597.9475992599], [2021007.7530197522, 861334.0718146741], [2021147.48239909, 861308.6893195083], [2021216.0229444196, 861289.0807629237], [2021443.8030006746, 861223.7193450755], [2021556.9717375932, 861168.468143242], [2021584.7535061683, 861145.5541470954], [2021637.3619967531, 861102.6359258455], [2021703.5711819243, 861041.1622954942], [2021774.525108264, 860955.3012467612], [2021839.004638092, 860837.7644083317], [2021986.673634096, 860469.8304329104], [2022076.2905808392, 860315.1808078415], [2022162.9114705913, 860217.6832994219], [2022222.0271660087, 860166.0344525869], [2022275.5267309255, 860119.8419596609], [2022434.239996179, 859999.8300605878], [2022621.6395557532, 859837.9763816753], [2022693.193218424, 859747.3856835981], [2022713.59475243, 859721.9188709987], [2022784.883651836, 859592.7399955133], [2022881.934310765, 859384.2210555788], [2022950.8646190923, 859251.4004550836], [2023001.726065918, 859182.636813088], [2023110.2314263424, 859061.1331190921], [2023232.6206172546, 858940.3689249193], [2023305.0584645108, 858857.7893656773], [2023355.617090419, 858800.3114622582], [2023451.127726169, 858679.162754412], [2023531.8759242613, 858548.901203906], [2023650.8202401702, 858309.0952530947], [2023683.9678116734, 858231.9458010922], [2024063.9916579265, 857347.6411392522], [2024137.3904612502, 857181.6998700985], [2024215.789910765, 857042.701788494], [2024257.7901548455, 856980.8498780893], [2024360.7016944292, 856852.0656868394], [2024478.0872864274, 856726.5702029138], [2024591.3341071757, 856605.4401958344], [2024699.552066596, 856493.7714559308], [2024742.129737347, 856449.7587486851], [2024895.0214919287, 856262.4084015937], [2024963.9245693397, 856180.922672162], [2025014.7991395157, 856108.8863989402], [2025038.1750770046, 856064.8576155961], [2025065.1113748418, 856003.3583947609], [2025090.5903265018, 855918.9231961722], [2025108.6946210118, 855821.740647747], [2025124.7834995822, 855318.2902110864], [2025131.9563855072, 855222.1903376727], [2025145.3280779289, 855131.9205050797], [2025180.62754801, 854965.9497084068], [2025224.8023284234, 854785.7889795017], [2025283.4951244306, 854558.6801817585], [2025300.099750011, 854489.1635885005], [2025368.0008609286, 854205.636924599], [2025375.1173165159, 854175.7921680067], [2025383.123206006, 854142.3076549241], [2025390.548059927, 854097.901575754], [2025395.0021192587, 854072.0587796672], [2025396.4870244274, 854062.9590603305], [2025399.4568347638, 854045.4879666722], [2025403.0201478451, 854024.7409609151], [2025404.5132550898, 854006.1763655116], [2025410.7858803424, 853927.5495542574], [2025412.8777396681, 853899.8845833408], [2025408.2078015069, 853833.9900300894], [2025405.2917968337, 853789.5747645985], [2025401.1832092549, 853757.536114752], [2025389.7353975049, 853671.2495419164], [2025357.1344128416, 853446.9743999224], [2025334.2325557629, 853280.9537345972], [2025312.020986005, 852999.5343499264], [2025314.9238673453, 852717.0444293262], [2025327.1597352605, 852575.8088194396], [2025361.0454942577, 852340.6705101546], [2025370.252168758, 852286.0728503342]]]}}, {"type": "Feature", "properties": {"precinct_code": "46", "precinct_name": "EDISON JOHNSON CENTER", "county": "DURHAM"}, "geometry": {"type": "Polygon", "coordinates": [[[2024078.3459599153, 828683.3677592494], [2024148.987550931, 828721.2843500725], [2024193.3096407517, 828761.3639943431], [2024215.1786915078, 828776.6710503452], [2024225.817777843, 828784.3242502557], [2024279.0056635884, 828830.2355757554], [2024321.2555790856, 828872.4976303424], [2024347.5471931696, 828903.4618072615], [2024408.0998935841, 828982.5059405109], [2024469.8245076705, 829073.9280017574], [2024563.4627718497, 829190.858870246], [2024569.958821835, 829201.7850294986], [2024604.2110499279, 829259.6940344312], [2024691.053067835, 829369.7030007438], [2024750.4099045095, 829461.8517665874], [2024815.3982915897, 829537.6242528476], [2024832.8227974179, 829562.7570765793], [2024852.0133758339, 829597.7199331593], [2024880.9375305923, 829661.0849639127], [2024926.9623729272, 829782.3452200853], [2024939.0440416802, 829831.1348206733], [2024951.9787270888, 829920.3324769281], [2024961.7185370019, 829941.4544819172], [2024969.3727211813, 829980.7759255887], [2024980.2375288468, 830069.9719414167], [2024986.0836457622, 830149.3346435841], [2024996.0951086737, 830198.4867762665], [2025032.9677383434, 830301.9019237529], [2025055.670120759, 830378.3673220144], [2025078.94533667, 830476.3103675863], [2025090.1480701729, 830515.2709195953], [2025137.3179233377, 830678.0314208412], [2025190.716110511, 830817.8638183295], [2025204.5625395023, 830876.8482804172], [2025203.0074245033, 830966.0334695114], [2025204.4690357603, 830985.6922228273], [2025213.3141624168, 831015.1862583422], [2025217.7413189274, 831024.2905708438], [2025223.6491155014, 831031.2121449364], [2025255.857056336, 831055.2659026082], [2025262.6506779213, 831063.2803222557], [2025300.4179908324, 831155.4116996669], [2025313.119080932, 831170.7118659191], [2025398.2284907564, 831222.8413548319], [2025435.1749391707, 831237.7983459189], [2025508.178402097, 831270.6243957537], [2025525.3184596745, 831281.1958969122], [2025532.7049278452, 831287.3907664401], [2025557.2176740926, 831319.8106490922], [2025618.3648615018, 831385.7531025226], [2025656.7748896768, 831417.0929348315], [2025710.2285229256, 831489.5813069183], [2025742.708444835, 831539.845642094], [2025755.9899143428, 831566.7953913282], [2025767.792384178, 831594.4718451643], [2025779.9009557506, 831610.4997002505], [2025810.0360660865, 831637.1000407552], [2025844.6124405107, 831656.787993516], [2025910.2254982602, 831685.9680532501], [2025945.6896661657, 831704.5648008458], [2026023.7065705063, 831749.7733718518], [2026050.8977890904, 831761.8104212449], [2025833.091466175, 832316.7607549225], [2025245.5001216684, 833814.954280836], [2025187.4723505983, 833908.4599993351], [2024976.6650294203, 834267.5760790134], [2024951.2247915883, 834285.0278157751], [2024867.797136919, 834350.8462536766], [2024730.5208366825, 834466.4916916806], [2024719.574992419, 834474.8551920066], [2024680.8204767562, 834505.0368901769], [2024646.805124836, 834524.6657879135], [2024614.8655561812, 834536.6519844269], [2024574.0601915868, 834544.9905504173], [2024513.4523731782, 834546.3957313446], [2024299.4094941774, 834543.6696869192], [2023023.1259575037, 834539.3645774316], [2022872.9415465875, 834537.0627447513], [2022762.6671608402, 834536.9771150064], [2022435.6871717556, 834536.7251470202], [2022372.7115759258, 834541.4095208353], [2022299.0870512575, 834554.0945348539], [2022256.2114808431, 834564.2549475813], [2022173.7060684282, 834592.2227394336], [2022151.2317039203, 834599.8503488462], [2022096.2331262545, 834612.1859540937], [2022033.2588427532, 834615.778794674], [2021847.5922193397, 834620.7364619242], [2021635.0224345014, 834625.6754284169], [2021383.7240525924, 834630.2236476674], [2020842.6933105132, 834640.7551226754], [2020845.486612007, 834870.4593876767], [2020847.791069345, 834955.6439285856], [2020849.2175756674, 835028.4508695903], [2020854.6184835122, 835332.782938092], [2020868.9471950093, 835969.8446561038], [2020892.3326469194, 837172.2517000975], [2020898.1078978481, 837364.4639140764], [2020901.2161593453, 837565.7748631693], [2020901.1049390892, 837721.9435140906], [2020897.157768503, 837868.6449923415], [2020895.0514735149, 837920.7000063407], [2020888.4369854173, 838076.5002196684], [2020882.1256463393, 838222.1078680904], [2020878.7043933403, 838460.5453833453], [2020881.2614748494, 838605.7954209029], [2020885.624327005, 838705.5429248351], [2020898.449104502, 838960.7376244233], [2020906.2069630027, 839274.1736773337], [2020915.8450670822, 839437.630371426], [2020943.949997753, 839818.7910264368], [2021288.6015394176, 839825.5915377616], [2021470.0890373427, 839831.5485468353], [2021751.4893931756, 839831.7555674224], [2021838.3924345968, 839831.820199825], [2022133.0893517577, 839838.5934802573], [2022182.15618275, 839839.722743081], [2022274.3781111678, 839841.9766755824], [2022281.7678601746, 839841.9822529979], [2022291.5221057541, 839842.3539714176], [2022639.7199001776, 839849.5370279239], [2022883.280764759, 839855.1862948319], [2022990.8747096807, 839855.270612252], [2023049.1065485931, 839854.2240264259], [2023092.5608580103, 839850.9819069183], [2023167.6476500926, 839841.5764139313], [2023211.4024838354, 839831.7821421755], [2023276.4489416794, 839810.3556758285], [2023308.0866736788, 839798.3678389206], [2023381.1242572535, 839764.2071461021], [2023425.1891297537, 839736.9398121635], [2023459.2015289234, 839712.212827503], [2023508.8953271827, 839668.933058428], [2023556.8194439248, 839620.9193749274], [2023693.2112315008, 839467.0440265049], [2023785.81832975, 839360.0937810816], [2023822.508217006, 839315.7116520058], [2023933.7501205062, 839194.5800044993], [2023996.4622654181, 839138.5706020806], [2024030.7725642624, 839112.752412255], [2024086.6700902565, 839076.3952015094], [2024149.36189401, 839045.5038590909], [2024203.178059341, 839024.0705030079], [2024272.3646007625, 839003.7418035155], [2024325.2854266763, 838993.2287011722], [2024379.0894529214, 838986.7208401513], [2024562.3682858357, 838976.6808340106], [2024704.8499562587, 838972.067982348], [2024864.774505168, 838964.9226554125], [2024933.3583575042, 838958.7920902455], [2024999.284734847, 838949.019472013], [2025063.146155669, 838934.8767837601], [2025155.097415344, 838910.9293250873], [2025235.5217951692, 838885.8804906735], [2025363.555003672, 838840.4868806781], [2025525.3033678378, 838776.5578746636], [2025582.6743160936, 838748.213443171], [2025650.1036431803, 838710.7768382585], [2025687.9611790027, 838687.147948499], [2025762.2070935073, 838630.0604642384], [2025800.6660060883, 838595.1471482505], [2025863.3886496734, 838532.5892025072], [2025907.185478093, 838478.3872111681], [2025935.0062885876, 838439.8246242534], [2025977.6334999192, 838371.4244985889], [2026009.9024642566, 838317.2126647527], [2026154.3926608416, 838053.0547285037], [2026183.9969323413, 838004.3012170919], [2026212.1149863447, 837964.6467688403], [2026271.894722419, 837889.7102389282], [2026320.716475173, 837838.0613920884], [2026378.700611175, 837788.2412817541], [2026414.1985716687, 837760.9709950822], [2026484.8919998414, 837713.3467465035], [2026548.483080013, 837674.8169679199], [2026591.0712494268, 837652.6496894158], [2026650.2177846716, 837625.7652287467], [2026700.7846126717, 837606.881736337], [2026759.3297711748, 837591.2817019242], [2026814.6177183394, 837581.8673506768], [2026879.3633237635, 837574.645908419], [2027187.1071308411, 837561.4602392635], [2027923.499030754, 837537.3976233499], [2027968.7305675885, 837534.5285345918], [2028478.692474173, 837502.2562894236], [2028500.2688745868, 837505.9176994184], [2028501.7777298398, 837473.8842989131], [2028506.5526546673, 837427.6570291638], [2028546.2497537585, 836732.3982490896], [2028565.6526020933, 836539.845156507], [2028579.0387301736, 836454.3112068363], [2028623.8988766687, 836227.9284575046], [2028681.1976465865, 835978.9880105009], [2028739.644052012, 835766.8161907577], [2028774.6308586753, 835662.3738143464], [2028795.0907915076, 835599.7807636729], [2028822.9572055957, 835521.5417469277], [2028861.1828509262, 835430.9359570073], [2029144.3387806704, 834896.45703909], [2029208.6083371802, 834780.0314189311], [2029253.927472265, 834693.4377600831], [2029317.0257712614, 834566.4544182512], [2029327.3987820004, 834540.9826844172], [2029333.9177978337, 834526.0640790863], [2029344.586739762, 834500.2288289211], [2029556.7953048332, 833975.5120305907], [2029739.3789291685, 833517.3840098426], [2029847.2697895041, 833248.476411167], [2029879.2736625094, 833176.7954521785], [2029926.9664805082, 833086.2011451729], [2029962.7977736746, 833030.541151507], [2029999.2209291754, 832974.5179695794], [2030063.7608263341, 832890.1293588355], [2030126.8082724202, 832819.9365858464], [2030194.8796585945, 832752.297285412], [2030203.4616624261, 832744.6614739061], [2030257.913325176, 832695.9378180876], [2030529.2687535884, 832470.5212741833], [2030503.8833056686, 832430.4518005258], [2030149.0995664317, 831842.5438555906], [2029890.5351229305, 831408.7222166676], [2029781.6167055974, 831226.2337365008], [2029739.993429257, 831159.9382654267], [2029726.4058580096, 831146.4556808207], [2029709.8563504212, 831138.4301063466], [2029694.7779685096, 831137.3228250925], [2029594.7883390922, 831187.8217398311], [2029532.0788188432, 831213.9686691738], [2029479.7291860115, 831228.8410147573], [2029418.513757257, 831239.3364005799], [2029373.270409421, 831244.3875715845], [2029323.00443384, 831245.4292361763], [2029279.5429065973, 831242.8377059347], [2029253.231607512, 831238.8072021746], [2029213.0253230915, 831233.3068850891], [2029183.7593055058, 831227.4532222578], [2029132.3269936726, 831212.1130298455], [2028849.4627300075, 831112.8179528482], [2028765.2201163461, 831086.8895269978], [2028691.91022359, 831068.6162695966], [2028621.845731171, 831057.2629458468], [2028510.0864402507, 831050.2376974237], [2028423.7463898368, 831052.7022594309], [2028347.1599288434, 831058.8164204252], [2028085.7565802624, 831084.7753580079], [2027945.6016768354, 831089.0099295798], [2027901.2451382584, 831094.0640533412], [2027921.6069741677, 830825.066887918], [2027934.2690223476, 830569.167793423], [2027934.273943587, 830564.0713469307], [2027987.7984428422, 830557.9338920048], [2028007.3167765155, 830554.3121800865], [2028034.532273262, 830541.2331380087], [2028099.3123274313, 830514.3572075119], [2028117.9458203465, 830508.5504605811], [2028126.8211306792, 830503.462544275], [2028147.5399212558, 830481.6407375069], [2028170.9299663438, 830449.264818008], [2028194.3311662518, 830405.2399716711], [2028224.245804593, 830352.8486722566], [2028246.7500246756, 830319.3799071843], [2028266.2870590826, 830296.8290992527], [2028313.0409025862, 830259.7432154223], [2028451.5619510124, 830114.9944891826], [2028487.0782841723, 830080.0821574267], [2028555.7484224297, 830007.343457753], [2028587.1289370963, 829968.7871044255], [2028595.1302334215, 829950.5935712607], [2028629.8279986668, 829845.7876785136], [2028753.6732234198, 829593.6379203291], [2028759.5947995025, 829585.6349835824], [2028775.8697013413, 829573.6382884419], [2028793.0297720123, 829563.4621276718], [2028821.1478260013, 829535.8237315085], [2028845.4263207626, 829503.4491243345], [2028858.75864318, 829476.8884819015], [2028892.8517508362, 829387.007100003], [2028283.9976535898, 829407.89190077], [2028117.8139308384, 829411.7363812622], [2027934.182080253, 829417.7494925803], [2027527.5903737561, 829431.5624570794], [2026696.9621137523, 829458.4613534152], [2025871.3666520861, 829480.655862835], [2025749.6736540038, 829329.4776875091], [2025506.8745989215, 829028.2154947373], [2025395.8095323443, 828892.7010019949], [2025355.9323155126, 828843.8871232572], [2025029.4775878335, 828499.6017225892], [2024814.1003939202, 828274.4505980917], [2024735.2166934311, 828192.1138205014], [2024677.6095251753, 828125.8127720163], [2024661.3595576726, 828109.4177916892], [2024066.5244612533, 828675.34940259], [2024078.3459599153, 828683.3677592494]]]}}, {"type": "Feature", "properties": {"precinct_code": "50", "precinct_name": "MCMANNEN UNITED METHODIST", "county": "DURHAM"}, "geometry": {"type": "Polygon", "coordinates": [[[2012310.976450087, 819383.2518450981], [2012313.3576789203, 819347.9425325082], [2012322.059105082, 819054.1799966638], [2012330.8986543403, 818431.7051917602], [2012189.4904725866, 818464.7720547591], [2012162.273335427, 818472.405241592], [2012025.5957872565, 818512.0275376701], [2011970.8649255915, 818529.8421346097], [2011924.1205965139, 818548.0241848227], [2011876.1909023365, 818571.666197924], [2011835.6568626745, 818594.2193024171], [2011770.2678858354, 818635.6916604171], [2011690.9711284179, 818689.8992291625], [2011653.0965322575, 818720.4621601753], [2011623.2087967559, 818749.9361825846], [2011502.4662560986, 818892.5855035847], [2011405.4067389225, 818988.285443431], [2011374.33396642, 819023.5836011758], [2011311.3012840918, 819095.9997949152], [2011213.35331726, 819197.8886987576], [2011183.4655817598, 819230.2754449948], [2011095.5710725025, 819343.8172126731], [2011046.7427580953, 819402.7701787497], [2011023.9554020911, 819432.2474819944], [2010994.0640576761, 819475.9193106737], [2010967.1303845064, 819519.5917955014], [2010692.739201008, 820043.6835950963], [2010561.6079015874, 820313.3772814352], [2010481.9728902583, 820505.9172506853], [2010457.9896705016, 820576.1651416591], [2010433.4063863466, 820670.0744026771], [2010412.9661385138, 820758.1608406755], [2010364.6906445024, 820937.2431596691], [2010330.9344784177, 821042.7980666759], [2010320.276363254, 821071.9161186664], [2010291.558244841, 821150.5350559107], [2010272.9103162573, 821190.9352375821], [2010231.7722751808, 821263.3616019206], [2010203.9534331707, 821309.2187936819], [2010175.247781917, 821353.2557790914], [2010148.0237550142, 821390.0129234091], [2010071.3867691746, 821481.3562446698], [2009802.1314021791, 821785.2250595076], [2009690.8816246702, 821907.1359049182], [2009645.0224644244, 821952.6240029188], [2009597.3900137548, 821994.1068595969], [2009551.8303935993, 822028.6743757606], [2009458.3473128378, 822092.7123054285], [2009419.2985064236, 822115.2693469288], [2009404.8024724275, 822126.1853355914], [2009358.9505300077, 822151.6524762514], [2009081.774903254, 822287.7102750101], [2008881.80876775, 822382.6592320953], [2008584.5262258335, 822516.8958402564], [2008509.9830678392, 822555.0965512485], [2008452.0038530966, 822588.2060650897], [2008347.2855585956, 822653.7003566669], [2008274.514050589, 822702.8232899182], [2008229.845176668, 822735.2087238445], [2008178.3711982528, 822777.0570653318], [2008137.2495613382, 822816.3601363435], [2007902.9393344235, 823069.2930294254], [2007649.1065087598, 823349.5247524244], [2007612.7187862548, 823387.3737580837], [2007575.7405137562, 823421.9465235934], [2007536.6926915948, 823454.6987546675], [2007495.2787324204, 823487.0861570812], [2007457.1200160843, 823514.0142528432], [2007411.5666295134, 823542.7605864186], [2007358.3236257588, 823573.3254859141], [2007294.432677419, 823607.1636728307], [2007239.4163832527, 823632.2676252568], [2007081.4708330052, 823690.4732175007], [2007021.1317148355, 823715.5761856715], [2006973.2144878372, 823738.8625564143], [2006855.4906419208, 823803.2669551698], [2006798.1072265042, 823837.108094843], [2006749.892755999, 823868.039135352], [2006702.5654228493, 823901.1545546645], [2006616.1922360044, 823965.2033110847], [2006531.8892550033, 824031.4367744153], [2006436.3451547641, 824111.1370743463], [2006334.2951620088, 824191.2002344367], [2006281.6440205863, 824229.4114440837], [2006235.2057932618, 824259.2516074971], [2006135.5275149196, 824316.0185543477], [2005919.0197458416, 824428.4576339322], [2005713.4578210136, 824529.6158961656], [2005640.4018647526, 824569.2805150024], [2005614.6689765882, 824586.7486559087], [2005527.7075363381, 824656.9890010029], [2005499.311595755, 824681.737311103], [2005475.3523260949, 824705.0305715955], [2005417.9662860034, 824770.5445481716], [2005385.7232402577, 824811.3092304292], [2005347.8581585148, 824868.8183017479], [2005298.7509732551, 824947.43887941], [2005259.405251427, 825018.0525833323], [2005228.9328714297, 825081.0235860081], [2005202.6018873467, 825139.9909877606], [2005102.9062205853, 825327.0821489907], [2004725.1389315128, 826035.7762696915], [2004679.8824603423, 826098.3814594141], [2004639.6555066686, 826148.9745340884], [2004592.92233242, 826202.4790202472], [2004563.0493606771, 826232.6886055002], [2004534.360113591, 826258.5297611646], [2004470.4753988378, 826310.939761346], [2004437.0545339289, 826336.4164164148], [2004409.2537365092, 826354.2493860144], [2004212.8791292598, 826448.8673070023], [2003946.1201483465, 826571.8709980234], [2003897.913879929, 826599.1665470913], [2003819.244745924, 826653.031924922], [2003770.4459590015, 826688.7001606735], [2003738.5047499242, 826715.2699894179], [2003710.7036244294, 826741.8401462736], [2003649.7769090098, 826808.8134375155], [2003618.1303187625, 826847.760210006], [2003593.8770864308, 826881.2476758359], [2003530.8768843408, 826981.711057599], [2003507.8063924313, 827018.4747635924], [2003468.1729415064, 827081.4467505049], [2003445.102777677, 827116.3905782487], [2003399.5539842553, 827188.826128931], [2003437.9653247588, 827460.7579997702], [2003463.080432013, 827633.6733363327], [2003469.8760220853, 827682.8179230796], [2003483.4675303395, 827777.8302002612], [2003502.6725444188, 827911.4299986465], [2003660.7375170153, 829027.9185793425], [2003739.3223335887, 829584.5254057434], [2003749.9578110126, 829658.0600355868], [2003754.389232589, 829689.3670595876], [2003757.3432949195, 829710.8450350001], [2003813.7670666, 830118.9265679256], [2003860.4415139263, 830454.9295048428], [2003871.3709540057, 830536.4733050109], [2003876.9834755969, 830576.8810325805], [2003882.0054471784, 830613.6483475161], [2003888.2088468375, 830657.6964877521], [2003971.508877085, 831262.3573519343], [2004030.8808055962, 831692.2820170119], [2004049.7846391816, 831828.431022908], [2004106.4958118345, 832238.3340745149], [2004122.7408580945, 832357.3735345918], [2004125.1037142596, 832374.1192360056], [2004161.4330379213, 832636.9526998608], [2004171.1797375968, 832709.3957964138], [2004173.246334509, 832730.1454268437], [2004185.3598273392, 832791.3040971728], [2004206.6471863377, 832792.0350668422], [2004248.3350950917, 832792.7693173426], [2004468.008868336, 832800.8103117432], [2004539.5579378475, 832804.4615511759], [2004976.244728507, 832816.5455165115], [2005096.5781492603, 832815.8378407552], [2005328.967448264, 832811.1469052647], [2005586.1933117525, 832799.5458785917], [2005723.3810295006, 832790.1075772501], [2005846.9693650014, 832776.6627222657], [2005997.4651270045, 832753.7595528436], [2006272.1430553333, 832706.8570875765], [2006390.1169007556, 832683.2206519325], [2006597.386171251, 832633.7588085927], [2006779.8205176762, 832584.292700176], [2007127.543575512, 832481.7190864254], [2008063.389800922, 832212.9446895901], [2008357.0109328497, 832124.2037253374], [2008823.0227960956, 831984.9175865893], [2009043.6194677516, 831892.8856184273], [2009228.1427207608, 831809.5806669317], [2010189.8320703376, 831314.0931408391], [2010289.197685258, 831259.8875405951], [2010357.8084404152, 831219.5047473517], [2010425.535011007, 831171.8411287476], [2010472.856766759, 831133.6351684141], [2010550.6453250959, 831063.0414775881], [2010606.2541377528, 831002.633133853], [2010661.86688742, 830933.4879309266], [2010695.5925417547, 830883.2646061707], [2010756.5395983476, 830781.7231425982], [2010812.171704917, 830660.8864420131], [2010909.482205838, 830576.4679756851], [2010958.8787605895, 830529.5271246617], [2011012.4140865935, 830484.771636753], [2011073.049135923, 830430.9183980133], [2011262.9447535123, 830256.621830576], [2011321.21300967, 830209.3204160058], [2011385.9917515058, 830148.9169934912], [2011401.668229342, 830135.8182664241], [2011470.2898112522, 830078.3285520159], [2011486.262548343, 830064.1379635934], [2011711.6564545024, 829862.5560176641], [2011799.2120536708, 829784.3252030167], [2011955.3928436788, 829644.9662297495], [2012055.373286754, 829555.8204106669], [2012119.5614785864, 829500.1505744944], [2012365.6705664243, 829280.3810009228], [2012419.5060886757, 829234.9004488344], [2012466.5404434202, 829191.2371503413], [2012525.9970174292, 829140.2989319958], [2012659.9997021693, 829019.1354604133], [2012724.7813967625, 828963.467264668], [2012792.8147252481, 828911.4411220115], [2013065.2495478408, 828695.329349483], [2013072.9401492607, 828689.8723394208], [2013196.8798620105, 828598.9210777552], [2013360.7551904188, 828474.8622707587], [2013435.888570339, 828420.2924980072], [2013533.2043205944, 828356.9966928399], [2013607.447610422, 828310.4357623388], [2013647.9695110032, 828288.2487988173], [2013704.1695298401, 828253.6924374942], [2013777.8212854255, 828208.951713331], [2013860.3434300858, 828166.0354605871], [2013990.4832616735, 828105.3049390011], [2014061.1714405105, 828075.4883975936], [2014093.1149461716, 828060.2144780017], [2014179.7738935943, 828026.0380371683], [2014212.8981711713, 828015.8612202498], [2014253.713050172, 828000.5918938462], [2014430.27667342, 827947.5303201715], [2014525.504501341, 827927.9197951042], [2014592.933172255, 827914.1202820073], [2014735.4765223418, 827890.529778018], [2014782.4967695046, 827885.8211259973], [2014983.5954486737, 827853.1607582507], [2015298.8234927503, 827849.6830749298], [2015560.2166707525, 827876.0304631884], [2015470.952413589, 827800.2655228312], [2015395.5883910966, 827720.5041994166], [2015287.7421500836, 827550.8116254185], [2015231.6110287616, 827446.3072412497], [2015221.8603920937, 827431.0129805105], [2015176.1196699277, 827247.520237253], [2015123.8694463365, 827069.8486765838], [2015094.6532974232, 826953.7091450812], [2015086.9718823447, 826939.5083860967], [2015079.8961090888, 826898.0058444198], [2015069.575919761, 826839.3921164967], [2015062.7885317516, 826812.0867249272], [2014987.8280517599, 826513.1834513352], [2014963.0344661768, 826421.0720870064], [2014943.2661330123, 826332.2399155839], [2014862.406714677, 825998.0233924319], [2014788.613555178, 825722.0547842545], [2014761.4495675135, 825636.131071597], [2014749.9338425081, 825601.1790417507], [2014672.5534198454, 825398.0140937567], [2014640.6512526732, 825323.3728388355], [2014537.248572333, 825112.1869095137], [2014492.6315355888, 825032.8074750855], [2014484.3582581745, 825018.2422155006], [2014451.2644923476, 824959.6179889226], [2014440.0361683364, 824939.5911260827], [2014408.7153648431, 824883.5157789178], [2014336.9103903477, 824761.5324270857], [2014144.8074280925, 824494.9729208284], [2013978.4061860905, 824280.4825361674], [2013811.1191190945, 824057.2562765843], [2013694.665611833, 823905.0393894328], [2013485.6981820017, 823627.9198649176], [2013364.2213908422, 823458.5931038448], [2013238.0264332576, 823254.3182499188], [2013218.2233232567, 823227.0072809244], [2013207.5852211702, 823206.2533854176], [2013140.794672341, 823093.7398309148], [2013117.1536435045, 823050.0463487494], [2013096.470285923, 823006.3541789183], [2013035.6091871725, 822859.6251416636], [2013003.1138453353, 822772.9730839956], [2012956.1582305864, 822613.5098202509], [2012914.8233395086, 822450.7729410016], [2012867.2784870851, 822284.0288519284], [2012851.6236627551, 822236.6988940759], [2012835.0794045033, 822193.737037747], [2012780.4587788414, 821973.1144475061], [2012702.1954839227, 821706.2511360997], [2012621.8724818397, 821411.3573689164], [2012552.1852852548, 821141.2220824277], [2012492.525299593, 820936.6152081818], [2012467.131649583, 820834.3139035786], [2012438.4948958445, 820707.2577272508], [2012400.1081615824, 820553.2596756706], [2012388.0038550931, 820499.3788779179], [2012348.1673205935, 820275.4879215091], [2012329.0069258353, 820119.314021265], [2012322.2395509183, 820033.7656359184], [2012314.6368758392, 819824.8132979273], [2012310.9003347615, 819564.8994476822], [2012312.4485600153, 819400.3617190055], [2012310.976450087, 819383.2518450981]]]}}, {"type": "Feature", "properties": {"precinct_code": "51", "precinct_name": "SOUTHWEST ELEMENTARY", "county": "DURHAM"}, "geometry": {"type": "Polygon", "coordinates": [[[2020763.743009092, 791137.7128638336], [2020750.7194130884, 791131.8795421682], [2020711.946196674, 791113.2877158396], [2020673.1742925951, 791092.5115106703], [2020611.3207417568, 791053.8829790048], [2020587.648873089, 791033.4817730953], [2020563.6781205107, 791016.3564792753], [2020513.0794684296, 790971.9116862561], [2020469.5851328366, 790929.2916927584], [2020420.1800479277, 790871.0155625942], [2020280.552374422, 790692.9171655022], [2020201.8642115912, 790590.5755066647], [2020169.026678845, 790550.1477660082], [2020137.9660454243, 790508.9929926615], [2020091.2220444244, 790453.9950711762], [2020053.9389825002, 790419.024668684], [2020041.2175512603, 790403.7274551698], [2020027.014495672, 790390.6133081851], [2020009.5539006733, 790377.8610370909], [2019950.0648464279, 790341.7833533398], [2019831.9620642527, 790288.557738004], [2019764.4644958375, 790272.8599347598], [2019728.0515109296, 790264.0991254931], [2019611.9897351712, 790257.1053730856], [2019415.0675568413, 790293.0117973376], [2019360.576852172, 790308.628235923], [2019281.4956455077, 790348.2534847669], [2019232.0383953464, 790364.6015491795], [2019160.6527113477, 790408.6004769256], [2019121.259089337, 790430.0515494967], [2019057.2789023365, 790469.323124488], [2018899.3914228384, 790584.2490757561], [2018839.2570286694, 790629.7119113422], [2018783.8601578474, 790674.8138552657], [2018731.4304726708, 790710.8177202424], [2018691.7389510134, 790736.2730499272], [2018647.0149590955, 790760.9974099192], [2018571.1958850017, 790795.5308054127], [2018387.000715344, 790846.0126598348], [2018259.3861411805, 790851.0290540024], [2018145.0996243374, 790848.7741372646], [2018065.7467646764, 790853.4575268383], [2017987.5786139236, 790857.7777281643], [2017803.3962395056, 790889.3347516546], [2017687.609069513, 790921.2979423417], [2017660.6596483449, 790931.4737750003], [2017602.9107480964, 790953.2801618464], [2017400.633265512, 791044.5266985031], [2017324.8187845948, 791075.0587896673], [2017233.2996106753, 791127.0586856727], [2017162.5235055103, 791149.5858715937], [2017088.194585919, 791171.7475726777], [2017026.0106551782, 791184.8157880029], [2016950.8041126719, 791188.7764100097], [2016886.8462353363, 791197.4758676721], [2016811.0543921734, 791189.7882189987], [2016738.2198921728, 791188.2905185766], [2016690.5569297515, 791178.0710508296], [2016643.4828769278, 791174.0402190093], [2016544.6093870124, 791144.1354231698], [2016413.7599111802, 791112.3930326019], [2016380.6064341664, 791098.9061829099], [2016234.3750993465, 791041.3111537488], [2016106.5092133433, 790966.6183897529], [2015982.4989626699, 790879.1877903293], [2015871.2268755138, 790777.5682429195], [2015759.6627941716, 790667.2124925135], [2015654.900864587, 790569.9653116717], [2015533.2508454171, 790493.0944024179], [2015410.10312584, 790446.800203667], [2015230.0969241697, 790419.769417839], [2015191.3089440013, 790421.2054385825], [2015000.0334079282, 790428.0233383259], [2014907.3531470895, 790438.5325036759], [2014785.9554240103, 790442.8392535953], [2014726.1428795904, 790449.361550255], [2014640.5669352554, 790463.5153933251], [2014592.8921618466, 790473.3198356754], [2014463.4826437524, 790514.0251348394], [2014386.48509434, 790544.9282882655], [2014312.7411473377, 790583.4777518245], [2014234.8495708422, 790627.4852097521], [2014188.9411980947, 790659.1321280828], [2014093.8721625074, 790713.6881213533], [2014078.4725870062, 790720.5969001737], [2014083.2065014245, 790727.515521519], [2014092.9751826678, 790731.5243717512], [2014111.030592755, 790743.5453450832], [2014119.0210623452, 790751.5574681831], [2014135.0085631767, 790753.7490648386], [2014150.9950797553, 790757.760867832], [2014206.9595347648, 790747.5955338329], [2014229.1609339279, 790757.7985974165], [2014254.917444095, 790763.6355280102], [2014275.0450285075, 790775.6574855836], [2014341.065565749, 790787.7020809216], [2014384.8886408345, 790781.8992709981], [2014474.9019122561, 790773.9353761653], [2014529.085202842, 790773.9619509232], [2014585.045720846, 790771.8057872534], [2014691.0435403443, 790771.858280588], [2014744.9295874222, 790774.0695622517], [2014879.046773254, 790790.1535195917], [2014914.8688800945, 790798.1800783535], [2015094.855396763, 790860.1540357629], [2015190.763997586, 790902.4288855894], [2015250.5558727526, 790934.4927978365], [2015274.8241969214, 790954.5258942591], [2015283.9993754192, 790961.0829677606], [2015362.7255959224, 791020.4578490068], [2015394.6920674285, 791040.4952104831], [2015422.804872096, 791068.539117676], [2015444.7011537566, 791094.395365188], [2015474.5833118414, 791136.2725779947], [2015520.724951835, 791224.3875592523], [2015548.5247650165, 791284.1003663362], [2015548.5211560873, 791290.6525185846], [2015544.669129671, 791296.4746854188], [2015516.5376242555, 791304.4681077612], [2015496.3969165082, 791318.2899304973], [2015492.5439058407, 791326.2961480981], [2015490.4638574999, 791340.4916577506], [2015490.4566396768, 791354.3239791694], [2015492.5196276756, 791372.5257144229], [2015500.497958169, 791402.3790011737], [2015516.4605246775, 791450.4369759157], [2015546.3062655043, 791560.3842625867], [2015586.2336790867, 791640.4881049995], [2015606.3560141781, 791660.519561009], [2015628.2562328435, 791678.3679504981], [2015642.4645377542, 791684.5634761745], [2015654.307361841, 791684.5700378454], [2015680.3470079312, 791712.6126326717], [2015690.4047305873, 791728.6345822448], [2015692.4719836714, 791738.4639588981], [2015692.4677185856, 791746.4724730883], [2015690.3909510958, 791754.479346842], [2015682.3919513393, 791764.3034741774], [2015648.3293554182, 791790.4943666778], [2015624.3359650965, 791812.3220789265], [2015600.3317480106, 791854.5349210094], [2015590.2513875968, 791880.3744362561], [2015586.0853854252, 791920.4137262601], [2015591.9675915109, 791994.3112162396], [2015607.944593668, 792014.3403756735], [2015623.930454089, 792018.3528348247], [2015906.8885495975, 792175.7580318426], [2015979.9953587498, 792216.5670053324], [2016165.8535828425, 792348.8052579252], [2016252.275326012, 792402.362893581], [2016275.952772097, 792416.9363552498], [2016329.5241872522, 792446.8152324938], [2016353.7905429297, 792466.8493131857], [2016361.743939089, 792538.9282372636], [2016367.9414332511, 792574.968847588], [2016365.851214336, 792607.0009357685], [2016365.5362543461, 792640.8538864213], [2016357.5034620017, 792710.7399015188], [2016361.629438014, 792744.9593212686], [2016367.5316571742, 792778.8158808359], [2016367.5050824285, 792826.8653254197], [2016391.7186166784, 792940.8149006705], [2016395.5440683358, 792982.6783340055], [2016435.422597513, 793142.8663338418], [2016445.766408845, 793175.633328671], [2016461.4300914267, 793224.7838209262], [2016469.3975951662, 793271.0179804254], [2016469.359537511, 793338.7242098472], [2016479.4143074304, 793358.7504165061], [2016499.2321811777, 793390.7949718334], [2016517.2724994284, 793425.0222655789], [2016523.1720939279, 793462.8827541763], [2016527.0008264177, 793498.9223802593], [2016545.3055798404, 793588.8437883595], [2016563.032578515, 793652.9201037604], [2016594.962632761, 793730.8369426734], [2016618.9202620087, 793770.8916525762], [2016644.9061024205, 793888.8467972424], [2016646.95006159, 793939.0816049501], [2016659.064210595, 793980.9499595105], [2016700.7458857608, 794089.0855700065], [2016738.8691690865, 794207.0476044272], [2016774.6512497514, 794276.9585538323], [2016786.772944674, 794304.9942589226], [2016802.7607735842, 794302.8193945048], [2016832.669506432, 794289.0041333977], [2016890.7202433331, 794244.9917542496], [2016918.5577860915, 794228.9911300882], [2016946.6902757583, 794215.1748847491], [2016954.6836980893, 794215.1794779048], [2016964.746998174, 794219.1893124388], [2017002.6284840852, 794241.052129571], [2017016.533640014, 794257.0767038218], [2017032.5063770874, 794281.1107764994], [2017040.4893007562, 794298.9522762665], [2017046.6933565876, 794321.1605651721], [2017046.6792490017, 794345.185451515], [2017044.5988725862, 794359.016788674], [2017028.5857812616, 794405.2371686783], [2017020.5716896823, 794441.2699050069], [2017022.63599001, 794455.103538746], [2017030.6130081716, 794483.1372753397], [2017056.6414994285, 794523.193625674], [2017064.6221265038, 794545.0390544294], [2017066.383277833, 794571.2489757524], [2017062.2097297593, 794621.116658159], [2017078.1811545058, 794646.9706090816], [2017103.3392406693, 794656.449592755], [2017126.425480589, 794665.1995752507], [2017138.2604306787, 794677.2189081837], [2017150.3781885963, 794711.0790766838], [2017148.2964998346, 794727.094464586], [2017140.28700143, 794755.1190148452], [2017126.3382104202, 794815.1730285885], [2017100.2398374234, 794895.2407818439], [2017086.3179492513, 794909.0652292484], [2017070.3268395083, 794917.0642290018], [2017048.1224875916, 794919.2351564172], [2017024.1330342593, 794937.057955427], [2017014.351885839, 794957.0730072638], [2017000.1294733435, 794978.9056407517], [2016988.2748382553, 795001.1037590906], [2016982.3450600966, 795017.1168504219], [2016974.3483569187, 795022.9363926017], [2016964.2807917583, 795026.9347441837], [2016942.0754555902, 795030.9262060019], [2016928.1568482525, 795038.9265180802], [2016920.154567674, 795054.9382970913], [2016918.068613844, 795078.962199179], [2016920.130289511, 795097.1639344232], [2016932.2483755057, 795131.0241029233], [2016942.2942871763, 795164.8832871775], [2016952.0485327537, 795191.0978016608], [2016964.17219618, 795215.129577749], [2016972.745341763, 795235.8834732604], [2017005.8535432534, 795318.8977429257], [2017021.8187344214, 795354.9442587493], [2017051.9804195014, 795413.20398475], [2017088.0541662562, 795487.1195193384], [2017113.775243416, 795545.012776247], [2017147.7633644212, 795641.1323346827], [2017169.6452104314, 795683.0065947562], [2017185.619587929, 795703.0367384314], [2017201.5992147636, 795713.2384896809], [2017209.8882401744, 795713.243082832], [2017219.6618426729, 795705.2404741689], [2017231.8133931742, 795681.2228056778], [2017233.5955418346, 795671.0315530925], [2017247.5338341745, 795629.1779622546], [2017264.4196271738, 795608.8033310983], [2017271.8251241732, 795601.1632544831], [2017279.8201869288, 795597.1639186691], [2017293.73387301, 795597.1721207484], [2017306.1597011678, 795610.28397119], [2017309.7079224284, 795617.2022644285], [2017311.4756354236, 795631.7639150851], [2017313.8371792578, 795643.0496536942], [2017323.887027921, 795669.2644962425], [2017354.359407917, 795701.3156132546], [2017357.9082853354, 795707.1420451656], [2017359.9745541795, 795717.3355943403], [2017355.8229876747, 795729.3457409386], [2017343.6750460875, 795747.1751015914], [2017323.8279729178, 795769.3682986817], [2017311.679047091, 795789.017865677], [2017309.896898418, 795799.2091182623], [2017313.737113835, 795813.0440643355], [2017323.793852254, 795827.2464637425], [2017331.485766007, 795835.2592430095], [2017341.547425672, 795841.0892838349], [2017375.587383838, 795847.2979328344], [2017425.6135305, 795853.1515956611], [2017441.594469667, 795861.1692961812], [2017453.430732086, 795869.1847000839], [2017461.4189050936, 795877.1978074159], [2017467.6318191718, 795883.3897241547], [2017475.617695586, 795895.4067604934], [2017481.5310695923, 795907.4228125956], [2017483.5986507533, 795915.4323109945], [2017483.592745258, 795925.2607034298], [2017475.583246844, 795953.2849256101], [2017455.7220660888, 795999.1391645822], [2017451.567874924, 796015.1532401781], [2017445.6177555923, 796065.3834546605], [2017443.5406600079, 796073.3906564979], [2017445.6082411716, 796081.4001549201], [2017463.366407753, 796087.2347889245], [2017485.567478836, 796089.0681185903], [2017496.2236255105, 796090.5307140962], [2017559.5686431667, 796099.3046466676], [2017573.4783922576, 796105.501156576], [2017583.5364430104, 796117.1556608343], [2017585.3041560065, 796131.3534670995], [2017581.4413028355, 796155.3760568298], [2017563.3573494996, 796199.4107456637], [2017557.4164165119, 796233.2604155137], [2017553.5489701785, 796265.2915194248], [2017555.6044122563, 796293.3216470903], [2017559.4433153423, 796309.3406439393], [2017609.4419030102, 796359.2404784962], [2017633.4090466818, 796377.4556651751], [2017753.2273765937, 796497.2884307485], [2017771.2745845933, 796514.4078190973], [2017803.226620421, 796545.3683870974], [2017951.160707758, 796673.5912277591], [2017995.2350946674, 796727.4923666778], [2018011.1933960917, 796771.5480528168], [2018009.1064580071, 796795.5716268441], [2018004.9476736772, 796819.5938885002], [2017978.8597993392, 796881.460234581], [2017956.9090558423, 796955.3419765782], [2017956.8942920864, 796979.366862912], [2017958.9566239254, 796995.3845474175], [2017966.6468972575, 797005.5817055206], [2017974.9306733473, 797013.5951409175], [2017989.724607006, 797025.2525979277], [2018012.802972927, 797043.4674565045], [2018040.9052789218, 797075.5179173355], [2018061.0233489291, 797093.7311355132], [2018111.0173434154, 797147.6358833368], [2018158.9476937493, 797187.7069974305], [2018210.7333513345, 797215.768292991], [2018238.546615927, 797235.8063106714], [2018242.6883399198, 797240.1770368309], [2018262.8028010123, 797263.4863734265], [2018286.7689604324, 797281.701888175], [2018304.8125595006, 797303.554206671], [2018336.7498315878, 797355.6282495018], [2018362.480751261, 797391.6816550985], [2018376.6821664276, 797403.7029565141], [2018430.5367175043, 797435.7698215038], [2018462.501548587, 797443.7983487484], [2018594.5170325944, 797455.8941250868], [2018640.6865596762, 797469.7559740016], [2018662.577592002, 797491.9747615946], [2018668.78624101, 797503.9911417522], [2018690.3547674255, 797567.7072216714], [2018698.3383472543, 797581.9089649159], [2018710.4505277562, 797619.7740466782], [2018728.4855966738, 797654.0029808416], [2018742.3894402548, 797667.8444885904], [2018762.5107910915, 797679.8697269993], [2018794.4749660038, 797687.8985823414], [2018824.665850507, 797691.921868245], [2018856.6260884271, 797706.139031416], [2018882.3704595135, 797719.9880850911], [2018898.3461493421, 797733.8309051648], [2018912.248352513, 797749.8564636708], [2018922.3024662568, 797765.8797255874], [2018934.4041480878, 797820.125680089], [2018940.3129289285, 797837.966195587], [2018938.2266470038, 797860.1695632439], [2018942.3565600088, 797882.0130235166], [2018940.2715904284, 797902.0326684953], [2018948.2095666698, 797986.1250200117], [2018954.4103416794, 798010.1541714222], [2018960.3253560972, 798018.1662945035], [2018978.3679709272, 798040.0186130088], [2019018.3150695113, 798061.8853671714], [2019082.2142199294, 798121.9892495857], [2019120.0825825036, 798154.0472563335], [2019148.184888513, 798182.0944443248], [2019164.1553290035, 798203.945778598], [2019198.1503397527, 798274.2228690074], [2019229.785119014, 798332.1220314197], [2019275.9201973367, 798396.2186880097], [2019306.0772892542, 798450.1126090995], [2019330.0342623456, 798479.9777068346], [2019357.8426056788, 798504.3851383356], [2019401.631560087, 798534.2630313336], [2019517.9187290983, 798598.4066038427], [2019554.0167540002, 798620.2717175783], [2019589.8145826764, 798648.3244830084], [2019609.6334406743, 798668.3585636771], [2019745.7145333427, 798788.210686175], [2019775.8906540887, 798812.2559136839], [2019803.706543342, 798824.6512300808], [2019835.662516177, 798842.5094621041], [2019859.6280194242, 798858.5422384295], [2019875.6053496755, 798868.3814575846], [2019907.5626348406, 798884.4198113349], [2019967.6343650967, 798908.4857080885], [2019995.442380337, 798932.529295189], [2020015.556513338, 798952.5640319968], [2020027.6788644202, 798972.5931914076], [2020047.7949659235, 798990.4435494165], [2020093.340478511, 799046.5330041783], [2020153.3846497522, 799110.6408155811], [2020177.3370296808, 799144.5104985179], [2020249.509457513, 799218.8194050029], [2020275.2492354203, 799236.673700005], [2020317.2681802523, 799254.9036504203], [2020361.3622521756, 799268.7664836042], [2020407.229286418, 799286.9990586829], [2020433.2715571676, 799294.661444905], [2020457.234763845, 799312.8789281686], [2020479.4246800852, 799326.7269975836], [2020511.3757316757, 799350.7741935706], [2020577.3424632547, 799408.6989464948], [2020619.0553063469, 799440.761546417], [2020653.0864062596, 799452.7979396711], [2020679.129661262, 799459.0042920951], [2020761.101938261, 799484.9074554985], [2020805.1940416684, 799500.9553236809], [2020837.1470617524, 799520.9985906795], [2020863.1791619228, 799542.8581270134], [2020875.0088626745, 799557.0631510934], [2020879.1443530915, 799569.0785470052], [2020872.6309146753, 799571.2580045835], [2020867.0016608373, 799578.8984092682], [2020823.1802261758, 799598.8878705933], [2020813.1093801712, 799609.0732176749], [2020807.1766492564, 799626.9058591815], [2020811.018833176, 799634.9169980029], [2020813.085102006, 799642.9268245087], [2020823.1405280966, 799654.9461574276], [2020832.9026476732, 799662.9615613444], [2020840.8872117563, 799673.1597036655], [2020856.8609330968, 799687.0035079946], [2020883.1902767573, 799707.0431660882], [2020926.961514666, 799756.9443129838], [2020963.036901847, 799807.2040550131], [2021000.8882040968, 799857.1012649201], [2021040.7998696724, 799923.0164874209], [2021073.0340571718, 799963.081367932], [2021088.9985921667, 799989.3021160073], [2021160.9042882617, 800017.0189240777], [2021250.8680190884, 800041.1087709068], [2021314.7927600143, 800053.1674738374], [2021366.8812385052, 800061.213717598], [2021442.9476874182, 800065.2734207518], [2021480.828189089, 800073.3094939226], [2021572.8808265023, 800073.3767510075], [2021642.7432195838, 800061.4158169085], [2021706.6915825002, 800041.4421035936], [2021770.934564263, 800023.6527691009], [2021900.8965746744, 799993.5360314214], [2021984.6870895028, 799959.7450884982], [2022002.747092753, 799953.5705601688], [2022034.7243910122, 799939.7618607559], [2022092.7521620838, 799921.6047448274], [2022150.7920722521, 799887.7947730864], [2022204.682056339, 799861.9903627465], [2022258.8725647617, 799829.9983007587], [2022331.7290463445, 799773.9951319228], [2022393.0376507626, 799723.8075682548], [2022452.8800507637, 799656.1466143343], [2022506.7936568402, 799600.1293379245], [2022563.087835596, 799528.0976578492], [2022590.9362050877, 799496.0855827557], [2022621.1461184165, 799472.083662261], [2022639.2185888425, 799450.2569342583], [2022697.2755593364, 799396.0634730915], [2022829.093209086, 799268.3960774953], [2022911.1186355946, 799224.4142100982], [2022941.0237595132, 799212.4250608329], [2022977.1417975144, 799204.4447618462], [2023049.0848950879, 799184.4805629308], [2023068.0359726714, 799175.3949511541], [2023099.1274459222, 799160.4947184973], [2023107.124149086, 799154.6768167492], [2022945.3754568414, 798946.3334014183], [2022930.0008156756, 798924.1165823407], [2022916.9962485118, 798899.3531804391], [2022900.750218003, 798855.6587140186], [2022893.952987508, 798841.8211432537], [2022888.6406621789, 798821.4320764214], [2022888.0743903362, 798788.6703309291], [2022895.5724068445, 798662.7270132664], [2022896.2354632607, 798571.7235863309], [2022886.2489346722, 798471.9757543199], [2022870.3316436717, 798385.6918061713], [2022865.0166936682, 798368.9431520102], [2022843.7375367575, 798325.9727655046], [2022823.633902429, 798294.287789506], [2022793.765195759, 798257.863321666], [2022758.8663154242, 798219.2505380153], [2022746.1471807496, 798207.2282523258], [2022727.21349159, 798193.3811671706], [2022676.0269141796, 798163.4924474204], [2022618.3272264295, 798135.0548402473], [2022550.8657471703, 798097.8734841796], [2022534.5931419276, 798087.6684520715], [2022494.3606108425, 798055.240367354], [2022467.7392730108, 798029.7391060009], [2022423.6717758486, 797979.8353344229], [2022203.3497099283, 797707.7492644105], [2022176.4409710914, 797669.871387427], [2022165.5033289208, 797650.2064004958], [2022150.732689171, 797610.5175034953], [2022141.875423417, 797579.5697307395], [2022136.8744491797, 797538.0681733318], [2022134.856080504, 797466.7198908258], [2022141.6198465081, 797133.2878149147], [2022147.4370920965, 796877.3900327537], [2022143.9495662595, 796791.4800995865], [2022139.2487882522, 796744.1547349269], [2022120.4092590068, 796603.6310658501], [2022112.4483169187, 796561.3995230098], [2022102.1199255134, 796518.0741503219], [2022076.7193857576, 796441.2481885137], [2022130.9062852575, 796422.723947335], [2022187.7631269256, 796396.5579891561], [2022236.9254301796, 796367.4740578358], [2022282.835115255, 796333.655555918], [2022327.2697376753, 796293.6477619251], [2022367.2670330114, 796249.2682574943], [2022515.1325509269, 796056.8178549915], [2022664.4800212523, 795864.0052485106], [2022727.8867185842, 795791.9794739019], [2022786.8426374185, 795733.0550510985], [2022855.8657933476, 795672.3182959252], [2022935.5460801704, 795611.5900709099], [2022982.6408022626, 795579.5937438451], [2022959.5801528387, 795540.9901464966], [2022942.440751419, 795501.6634534976], [2022929.1543606666, 795456.5152498129], [2022922.3787836742, 795413.9205187666], [2022920.9276710912, 795376.7896874952], [2022924.817099004, 795324.0109216693], [2022930.1845423419, 795274.5093802484], [2022945.695338086, 795124.9119104304], [2022978.483986424, 794838.0945706613], [2022993.0400596724, 794774.0395806724], [2023001.3402399265, 794759.8496484169], [2023009.6459975846, 794738.7433914194], [2023021.2066700014, 794719.8238098384], [2023144.7766328447, 794567.3992459142], [2023159.300882012, 794544.4777038414], [2023175.018698333, 794509.9088753482], [2023180.3654724224, 794486.9804435024], [2023183.0446009182, 794468.4178165908], [2023182.1823979155, 794435.2918985955], [2023174.2257209276, 794389.0557705858], [2023073.5238225923, 794070.4652004327], [2023015.9369955047, 793888.4133991858], [2022965.1411653466, 793728.2080109357], [2022966.062423333, 793685.6191853422], [2022975.5797927524, 793629.9326169137], [2022980.6299795047, 793607.7315458369], [2022989.5338330874, 793579.3457758407], [2022999.9160301671, 793553.5088852578], [2023015.6318780037, 793521.8521244347], [2023137.473497838, 793314.8243232513], [2023161.7769269184, 793280.9904014207], [2023192.0022601779, 793246.0688833582], [2023208.5921220034, 793232.6135296772], [2023228.1419516823, 793220.2526620061], [2023274.6359531742, 793203.9088626702], [2023645.0932175086, 793094.6364434335], [2023714.6846137643, 793072.852038171], [2023593.4194363377, 792924.2371779251], [2023552.3040330126, 792877.9744751761], [2023391.6678713416, 792720.2287276706], [2022752.8899494277, 792174.0723396606], [2022521.517052591, 791974.4152586784], [2022370.3201765134, 791849.0795513187], [2022199.6039825089, 791693.516870343], [2022160.5512390877, 791654.9021181816], [2022107.0050863486, 791597.7119438365], [2022064.1134398433, 791545.2619174998], [2021902.889352844, 791361.679279416], [2021802.9069412504, 791237.8409444226], [2021747.8952402626, 791158.4454339286], [2021650.595894173, 791008.0366139958], [2021615.3459646716, 791030.5795479317], [2021571.5074696695, 791055.6641434287], [2021518.7782444202, 791092.3904479304], [2021466.3501996712, 791122.5652563416], [2021354.4019327618, 791163.9811840043], [2021188.565978333, 791208.2704655067], [2021171.3914720104, 791210.8062215875], [2021140.6031477596, 791205.323949083], [2021075.1692235009, 791206.3688945054], [2020996.4167563473, 791200.1244844181], [2020959.1153217554, 791193.9096018311], [2020947.2734819204, 791192.0811934324], [2020909.085894257, 791182.5894144963], [2020874.1535494183, 791175.6484834885], [2020809.3255950974, 791156.6737839275], [2020763.743009092, 791137.7128638336]]]}}, {"type": "Feature", "properties": {"precinct_code": "52", "precinct_name": "EVANGEL ASSEMBLY OF GOD", "county": "DURHAM"}, "geometry": {"type": "Polygon", "coordinates": [[[2049905.16865, 814436.3375263333], [2049960.4680800873, 814276.2620590834], [2049980.7141025944, 814200.9442963429], [2049981.3112142533, 814197.6690404299], [2049990.562508092, 814150.7262209192], [2049993.273460673, 814122.3371700922], [2049995.1520658447, 814061.5485777558], [2049994.358432264, 814006.2160112495], [2049988.3571319287, 813882.0745272508], [2049986.4998521793, 813756.4842272737], [2049986.2386978404, 813736.0984412491], [2049983.8394244327, 813581.385496084], [2049980.6199426816, 813039.3527875146], [2049314.0225225822, 813231.1571939302], [2049268.43796809, 813244.5495555891], [2049173.1258227548, 813272.0554060978], [2048883.9348000898, 813355.29736559], [2048841.6071288444, 813367.6037714112], [2048634.4080681803, 813427.6873126737], [2048604.2165275055, 813436.373646999], [2048492.6258714206, 813468.5871652637], [2048371.563449501, 813503.6976593415], [2048357.3558007623, 813507.6782944166], [2048317.1006319218, 813519.2609484204], [2048079.7126552626, 813588.0350890941], [2047932.8993005904, 813630.7495705924], [2047486.2476348425, 813759.9796270923], [2047333.8125722562, 813804.1442369311], [2046768.4751202601, 813968.1399719302], [2046248.4098874195, 814131.1258664092], [2046303.793634921, 813905.5200184294], [2046359.758746089, 813686.8318075023], [2046418.3698493384, 813479.0684435031], [2046474.85694109, 813305.5195780192], [2046537.2734829187, 813124.7003858384], [2046606.5397485935, 812915.8622208282], [2046719.5451000023, 812552.3849294225], [2046732.035560592, 812511.9985272601], [2046748.3832969228, 812464.7020339293], [2046769.487257347, 812403.5801089341], [2046806.9379698357, 812295.8897074928], [2046872.0077215878, 812123.4477951656], [2046891.9148340072, 812071.0607608509], [2046923.433143674, 811973.1895655104], [2046937.427538261, 811917.880949089], [2046964.561014176, 811786.8769460033], [2046976.202723176, 811722.8278614995], [2046991.4795955108, 811605.6378071682], [2046999.6160621797, 811513.1898293357], [2047003.3138894306, 811421.0984780985], [2047001.6925015887, 811324.9946676776], [2046998.802415507, 811282.0357640821], [2046986.7886600066, 811208.848574504], [2046971.5137561725, 811139.6600645961], [2046962.390414834, 811109.0679341849], [2046948.2510074216, 811069.7310705914], [2046899.0247279275, 810953.530187489], [2046883.9883406751, 810920.0164750081], [2046778.0961640014, 810713.4483185881], [2046754.5027072579, 810664.9959876663], [2046702.03824526, 810537.5057570963], [2046532.0110262618, 810096.7720584988], [2046380.80562, 809725.9607922537], [2046361.0782972581, 809664.046546008], [2046336.912991256, 809602.1250819335], [2046303.5751314296, 809539.82500968], [2046272.878342419, 809491.3621800754], [2046251.8967570965, 809474.2201540085], [2046209.3046506809, 809463.5964875709], [2046146.2900129275, 809456.5810816726], [2045988.2706439206, 809463.6138759988], [2045883.224266098, 809465.9977295048], [2045792.384552762, 809465.8559975015], [2045708.642922342, 809467.9094710961], [2045598.5584968491, 809475.3828813493], [2045547.6612889166, 809477.4878639953], [2045499.1390762625, 809474.5006652537], [2045440.8596652583, 809466.7661006752], [2045333.1866522569, 809445.4866156682], [2045307.7529760913, 809436.7107146], [2045280.2546715133, 809423.9276036758], [2045167.911720334, 809360.4152635034], [2045131.25726609, 809336.6977912425], [2045082.789515256, 809298.0374355009], [2045062.7009727515, 809276.8934489144], [2045046.4562545877, 809257.5755741743], [2045028.4500569992, 809229.1543711785], [2045016.6469310084, 809207.6590073426], [2045006.91466701, 809186.5310968361], [2044999.845127343, 809165.7712958348], [2044993.6689585878, 809141.0085500957], [2044985.465234846, 809087.8492075988], [2044974.0902575853, 808980.0820346778], [2044967.1726205067, 808859.94513583], [2044956.504990921, 808676.4632193435], [2044954.5351785885, 808610.208758666], [2044958.310105428, 808463.8786707512], [2044957.754988419, 808439.8528001669], [2044954.839968011, 808411.0907185582], [2044939.246495263, 808352.4599303465], [2044925.6917323456, 808315.3090859974], [2044910.0549525928, 808285.0716136756], [2044874.3309426769, 808232.2344489971], [2044828.5547875012, 808173.5574009962], [2044796.3573453445, 808136.3783415041], [2044659.2582100937, 808003.3028202523], [2044597.5106301745, 808133.8917979134], [2044528.3654272563, 808264.8334651765], [2044475.255953433, 808358.6698916755], [2044453.0096068382, 808393.9460678275], [2044329.953750597, 808562.6648905139], [2044227.35684292, 808704.8417714923], [2044147.881608172, 808820.1161472298], [2043980.3858801713, 809028.0839071802], [2043915.4604850842, 809110.619175162], [2043513.761157259, 809621.1043746686], [2043427.7737964233, 809741.8314954195], [2043392.1928308476, 809791.6496372524], [2043168.3658506733, 810083.2635553299], [2042856.2109631728, 810483.5918229241], [2042532.7992084168, 810898.832462257], [2042453.3590785877, 810998.4589034213], [2042294.758674012, 811210.0897137424], [2042277.566779255, 811231.5420986755], [2042203.7611525944, 811323.5330564269], [2042172.9127890926, 811377.3636574157], [2042110.9923092588, 811434.79005176], [2042069.4989539231, 811484.2371313404], [2042033.032491429, 811535.875807581], [2042015.8307541765, 811564.6090178378], [2041959.7754200837, 811659.1741174122], [2041885.6292429264, 811783.9271487533], [2041792.214403511, 811935.2263868516], [2041760.4464224281, 812012.3535291685], [2041719.2480140044, 812063.6217993374], [2041686.0522142493, 812104.7089875155], [2041637.1179289238, 812186.5441256766], [2041597.0710930093, 812260.3835449197], [2041500.364593505, 812440.0728180909], [2041403.9668204188, 812611.3903888337], [2041356.5207210917, 812688.1317051663], [2041303.746220337, 812767.050182511], [2041175.672657596, 812953.2486290092], [2041146.9046705058, 813003.0792380124], [2041133.2623093412, 813026.3574066805], [2041100.0816014276, 813058.3448755034], [2041064.5111345034, 813106.3457637597], [2040985.6481032537, 813224.5423777386], [2040901.191579254, 813323.0743329211], [2040712.9783730072, 813571.4389936792], [2040263.340820835, 814175.09395433], [2040001.6290739172, 814526.0168089307], [2039796.826333925, 814802.3945370008], [2039411.5406871752, 815318.0572195933], [2039243.7975843395, 815542.434067426], [2038804.8926222615, 816129.0178680182], [2038698.7911284275, 816277.0346323515], [2038830.180957512, 816244.4461148409], [2039070.4901881674, 816170.8685060902], [2039707.3596493453, 815987.1634929231], [2040109.5501179248, 815871.2231079977], [2040256.6374221765, 815827.7418957513], [2040533.0541921726, 815747.6731582687], [2040590.7643785935, 815731.0081653419], [2040761.8227635014, 815682.4659395751], [2041101.8696555959, 815585.746316772], [2041547.2788697632, 815458.601229822], [2041819.851159261, 815382.5436391748], [2041932.3066430078, 815355.7664617599], [2041984.4006989286, 815336.9118406697], [2042198.256898508, 815771.8601177481], [2042366.976705417, 816115.7396793308], [2042477.284883751, 816344.868814263], [2042984.5722550002, 817392.1708535014], [2043067.4516824193, 817559.0143518329], [2043155.043370752, 817739.3342011691], [2043247.9651009284, 817915.2938230099], [2043287.2133820062, 817979.419679003], [2043348.3129973414, 818069.4234359988], [2043389.3539257636, 818121.1749729323], [2043444.8692346818, 818186.4172964955], [2043490.053855596, 818236.3551887529], [2043593.1366546748, 818339.8904147703], [2043729.6334289329, 818451.1205072529], [2043778.6841838362, 818486.5036385895], [2043798.777647585, 818500.7306442483], [2043936.7790120104, 818593.7626104197], [2044264.5057187534, 818805.3881714317], [2044375.3270194223, 818874.3558812578], [2044624.4216655924, 819048.736109925], [2045158.0606901804, 819421.5837894294], [2045260.872820513, 819502.5550841781], [2045311.38420242, 819547.4080128487], [2045363.3713031716, 819594.4472888428], [2045432.1861261711, 819662.2617857602], [2045564.2035786805, 819792.4229427571], [2045774.4833418427, 819999.8792207486], [2046136.837604001, 820368.4742840815], [2046178.7725595108, 820410.7668504101], [2046231.6320338387, 820465.4534208295], [2046430.0775030868, 820668.8919903376], [2046507.151495919, 820748.0069895817], [2046558.2278373379, 820807.0596930236], [2046603.105044173, 820858.4582122577], [2046647.383498921, 820914.2241768345], [2046686.9277111727, 820971.0747849426], [2046746.5069883452, 821076.7366470876], [2046763.6040670108, 821113.166364241], [2046785.990177095, 821171.4457752546], [2047012.7512065037, 821234.0558862492], [2047065.0755769305, 821251.6129377452], [2047127.4445466697, 821276.4665625797], [2047243.0086200077, 821329.0717723172], [2047339.6465500896, 821379.0989032523], [2047436.868796588, 821433.4954480082], [2047532.0142755967, 821491.5291245905], [2047548.6182450051, 821466.4382955107], [2047584.7851674254, 821415.5335416637], [2047642.295879171, 821335.1774031671], [2047690.3210455936, 821267.9108054172], [2047722.6283956752, 821226.1005215979], [2047826.0619158447, 821098.8606185917], [2047843.8496099275, 821073.7717580132], [2047860.1599447564, 821047.5887395038], [2047876.774412841, 821016.3099306693], [2047920.415073588, 820917.7304034379], [2047937.9439099282, 820870.0720341657], [2047953.1361367546, 820804.2083207442], [2047963.8959577535, 820735.7894943316], [2047968.9943727548, 820692.8430579248], [2047975.8654220123, 820651.355608091], [2047991.0228720005, 820606.9695420078], [2048014.4670508364, 820559.68485968], [2048038.787212177, 820519.3178144235], [2048060.7277850956, 820487.3195188344], [2048087.6909857555, 820458.605993595], [2048125.5990464229, 820429.5460123455], [2048166.7548039989, 820404.1320211735], [2048208.493893757, 820383.8151326701], [2048299.3601818385, 820347.1980799146], [2048303.8001335862, 820345.3854195029], [2048367.7370135938, 820316.7325896681], [2048400.891802922, 820300.406178751], [2048438.1902847572, 820282.6306237578], [2048461.871667846, 820271.3849113274], [2048471.6406771687, 820266.6687134131], [2048479.3381683365, 820262.3130790874], [2048482.299120426, 820260.4977939933], [2048512.4978789226, 820243.0746005], [2048563.4292075024, 820209.3046549284], [2048584.1594810053, 820194.0500922564], [2048615.2545631665, 820171.5320926748], [2048683.6694525934, 820118.4977499204], [2048732.2402215893, 820081.4479552521], [2048798.865416422, 820037.5120195049], [2048859.8554519285, 820003.0311173461], [2048882.9485815915, 819989.9645424245], [2048925.5830107625, 819965.6460215084], [2048941.8641461737, 819958.0285826765], [2048985.0766581732, 819941.7195601779], [2049094.27919568, 819908.0480395769], [2049154.643904345, 819893.9519391642], [2049216.4830195003, 819882.7708591642], [2049259.9730900065, 819877.3834027533], [2049301.3991882487, 819868.3522528404], [2049344.9145211726, 819848.0402855902], [2049370.0860587494, 819830.6092180918], [2049394.374396012, 819810.6289430781], [2049407.1128875914, 819799.0016697448], [2049428.748671084, 819773.5561825896], [2049451.5803183457, 819740.4686503413], [2049475.013342335, 819701.5576389291], [2049531.6992525908, 819589.1700684287], [2049564.6427562542, 819523.7013673355], [2049874.4908898459, 818911.9388113245], [2049903.8809229287, 818849.7407730118], [2049938.0311170982, 818771.5339084215], [2049971.00185168, 818691.1410245912], [2049996.851865591, 818623.4767898306], [2050090.1951828469, 818353.1666349194], [2050105.3555855907, 818309.5098980879], [2050113.9799121767, 818282.5867236069], [2050124.09209667, 818250.5700553393], [2050129.1475327618, 818234.9257296757], [2050135.4086750892, 818206.178739924], [2050139.5815670046, 818187.6207061727], [2050142.88339767, 818159.5964840156], [2050142.9335944192, 818130.1106505893], [2050139.7301887574, 818100.6192397429], [2050132.408353, 818057.6521340773], [2050113.36967717, 817946.9568174251], [2050103.095091418, 817900.7082222545], [2050096.6357867557, 817872.3034234127], [2050029.0558694315, 817604.2675421545], [2050002.9424045836, 817478.6352474976], [2049995.605477007, 817444.4046729212], [2049972.4864287535, 817297.300308323], [2049929.2217515104, 816993.6319524198], [2049922.2043770847, 816945.2052120097], [2049918.128597842, 816906.6117852604], [2049899.0108539304, 816667.4167255921], [2049893.3819281752, 816498.1368804335], [2049893.1417711687, 816465.3744787602], [2049891.1214340045, 816261.5185872612], [2049889.9928273405, 816229.4828901851], [2049888.8766878406, 816189.8025233473], [2049885.0915904199, 816154.121820435], [2049882.4656114297, 816132.6402360944], [2049872.5243583487, 816063.823116504], [2049863.4252951753, 816021.5810750134], [2049854.0342378481, 815977.1543265939], [2049848.4532122617, 815953.847614676], [2049839.0526405126, 815914.8811571726], [2049822.3082514259, 815845.3245377593], [2049797.3083014179, 815759.3729380051], [2049757.309693753, 815620.9768893437], [2049729.6765469317, 815517.5479623391], [2049711.4833418427, 815429.7879672499], [2049700.065385671, 815359.1483447694], [2049696.576875596, 815322.7402810788], [2049694.9102122618, 815258.669543089], [2049693.804571418, 815212.8011965103], [2049694.4695963426, 815169.4836978323], [2049695.1073903432, 815142.183227502], [2049699.0266738387, 815098.8709781746], [2049700.5217495856, 815089.409054841], [2049708.3035581713, 815036.2749747401], [2049728.5679533342, 814949.308285166], [2049761.295250087, 814840.1572567527], [2049881.0909422652, 814503.640541329], [2049905.16865, 814436.3375263333]]]}}, {"type": "Feature", "properties": {"precinct_code": "53-2", "precinct_name": "TRIANGLE CHURCH", "county": "DURHAM"}, "geometry": {"type": "Polygon", "coordinates": [[[2000807.414811598, 769412.5807892585], [2000288.8935389218, 769385.6349770129], [2000086.8181556752, 769374.7134109299], [1999517.0358306754, 769343.4129486139], [1999312.8856484299, 769332.1331155086], [1998964.4375264186, 769313.2148462523], [1998794.9539415091, 769303.7571880096], [1998693.0269800115, 769298.301490249], [1998519.6913686707, 769288.8458005121], [1998184.2796379176, 769270.3002339123], [1998037.3147087542, 769264.1217685943], [1997970.054344593, 769258.6660708337], [1997898.6456947643, 769252.8471848303], [1997667.2347402559, 769242.3084920122], [1997224.2641695156, 769217.958803164], [1996862.7760473336, 769197.9749192732], [1996783.0708261738, 769193.6153479123], [1996681.1432085026, 769188.1665399203], [1996597.585632847, 769182.7160915057], [1996550.473850431, 769180.9014625928], [1996300.6908854234, 769167.4638253953], [1996099.5013271712, 769156.2056458506], [1995769.1237070868, 769138.4149990097], [1995436.0787695062, 769119.9006003374], [1995295.6308876735, 769112.2785683405], [1995175.0350002632, 769105.7461010955], [1995168.8128998447, 769105.3832409361], [1995296.0685508386, 769997.9008128383], [1995373.1904438427, 770543.1671107523], [1995426.8773443396, 770922.4514571716], [1995477.8933184277, 771283.5363649267], [1995541.6618916707, 771734.5285731759], [1995587.336669087, 772057.7579135916], [1995617.2916616811, 772269.9684471792], [1995660.8886873438, 772579.0022779284], [1995710.1198880968, 772926.9841935118], [1995761.1289724247, 773287.3420685815], [1995784.556418999, 773449.3214034315], [1995802.3516590006, 773586.5488192437], [1995810.6541358398, 773637.8725355039], [1995817.4749883418, 773686.6483565782], [1995821.9221579295, 773711.3999475138], [1995826.075036764, 773748.1639815861], [1995829.0405820026, 773768.5477990956], [1995861.0677489177, 773995.3189990707], [1995888.9430212537, 774192.242161669], [1995898.1372285925, 774266.8620911735], [1996060.041432338, 775403.2666425176], [1996126.1607226727, 775846.6174618454], [1996277.676495762, 776956.0899804343], [1996417.906858341, 777919.963052676], [1996423.5397210887, 777958.91113751], [1996493.5057885044, 778463.0528457682], [1996571.1768930105, 779020.702977169], [1996689.7517870974, 779858.6350283233], [1996802.3916536707, 780655.0720837549], [1996854.8561156692, 781027.0828226653], [1996914.7293555161, 781451.8739678332], [1996953.2604464295, 781724.1483576752], [1996971.0438754247, 781850.0936438531], [1996985.2705530073, 781949.4664765856], [1997000.9791830021, 782063.7634921111], [1997007.2032519274, 782105.987817095], [1997013.426992761, 782148.5763145863], [1997027.3570830084, 782248.3133198264], [1997069.1463695006, 782542.7920615807], [1997069.73888801, 782547.1601630765], [1997075.9629569184, 782592.2965557628], [1997083.6686501787, 782646.5329958369], [1997097.8943435086, 782746.270001091], [1997126.0494709306, 782945.3801671705], [1997158.9460586766, 783178.7068002525], [1997168.1330481775, 783243.8634940848], [1997176.134672597, 783299.9201405013], [1997186.5070271776, 783370.9009696643], [1997272.3857924214, 783297.3630589949], [1997288.081627177, 783289.3532324984], [1997368.3370440898, 783251.125290586], [1997447.1124770935, 783218.7214839999], [1997509.3039537505, 783197.6034160274], [1997562.0190714304, 783183.4026570102], [1997575.6420756741, 783179.3974156737], [1997600.223063261, 783173.5713118184], [1997651.161281585, 783161.9191041822], [1997755.1118610967, 783142.2544453392], [1997826.7819933428, 783133.8768374115], [1997867.947921515, 783129.1416106656], [1997918.2949336767, 783126.590106598], [1997992.630414919, 783120.7607219211], [1998071.4091287565, 783122.2115064287], [1998279.9077275116, 783156.4151781684], [1998332.3285544207, 783168.4246685856], [1998372.311086015, 783182.9827103418], [1998503.2156798407, 783224.4727848255], [1998656.3321715132, 783276.8827850114], [1998894.7427839208, 783364.2349724956], [1998916.658750593, 783371.1503130101], [1999077.7703050077, 783429.7502614242], [1999333.3557518423, 783525.1139158459], [1999438.1957652583, 783566.9727559972], [1999668.605737506, 783664.1595695132], [1999739.6830231715, 783695.8278132649], [1999790.0293791723, 783720.2158878462], [1999795.656336428, 783722.7637830041], [1999819.6451335857, 783734.4120536845], [1999969.498836502, 783823.593633855], [2000016.8832561686, 783854.5345168425], [2000104.2482389198, 783919.6925230089], [2000301.1878056678, 784056.925188167], [2000390.9205658424, 784121.7200060951], [2000512.6365297595, 784216.3641737434], [2000628.7248802632, 784303.0008115126], [2000726.1557877504, 784372.8927320675], [2001065.2358182538, 784618.2455878323], [2001105.8062751754, 784653.9200571805], [2001226.6291962573, 784744.5632485783], [2001334.1260285093, 784823.557841259], [2001444.2868974223, 784904.3732964353], [2001466.793086008, 784920.7548253323], [2001523.649927675, 784964.8029655823], [2001646.2477795933, 785050.3520070962], [2001716.430382013, 785095.8571654318], [2001806.1572366823, 785154.1040961698], [2001932.0113156736, 785231.2820914083], [2001950.963377506, 785243.2955188467], [2002048.0924483396, 785305.1838465017], [2002187.271631928, 785380.9081045085], [2002316.382266091, 785447.5316589283], [2002430.982102513, 785509.4226112516], [2002577.562189921, 785589.1534229198], [2002761.453226342, 785685.2687162554], [2002810.0167775021, 785709.2978676707], [2002862.7259896693, 785736.2397429136], [2003003.974394842, 785809.4197146631], [2003162.988512501, 785894.2509098306], [2003302.4587060057, 785965.2481431663], [2003353.6862938418, 785991.8265020921], [2003484.864181086, 786062.8237354045], [2003583.7652300019, 786114.1612311736], [2003699.5445260096, 786174.6010709244], [2003793.7067392624, 786227.0307560907], [2003871.287292764, 786267.0818570836], [2003966.0413683353, 786317.3278195901], [2004027.632124426, 786346.093182011], [2004075.305257426, 786371.2164913478], [2004245.2675159262, 786472.0712765016], [2004341.7955380974, 786534.3309945022], [2004406.0480342507, 786579.8420583509], [2004480.36842367, 786626.0824514282], [2004522.1173559264, 786655.9377066802], [2004607.3940882548, 786699.9963455895], [2004639.6679738462, 786723.2978081708], [2004694.7397140865, 786769.1720602486], [2004754.8449088344, 786816.8671748313], [2004890.443719015, 786970.5017100848], [2004962.6870128382, 787029.8473919141], [2005016.869647263, 787074.6301107524], [2005271.19984725, 787279.6123123418], [2005333.9677663443, 787329.8572906024], [2005376.898782834, 787364.4461321685], [2005727.4548402575, 787604.0312829165], [2005784.892389418, 787648.0876252506], [2005852.9890380043, 787696.1505212504], [2005911.020418004, 787730.015282948], [2005990.9631715135, 787769.344600583], [2006147.002557592, 787827.9826066884], [2006164.7679420118, 787834.5383678372], [2006202.9634036734, 787848.3788913353], [2006706.3206646729, 787995.9137012474], [2006832.159323752, 788032.7079189967], [2007774.30901426, 788312.5023069134], [2007861.357724665, 788338.3700373356], [2008104.1459530161, 788410.5103129994], [2008445.8237473355, 788511.8014489987], [2008735.0935100007, 788597.7927468434], [2008762.3326287554, 788605.8091350107], [2009824.6510421787, 788921.3783857522], [2009981.5690354272, 788968.0249460121], [2010089.0415895123, 789003.3706758338], [2010178.7507276705, 789029.9742971647], [2010224.9386274207, 789041.2747995101], [2010328.562764004, 789072.6159441766], [2010415.6075374174, 789097.0355147549], [2010571.3388532551, 789144.0485440978], [2010692.4327711759, 789173.9412008227], [2010797.2406324302, 789204.5562970868], [2010822.7025237551, 789211.4821362515], [2010866.520677597, 789223.1464830069], [2011016.036782755, 789259.9672754814], [2011113.7393432565, 789285.8487854125], [2011215.2916335915, 789309.9120575024], [2011325.4285524194, 789339.8034019211], [2011441.4877035029, 789367.5133202509], [2011413.9674173433, 789324.5491673327], [2011398.8782086659, 789294.330395759], [2011385.5681959253, 789257.1959555917], [2011385.8880771706, 789196.0422065159], [2011402.2495930027, 788999.482560258], [2011515.8527122596, 787742.59695065], [2011543.8155828428, 787416.0903858386], [2011565.8309587531, 787154.3753580967], [2011601.520519929, 786761.2580340916], [2011619.359066919, 786581.4440892474], [2011622.9266450854, 786545.4084001622], [2011713.9573029284, 785501.0997932481], [2011734.1833123402, 785278.3338345817], [2011795.1595683405, 784610.7643035926], [2011802.8967575873, 784517.5810910047], [2011808.2530460937, 784453.5172427599], [2011813.0141914203, 784397.0977361746], [2011838.587631091, 784137.205211346], [2011844.560388178, 784013.4446320832], [2011846.0531673443, 783983.232422171], [2011850.2165448389, 783940.6449089351], [2011882.9425292597, 783571.1889549185], [2011895.1232791685, 783476.5513489132], [2011922.195075424, 783176.6188779137], [2011962.2989978353, 782875.5994668539], [2011994.3832512486, 782634.2748182503], [2012020.5167291781, 782460.2892738464], [2012039.226337419, 782335.4417544999], [2012071.300420254, 782121.0540599282], [2012076.6462100914, 782085.383199499], [2012186.2286680948, 781372.3357410852], [2012193.9504374256, 781321.7416821604], [2012245.032028167, 780987.6032428456], [2012266.4155155884, 780847.4690086676], [2012307.104410589, 780580.668033093], [2012368.8805337537, 780177.373236002], [2012373.335905417, 780147.8903553371], [2012378.9789387584, 780111.4918060878], [2012384.6272214225, 780061.9892804022], [2012391.4657904208, 780000.1107952675], [2012434.5300087642, 779724.2110845882], [2012475.820280509, 779443.2145993471], [2012480.573223755, 779411.1838234962], [2012496.9111175826, 779300.1682974896], [2012527.7981949293, 779106.5295771622], [2012554.2312129298, 778939.8251861702], [2012572.0579489167, 778812.4304278234], [2012584.5277402562, 778744.3662594955], [2012628.492875429, 778448.4472319211], [2012634.731380002, 778406.5890479182], [2012638.2956773324, 778383.6579914226], [2012642.1565619993, 778359.6350735856], [2012650.1759029173, 778309.4055152516], [2012653.1460413337, 778290.114543339], [2012656.7100105877, 778268.2756762451], [2012661.7605254191, 778234.0611777671], [2012680.1804360894, 778106.666419425], [2012698.8969340909, 777978.5439722445], [2012710.7863460057, 777883.907350513], [2012727.713477508, 777784.1765788278], [2012736.9224485909, 777723.391595415], [2012739.2981000112, 777709.560258256], [2012814.1568741808, 777221.459528412], [2012844.4576665896, 777024.1807235016], [2012860.4950360954, 776929.5460702529], [2012876.2282723337, 776852.7476674205], [2012896.4096624267, 776765.7586681747], [2012947.145453333, 776580.8656652618], [2012988.669320421, 776462.5817810877], [2013051.2413737641, 776308.9987549321], [2013068.1425866785, 776272.241610591], [2013149.3848782615, 776103.7426037544], [2013206.6026115862, 776002.9386715036], [2013228.8351786735, 775969.0958914267], [2013246.9178196783, 775941.4397787658], [2013310.3579815049, 775838.4544204216], [2013414.4092825965, 775677.6109100803], [2013555.51595576, 775463.2760369221], [2013561.7413370025, 775453.8147697556], [2013603.2445348355, 775388.6767766715], [2013635.5564780845, 775341.7349414207], [2013653.9363625944, 775312.9869674323], [2013722.120609417, 775207.8208391663], [2013758.8807065047, 775151.4170806004], [2013828.8461177507, 775038.9717674239], [2013897.6238673471, 774933.8066234317], [2013941.7973354296, 774863.2103079236], [2014096.8442694244, 774630.6845262502], [2014206.5359791648, 774462.9302685873], [2014211.8725826726, 774454.5608627716], [2014243.5962725144, 774402.1593927578], [2014268.7976656693, 774360.6748956759], [2014447.8658770921, 774087.3939461723], [2014634.3523807528, 773796.6455119249], [2014886.073334007, 773398.5498514201], [2014942.1076707533, 773316.6769836746], [2014978.875969917, 773253.7227132595], [2015008.524204597, 773209.6932737484], [2015032.241676837, 773177.3088240913], [2015136.6072817608, 773017.927909256], [2015230.8977755902, 772864.7303810151], [2015746.2258131788, 772076.2024305012], [2015846.748249918, 771915.3661380119], [2015996.786335679, 771687.5801762495], [2016060.8380448383, 771584.6017076737], [2016090.1929730012, 771541.3012693308], [2016107.3911013452, 771515.8301916684], [2016191.6064840853, 771383.7428574273], [2016263.365198836, 771276.4008805068], [2016320.5999925123, 771181.0634727688], [2016331.276480349, 771162.1409384126], [2016347.2918682545, 771132.6656036691], [2016395.038163842, 771051.8829568287], [2016460.5819960078, 770935.0741353306], [2016477.4868178377, 770905.2352842421], [2016525.2386908382, 770815.3529180882], [2016544.224545254, 770773.5029361646], [2016583.3780102585, 770695.2639194287], [2016598.5072450934, 770662.1481720093], [2016611.5656179185, 770623.9349938332], [2016623.7302917538, 770593.7296736708], [2016643.6180472518, 770529.3121516014], [2016661.4408462658, 770448.8772730774], [2016672.1583445072, 770358.6100651758], [2016672.7826870983, 770302.5537468335], [2016672.2013234184, 770282.5331175809], [2016609.6863565883, 770278.8576000123], [2015793.1368085872, 770234.3632664289], [2015613.5902516702, 770224.4394017609], [2015568.5555648357, 770221.8675565136], [2015530.9276873476, 770220.0276651677], [2015373.8988019226, 770211.2091132619], [2015349.6035749174, 770210.1044566808], [2015310.1981419197, 770207.8997366742], [2015238.2015667574, 770203.8584061664], [2014653.637119084, 770171.8929189317], [2014229.9529270981, 770148.7525452505], [2014042.1094707553, 770138.4700855046], [2013929.8183567517, 770132.2286281737], [2013845.3775807612, 770127.4566560801], [2013807.453444005, 770125.6190613422], [2013779.602777928, 770124.1499041653], [2012808.3842479286, 770070.9301943333], [2012559.5051525093, 770057.3547621678], [2012496.3966829174, 770053.6877747574], [2012486.026624918, 770053.3193371638], [2012467.064392507, 770052.2192737615], [2012359.216839179, 770046.3498629155], [2012122.1887699217, 770033.1471334202], [2012088.7085219184, 770031.3131475874], [2012066.4871096779, 770030.2120999298], [2012036.8585600122, 770028.7439270176], [2011999.2303544285, 770026.5444563292], [2011878.6423410024, 770019.943419665], [2011740.5733914212, 770012.2439600119], [2011557.1725115038, 770002.3430611829], [2011508.581401333, 769999.7761371747], [2011449.0280427625, 769996.4769311675], [2011394.8076787607, 769993.9077105838], [2011380.2896631795, 769992.8102718452], [2011328.4397012598, 769989.878191079], [2011254.9608455885, 769985.8457188455], [2011208.4438782637, 769983.2801071622], [2011202.5180370952, 769982.9136380745], [2011193.9258626702, 769982.5465128383], [2011129.0391814283, 769978.8818220034], [2010725.4970095004, 769956.8917085067], [2009888.78214751, 769911.0978368232], [2009273.3919740915, 769877.4089278501], [2008076.0885944203, 769811.899216337], [2007829.278720589, 769799.8201722592], [2007698.3190087532, 769791.0495205093], [2007634.3204490852, 769787.7568761777], [2006560.563082175, 769728.8931487419], [2006445.6020260022, 769722.679578517], [2006328.2705677596, 769716.1021638357], [2005893.3144166786, 769692.3515551692], [2005610.6515961739, 769677.0080819261], [2005514.3568412527, 769671.5297464335], [2005456.8759850855, 769668.9710245047], [2005371.2475474179, 769663.8591580905], [2005217.767867507, 769655.459568584], [2004997.3260511756, 769643.4090677653], [2004744.5880395928, 769629.5350797502], [2004505.4792658398, 769616.3933737618], [2003205.3401338449, 769545.2419412669], [2001516.7500070943, 769453.0134511727], [2000868.1558318452, 769417.3147036748], [2000807.414811598, 769412.5807892585]]]}}, {"type": "Feature", "properties": {"precinct_code": "30-3", "precinct_name": "30-3", "county": "DURHAM"}, "geometry": {"type": "Polygon", "coordinates": [[[2060524.082123429, 809490.3323265054], [2060472.2003374244, 809395.2163750025], [2060466.3033675856, 809385.0116709966], [2060460.4073820126, 809374.4427945062], [2060443.3053820874, 809345.2860286621], [2060422.0747815089, 809309.2044079178], [2060410.5708675082, 809291.7077237429], [2060365.7323745044, 809224.636007498], [2060346.845601261, 809199.844062342], [2060336.5178660024, 809185.9900874185], [2060312.0149622546, 809158.2742635802], [2060204.2221988433, 809055.7636418379], [2060043.5204205075, 808924.751764761], [2059781.4904327537, 808711.2659712556], [2059571.1601447626, 808537.2013587499], [2059231.4373989988, 808255.4916203322], [2059188.306251676, 808220.0947094914], [2059107.9373179243, 808161.3257981535], [2059080.4573860022, 808141.6135672616], [2058904.9449417586, 808013.1262914296], [2058502.796139762, 807719.2873121611], [2058283.8316826674, 807564.508094171], [2058212.9190948468, 807510.4924541556], [2058173.3322317584, 807477.2884523462], [2058062.867885755, 807371.8683875928], [2057996.1291740846, 807301.844905592], [2057888.0552432544, 807184.0538025823], [2057867.0953114165, 807158.5312158265], [2057836.4024594282, 807116.6087274998], [2057811.033087595, 807076.1524435888], [2057788.3251277497, 807036.4297539924], [2057669.7387507549, 806846.179150257], [2057514.2774475082, 806596.1576686595], [2057485.0737657538, 806548.7781702522], [2057451.7395148429, 806494.8379894149], [2057444.9540953324, 806484.2684567668], [2057406.603122173, 806423.0382642574], [2057259.4183771769, 806175.5823943292], [2057247.0312628455, 806154.0814530732], [2057230.2192885885, 806125.2911563307], [2056974.7759018405, 805696.7090082465], [2056903.660558508, 805591.0061356677], [2056864.993313015, 805539.2404911695], [2056839.0110815004, 805508.2487552698], [2056816.5662445144, 805484.1802338338], [2056740.6467769302, 805413.7781436682], [2056681.8489942555, 805365.2500255079], [2056550.04742059, 805268.5313869228], [2056491.226672082, 805231.6521955866], [2056396.9227268388, 805179.4167357583], [2056338.3821615125, 805150.546714756], [2056274.5138509287, 805122.0310237596], [2056217.4394900044, 805100.0806083487], [2056162.4304136778, 805081.4106981689], [2056023.121309086, 805040.3746910052], [2055500.758836761, 804898.508176833], [2055344.2801470892, 804858.899004092], [2055291.6253967588, 804846.7874797572], [2055218.864387423, 804825.1733497571], [2055150.2352595925, 804809.3918852508], [2055090.7694992574, 804799.4516164196], [2055003.482272251, 804790.9158723301], [2054934.5326070033, 804788.238712339], [2054334.6446991703, 804794.7672426045], [2054305.940360264, 804793.6222317519], [2054246.173747509, 804786.2314985103], [2054214.5186270918, 804780.3486362528], [2054188.4878392513, 804773.7485838487], [2054135.2520533341, 804755.4494078426], [2054087.93423459, 804737.5252310964], [2054015.49113801, 804703.1745780122], [2053928.2823229267, 804651.6878043415], [2053246.1593433474, 804146.2793663425], [2052567.5580102492, 803644.5333225701], [2052490.4164322624, 803587.2447232452], [2052280.269214764, 803431.7985118397], [2052230.598710418, 803403.6811139977], [2052174.4121430058, 803378.0998003337], [2052136.5565756722, 803363.1080324235], [2051950.5126564188, 803299.0753520877], [2051852.3192832617, 803262.5002940027], [2051825.7031947516, 803251.1689518273], [2051775.1406318382, 803224.8704480028], [2051720.4474997509, 803191.284557184], [2051695.0213695003, 803176.3150989269], [2051654.5244032603, 803148.2144333503], [2051619.944748013, 803121.2164558304], [2051430.8243913366, 802953.436935767], [2051204.7651321723, 802752.1049893226], [2051163.6795844282, 802721.4557724117], [2051131.1596363338, 802700.6503678301], [2051102.7751786723, 802684.5841270154], [2051030.0391036717, 802643.6878833305], [2050968.524791004, 802617.0078185986], [2050669.1772925847, 802519.2977121859], [2050642.5556266743, 802510.515249405], [2050624.8082868461, 802504.2964298575], [2050452.652135091, 802448.6695725924], [2050374.2736829224, 802417.9576917383], [2050329.3229854272, 802396.7677735018], [2050320.7488555927, 802391.6568913476], [2050282.015993431, 802369.021437917], [2050261.616756007, 802355.8820285136], [2050191.548654674, 802311.352261912], [2050106.722052678, 802243.1361910141], [2049903.135189503, 802045.8567299227], [2049837.2426047607, 801981.6780524976], [2049647.2446251824, 801797.5281583497], [2049630.6911805866, 801785.1236555903], [2049557.9747905878, 801730.0341988422], [2049500.9073194282, 801697.1766530058], [2049473.4080305835, 801681.4775374228], [2049435.5596810877, 801659.9368980811], [2049421.3641714286, 801653.3607957478], [2049370.7911098453, 801630.3427971732], [2048695.0014509244, 801321.6209736617], [2048655.6685243389, 801302.2630727568], [2048617.2276563353, 801280.3585890098], [2048559.5712755935, 801244.5896316749], [2048492.760713665, 801195.7009499214], [2048439.2637734252, 801150.1108179986], [2048388.438743843, 801099.4288327533], [2048355.3502273422, 801062.2445239385], [2048314.2961755858, 801009.394892076], [2048266.1666786685, 800939.0603870881], [2048226.3288318354, 800866.1917664373], [2048193.0083604325, 800789.6938879187], [2048092.8238495153, 800515.0615631707], [2048079.2835222653, 800469.1735316026], [2048076.656559007, 800446.6000859297], [2048056.4968224182, 800466.5879068323], [2048013.7761073417, 800526.944741502], [2047995.9661035829, 800558.2212537611], [2047946.3769639295, 800656.0606250024], [2047908.3343890924, 800752.0984906772], [2047802.7542196799, 801063.1605325879], [2047759.0210394275, 801201.0513329196], [2047732.2576415075, 801278.1794595104], [2047654.0826010103, 801483.3578549065], [2047633.5813296728, 801532.1025080812], [2047603.5823739178, 801597.2129421661], [2047411.7405660006, 801995.1366869953], [2047389.1717135021, 802041.6943366564], [2047246.3357130892, 802336.6819356732], [2047212.4834185836, 802406.5187382576], [2047163.1905381663, 802507.6359900803], [2047145.670232012, 802544.0096050078], [2047096.6739389312, 802645.1278410811], [2047075.2927480917, 802689.867581017], [2046979.0836229161, 802888.102748839], [2046677.10259959, 803510.0903500125], [2046626.0308513355, 803615.5740629226], [2046611.7782551786, 803645.0369305008], [2046455.5964809195, 803967.6727681734], [2046325.5465441789, 804236.1121919227], [2046179.1698684231, 804538.016115677], [2046091.879032509, 804718.4317653433], [2045983.8106790928, 804938.8571775036], [2045791.7244490834, 805331.6962868437], [2045713.0461287517, 805495.7458275119], [2045694.9346164188, 805533.9393206706], [2045686.6216409225, 805551.0354150784], [2045630.494456589, 805676.8983523375], [2045595.4456421745, 805759.8397874975], [2045557.7245890067, 805848.6017490878], [2045521.4861444242, 805935.5458009251], [2045514.9513805956, 805951.1884861802], [2045322.4744033352, 806413.9218126646], [2045234.852531344, 806624.1894367427], [2045098.8173703405, 806951.2327459088], [2044917.035253585, 807395.0566614253], [2044832.9780070032, 807600.2347287517], [2044767.6346337656, 807759.2111168267], [2044762.2898281813, 807771.2156860002], [2044757.8351126774, 807781.7655336726], [2044728.7331367568, 807849.064611675], [2044659.2555854155, 808003.3028202523], [2044796.3547206665, 808136.3783415041], [2044828.5521628417, 808173.5574010009], [2044874.328318, 808232.2344489878], [2044910.052327932, 808285.0716136663], [2044925.6891076723, 808315.3090860021], [2044939.243870586, 808352.4599303372], [2044954.837343335, 808411.0907185675], [2044957.7523637565, 808439.8528001623], [2044958.3074807532, 808463.8786707512], [2044954.5325539266, 808610.2087586706], [2044956.502366261, 808676.4632193481], [2044967.1699958444, 808859.94513583], [2044974.0876329262, 808980.0820346778], [2044985.4626101705, 809087.8492075988], [2044993.6663339282, 809141.0085500911], [2044999.8425026666, 809165.771295844], [2045006.9120423358, 809186.5310968453], [2045016.6443063472, 809207.6590073381], [2045028.44743234, 809229.1543711738], [2045046.453629927, 809257.575574165], [2045062.6983480891, 809276.8934489097], [2045082.7868905955, 809298.0374355103], [2045131.2546414288, 809336.6977912378], [2045167.9090956752, 809360.4152634896], [2045280.2520468372, 809423.9276036711], [2045307.750351428, 809436.7107145909], [2045333.184027598, 809445.4866156635], [2045440.8570405862, 809466.7661006706], [2045499.1364515873, 809474.5006652677], [2045547.6586642566, 809477.4878639953], [2045598.5558721707, 809475.38288134], [2045708.6402976813, 809467.9094711007], [2045792.3819280858, 809465.8559975015], [2045883.2216414218, 809465.9977295095], [2045988.2680192592, 809463.6138759895], [2046146.2873882507, 809456.5810816679], [2046209.3020260045, 809463.5964875848], [2046251.8941324214, 809474.2201540038], [2046272.87571776, 809491.3621800848], [2046303.5725067563, 809539.8250096662], [2046336.9103665957, 809602.1250819241], [2046361.0756725958, 809664.0465460172], [2046380.8029953393, 809725.9607922584], [2046532.0084015892, 810096.7720584988], [2046702.0356205855, 810537.5057570869], [2046754.5000825985, 810664.9959876663], [2046778.0935393425, 810713.4483185741], [2046883.9857160007, 810920.0164749989], [2046899.0221032484, 810953.530187503], [2046948.2483827607, 811069.7310705774], [2046962.3877901726, 811109.067934171], [2046971.5111315104, 811139.6600645822], [2046986.7860353428, 811208.848574504], [2046998.799790846, 811282.0357640774], [2047001.689876928, 811324.9946676776], [2047003.311264752, 811421.0984780937], [2046999.6134375057, 811513.1898293357], [2046991.4769708377, 811605.6378071682], [2046976.2000985132, 811722.8278615042], [2046964.5583895002, 811786.8769460033], [2046937.4249135857, 811917.8809490936], [2046923.4305190148, 811973.1895655104], [2046891.9122093453, 812071.0607608462], [2046872.0050969266, 812123.4477951656], [2046806.9353451713, 812295.8897075068], [2046769.4846326695, 812403.5801089341], [2046748.3806722625, 812464.70203392], [2046732.032935917, 812511.9985272601], [2046719.542475342, 812552.3849294179], [2046606.5371239167, 812915.8622208327], [2046537.2708582568, 813124.7003858339], [2046474.8543164292, 813305.5195780192], [2046418.3672246782, 813479.0684435078], [2046359.7561214287, 813686.8318075023], [2046303.7910102615, 813905.5200184154], [2046248.407262758, 814131.1258664278], [2046768.472495587, 813968.139971921], [2047333.8102756743, 813804.1442369357], [2047486.2450101657, 813759.9796270875], [2047932.8966759283, 813630.7495705924], [2048079.7100305855, 813588.0350890941], [2048317.098007261, 813519.2609484112], [2048357.3531760853, 813507.6782944213], [2048371.5608248422, 813503.6976593368], [2048492.6232467592, 813468.5871652404], [2048604.2139028448, 813436.3736469942], [2048634.4057715838, 813427.6873126737], [2048841.6045041662, 813367.603771402], [2048883.9321754295, 813355.2973655947], [2049173.123198094, 813272.0554061024], [2049268.4353434308, 813244.5495555798], [2049314.019897922, 813231.1571939302], [2049980.6173180037, 813039.3527875238], [2050254.4245131777, 812959.0074757518], [2051441.418530254, 812619.6111729336], [2051457.9952687637, 812614.9077702544], [2051563.9678258437, 812584.5160987593], [2051916.519614175, 812483.9392001778], [2052019.5325314994, 812454.6357811004], [2052457.9329014288, 812329.4644435085], [2052958.8039469284, 812182.5710364997], [2053770.5103287539, 811944.5203315077], [2054301.5843978368, 811791.8808730195], [2054623.665446593, 811699.2888665942], [2055010.283767834, 811588.2559521691], [2055113.0076437609, 811558.5988592483], [2055143.7943275878, 811550.2842433521], [2055250.6566466691, 811522.8197313376], [2055288.2441699195, 811516.7019614243], [2055313.9934622655, 811512.3820881632], [2055602.5607985095, 811465.240450168], [2055826.0160602634, 811428.8983312561], [2056635.4832733436, 811300.8565925951], [2056831.7095869195, 811269.9301452464], [2056836.445141764, 811269.2109865847], [2057199.0106895864, 811209.8515252558], [2057525.7643011815, 811156.6147550842], [2057959.6696013354, 811082.1155602545], [2058068.8859183325, 811063.4023430978], [2058392.9974748364, 811001.4333069093], [2058452.4914503403, 810990.2669906968], [2059039.7435566795, 810878.231453594], [2059525.4732282597, 810785.294303507], [2059530.505698503, 810784.2126127507], [2059689.1592525842, 810754.3209402486], [2060292.1085060094, 810639.4300939197], [2060646.1412624998, 810564.0785385786], [2060682.8472258458, 810556.1461397617], [2060761.5862415882, 810539.9279963446], [2060952.5143374207, 810500.2810940007], [2061058.483941765, 810479.7522636711], [2061207.3684865097, 810453.8527091682], [2061027.3675341737, 810218.3210279959], [2060907.8828650112, 810049.5319955099], [2060839.1405484213, 809952.9242490841], [2060624.6199800977, 809665.997001439], [2060585.102670669, 809601.8481795931], [2060524.082123429, 809490.3323265054]]]}}, {"type": "Feature", "properties": {"precinct_code": "30-4", "precinct_name": "30-4", "county": "DURHAM"}, "geometry": {"type": "Polygon", "coordinates": [[[2062908.7952017628, 810138.9297825834], [2063112.699321509, 810121.8943836035], [2063323.9462743406, 810130.3572931692], [2063346.7257563476, 809994.9910940824], [2063355.4163557598, 809944.0469702424], [2063366.7168580892, 809917.8619832596], [2063382.7512748397, 809891.6871668434], [2063407.66592318, 809864.075345424], [2063437.3240003453, 809832.1055930892], [2063475.8741200876, 809793.2388729093], [2063487.7405661778, 809779.0676414345], [2063503.7585787636, 809760.5374947473], [2063562.7978307598, 809688.2249753432], [2063601.6684879204, 809638.074485102], [2063607.937504262, 809612.6066882517], [2063628.7691555033, 809557.6848820838], [2063658.5020356758, 809491.4976785192], [2063670.996761337, 809460.5830421549], [2063678.4429406673, 809438.0299376711], [2063703.8254358475, 809331.427132504], [2063710.4290971751, 809288.1230852606], [2063716.4874840071, 809223.3407344979], [2063718.6685820054, 808490.5741554191], [2063710.3401865955, 808374.0701233346], [2063705.2427558468, 808268.4932347583], [2063703.0137576764, 808204.7850288395], [2063700.1187503354, 808038.7860170004], [2063700.8169116678, 807989.6450391772], [2063702.968154088, 807952.883629764], [2063716.8500160861, 807828.4193117613], [2063723.7555140853, 807782.5680254946], [2063756.9444240928, 807624.6556116781], [2063805.629038007, 807417.2705277416], [2063827.3606218402, 807357.6187441832], [2063858.903209673, 807276.8751392429], [2063874.0711583348, 807241.9621513432], [2063889.5222429181, 807212.874283011], [2063916.5353122514, 807173.9829565744], [2063984.216279254, 807076.9372188946], [2064067.3529240058, 806948.9837346654], [2064108.3200336704, 806889.3742738378], [2064127.022752181, 806862.1135015793], [2064148.699546083, 806827.9432943381], [2064184.9458646765, 806762.1350270079], [2064216.7551842623, 806695.5889002399], [2064246.229206682, 806614.47718585], [2064259.3430255956, 806571.9159192465], [2064266.5175519306, 806538.8057492661], [2064303.627713918, 806213.8185383396], [2064322.3743955928, 806031.4862258381], [2064336.8094060856, 805926.3164886717], [2064353.8999230857, 805824.7927415828], [2064366.76538293, 805760.7538276736], [2064370.7020548445, 805719.9924262513], [2064372.8683890852, 805676.6788645805], [2064372.091487752, 805626.0785721054], [2064367.4592791784, 805579.110162092], [2064359.8736644236, 805529.586967171], [2064339.3940465911, 805421.7928914271], [2064250.7108250107, 805377.1886499211], [2064107.9443782577, 805298.6126916026], [2064028.1282649185, 805258.7607371684], [2063924.052685679, 805215.2158767467], [2063828.5361444207, 805182.2464545096], [2063748.396869005, 805154.407271342], [2063704.6295680837, 805139.7514607543], [2063692.8008515844, 805135.7216131707], [2063562.983197838, 805089.574067667], [2063486.3924717589, 805062.8352760037], [2063272.8781350097, 804991.0270206879], [2063206.345787763, 804965.7665725036], [2063126.220619918, 804931.0127049978], [2062952.6838935027, 804846.5522440086], [2062772.9227700979, 804766.0835729259], [2062583.4008394172, 804682.6831491604], [2062545.5541303463, 804666.5857403997], [2062367.572859006, 804583.2112352574], [2062198.482646005, 804493.3042628284], [2062083.5038733322, 804424.9897669181], [2062025.8766920106, 804385.9183227547], [2061994.8514915868, 804362.5555085784], [2061961.7639593317, 804334.8206559363], [2061931.6367230108, 804306.7275362673], [2061905.6502264296, 804279.7354642559], [2061870.2283812622, 804235.9786619988], [2061831.8662532587, 804183.1155787482], [2061698.2477540954, 803970.6123948335], [2061563.1528799245, 803755.5583630088], [2061554.0095255084, 803740.6144952637], [2061432.4897554226, 803543.0627250109], [2061380.8779820064, 803456.6829764904], [2061371.7398769269, 803439.1908854897], [2061362.6011156726, 803422.0629670013], [2061344.3390130852, 803380.1627883324], [2061327.8597153416, 803334.9903065119], [2061300.2426445922, 803237.7401729227], [2061282.6508162625, 803158.3476151667], [2061270.672165676, 803083.6991424354], [2061269.550448762, 803053.8474960933], [2061275.7886252543, 802900.973129912], [2061282.4211579247, 802842.7442437598], [2061289.0615645936, 802780.8752730059], [2061295.6993465857, 802720.098163589], [2061301.7531402563, 802655.6796572504], [2061324.4876748463, 802398.3671797533], [2061326.0093253395, 802378.3495032525], [2061328.8370755904, 802299.727613247], [2061328.33707659, 802255.6804572522], [2061325.1694320133, 802213.4479301706], [2061322.8390560895, 802195.6064304266], [2061318.7524500946, 802168.2964456596], [2061302.0454625036, 802089.9980458205], [2061284.1432673326, 802017.1573122478], [2061258.9382652629, 801898.0712643306], [2061221.1227240872, 801722.9003548307], [2061180.8616497521, 801584.8540430008], [2061165.8761154257, 801532.4046728265], [2061111.7984676808, 801348.8276121863], [2061099.443177416, 801312.4001916037], [2061071.2004517603, 801230.0739126682], [2060985.2954398408, 800979.0881941725], [2060970.5772934277, 800940.1079571742], [2060964.691150339, 800924.0787897538], [2060946.1590351772, 800868.7098060112], [2060931.1892488452, 800808.2522497721], [2060921.8326402595, 800752.9022948287], [2060911.075772002, 800658.9638344214], [2060909.6594362564, 800628.3835149992], [2060913.0826577542, 800547.5788865938], [2060916.4064700003, 800514.8243589116], [2060921.5022603415, 800483.8936465047], [2060929.2627435029, 800452.6043390107], [2060945.9379070085, 800404.588687004], [2060981.6261558384, 800322.7591262632], [2060992.0293502498, 800301.6676330115], [2061014.3258935974, 800254.7559814235], [2061116.5537075114, 800058.7635912575], [2061188.7678019272, 799920.2238420823], [2061251.2703015937, 799755.0909702589], [2061261.700070755, 799721.6231894187], [2061268.885095761, 799682.6885559913], [2061272.258776679, 799626.2729864179], [2061271.259762928, 799537.4509855944], [2061268.6967759302, 799489.0314630133], [2061261.1354393358, 799424.585069587], [2061250.3237811774, 799357.2193906761], [2061233.6059668378, 799283.2894204257], [2061159.8502088324, 799023.9566057628], [2061140.1780040879, 798947.1083342643], [2061132.5425206712, 798917.971253428], [2061094.9861653456, 798758.4541840145], [2061070.0118058478, 798668.8546256814], [2061054.7211540055, 798620.0446839044], [2061041.7825315886, 798578.8840050865], [2061019.1214876778, 798515.4983050836], [2060993.7921420038, 798454.291078413], [2060963.7377401735, 798387.6140464267], [2060889.1673512605, 798233.4808245143], [2060884.7461002602, 798224.3712626665], [2060874.424270512, 798205.7850137583], [2060865.5778315067, 798189.3860964241], [2060830.4840696757, 798125.9748059186], [2060795.7032993417, 798054.191813008], [2060763.5924711686, 797979.5023298382], [2060748.5810182549, 797938.337385925], [2060735.6410835076, 797897.5408795959], [2060703.9219868341, 797776.2583137469], [2060648.7662572574, 797536.6226381701], [2060608.5701434177, 797362.9044816929], [2060529.2356564265, 797363.8329575079], [2060285.9106837532, 797362.9687859982], [2060214.5784773398, 797359.1823762517], [2060094.1121828398, 797352.7473497639], [2059929.5442705022, 797344.0390338503], [2059492.434252338, 797290.3685374968], [2059419.0443072608, 797279.2996620135], [2059385.016816259, 797271.9505953357], [2059360.4620753361, 797264.6205575035], [2059346.8564595124, 797259.1330356763], [2059335.0261025883, 797254.0129671548], [2059306.3424329318, 797239.0303855885], [2059278.2611242526, 797218.9529979245], [2059258.769365341, 797196.3447754282], [2059240.1739300918, 797169.73393625], [2059215.6828373394, 797130.7349985082], [2059196.8137805904, 797092.8394049994], [2058973.7348304228, 796590.4145568414], [2058958.7046767636, 796556.8949388474], [2058921.552192004, 796483.6536154891], [2058895.8842643353, 796440.6484521695], [2058856.618594839, 796387.7876654897], [2058816.140657425, 796348.7569036857], [2058790.7187922604, 796330.5052997613], [2058772.095469923, 796317.3635937591], [2058727.151006012, 796291.4286062472], [2058678.9463780078, 796267.3075915091], [2058628.371676014, 796244.273516836], [2058621.272608848, 796241.3473415874], [2058590.2146000846, 796228.9090462647], [2058552.0522748402, 796216.0924708513], [2058481.639029846, 796195.203405012], [2058461.2253567588, 796188.9744148328], [2058424.2369136792, 796181.2565824963], [2058388.722877084, 796176.4537705913], [2058317.3900145127, 796171.2159201514], [2058280.090548426, 796171.1417733446], [2058239.2336747628, 796173.6089600015], [2058060.0831144317, 796200.1915840041], [2057979.5347190932, 796214.5931300068], [2057790.2998613433, 796251.3499462598], [2057736.703839926, 796258.8889731754], [2057697.0283943403, 796262.8151464147], [2057604.960008919, 796264.4545788307], [2057549.0172074297, 796261.0687588373], [2057503.1488608439, 796252.970677923], [2057460.2473718368, 796241.2384179295], [2057382.1481185853, 796214.5127495847], [2057344.58290501, 796198.7867311742], [2057302.2936195119, 796176.8632185909], [2057260.6030860834, 796151.3009337493], [2057104.4954586786, 796050.529153672], [2057044.4578490849, 796021.2916793362], [2057012.5113906707, 796008.4888834178], [2056980.2637517583, 795998.2339826712], [2056905.9889659286, 795983.1654432531], [2056858.9323015064, 795976.8862563284], [2056742.005041926, 795974.1119836824], [2056697.9027679276, 795970.7507699224], [2056587.8032505966, 795958.1622124241], [2056548.7413208329, 795950.8065840894], [2056492.520632759, 795937.5940120785], [2056447.5535310947, 795922.2190428291], [2055618.9823535962, 795597.3945612666], [2055511.0163621767, 795551.32444341], [2055466.6565427636, 795527.2158958188], [2055390.9637807598, 795478.295061915], [2055368.7938775877, 795460.780661252], [2055309.6860561657, 795407.8873943384], [2055282.8015955077, 795378.7155366836], [2055248.538540675, 795337.5174563322], [2054592.6218735143, 795919.4424735795], [2054378.53929642, 796107.240982501], [2054048.513709752, 796402.9401942488], [2053898.7813976698, 796532.982256998], [2053874.1721949275, 796554.413972677], [2053867.0609886784, 796558.0409339227], [2053790.8659310958, 796621.6041270028], [2053712.3096577516, 796681.5226423395], [2053624.26783909, 796748.7045945859], [2053447.604150428, 796877.244035669], [2053026.4547302562, 797155.3163141768], [2052583.9828461695, 797442.8209885131], [2052534.7864222538, 797475.130307094], [2052374.455378084, 797579.680294843], [2052343.6335893413, 797600.0103066557], [2052288.2127684192, 797637.0410724969], [2052208.7874023456, 797689.6820433454], [2052161.96170859, 797720.9044218381], [2052076.3145701753, 797776.8108060933], [2051885.1663304279, 797901.3295859226], [2051703.2067205906, 798019.677774439], [2051671.2005510023, 798040.7344908396], [2051591.481878429, 798093.0126015148], [2051468.199316593, 798174.3359296568], [2051395.297231421, 798222.258077918], [2051365.9587074232, 798241.4998373453], [2051269.6468921765, 798303.941969681], [2050898.6276210858, 798545.0031673416], [2050714.3015461718, 798666.9937370118], [2050538.2822131815, 798779.1710060759], [2050419.453382598, 798855.7741993243], [2050300.328292756, 798933.1054095133], [2050260.6197107567, 798958.8825889236], [2050004.586758255, 799128.0768043372], [2049959.5441974269, 799157.8493825868], [2049856.4213721745, 799225.7452441861], [2049446.6049345883, 799493.3323074287], [2049340.822337761, 799560.1333549022], [2048899.0125258432, 799849.1511496056], [2048816.6393310113, 799901.796385517], [2048729.2254638376, 799959.8940383395], [2048418.9947850867, 800158.861816244], [2048361.5191782562, 800191.5284175826], [2048338.4057074196, 800207.5070601696], [2048311.73679751, 800225.6641760982], [2048259.5804057554, 800263.7999265947], [2048216.9033257524, 800297.2194791724], [2048116.1187504234, 800388.0582082518], [2048093.5790973436, 800415.32258942], [2048076.656559007, 800446.6000859297], [2048079.2835222653, 800469.1735316026], [2048092.8238495153, 800515.0615631707], [2048193.0083604325, 800789.6938879187], [2048226.3288318354, 800866.1917664373], [2048266.1666786685, 800939.0603870881], [2048314.2961755858, 801009.394892076], [2048355.3502273422, 801062.2445239385], [2048388.438743843, 801099.4288327533], [2048439.2637734252, 801150.1108179986], [2048492.760713665, 801195.7009499214], [2048559.5712755935, 801244.5896316749], [2048617.2276563353, 801280.3585890098], [2048655.6685243389, 801302.2630727568], [2048695.0014509244, 801321.6209736617], [2049370.7911098453, 801630.3427971732], [2049421.3641714286, 801653.3607957478], [2049435.5596810877, 801659.9368980811], [2049473.4080305835, 801681.4775374228], [2049500.9073194282, 801697.1766530058], [2049557.9747905878, 801730.0341988422], [2049630.6911805866, 801785.1236555903], [2049647.2446251824, 801797.5281583497], [2049837.2426047607, 801981.6780524976], [2049903.135189503, 802045.8567299227], [2050106.722052678, 802243.1361910141], [2050191.548654674, 802311.352261912], [2050261.616756007, 802355.8820285136], [2050282.015993431, 802369.021437917], [2050320.7488555927, 802391.6568913476], [2050329.3229854272, 802396.7677735018], [2050374.2736829224, 802417.9576917383], [2050452.652135091, 802448.6695725924], [2050624.8082868461, 802504.2964298575], [2050642.5556266743, 802510.515249405], [2050669.1772925847, 802519.2977121859], [2050968.524791004, 802617.0078185986], [2051030.0391036717, 802643.6878833305], [2051102.7751786723, 802684.5841270154], [2051131.1596363338, 802700.6503678301], [2051163.6795844282, 802721.4557724117], [2051204.7651321723, 802752.1049893226], [2051430.8243913366, 802953.436935767], [2051619.944748013, 803121.2164558304], [2051654.5244032603, 803148.2144333503], [2051695.0213695003, 803176.3150989269], [2051720.4474997509, 803191.284557184], [2051775.1406318382, 803224.8704480028], [2051825.7031947516, 803251.1689518273], [2051852.3192832617, 803262.5002940027], [2051950.5126564188, 803299.0753520877], [2052136.5565756722, 803363.1080324235], [2052174.4121430058, 803378.0998003337], [2052230.598710418, 803403.6811139977], [2052280.269214764, 803431.7985118397], [2052490.4164322624, 803587.2447232452], [2052567.5580102492, 803644.5333225701], [2053246.1593433474, 804146.2793663425], [2053928.2823229267, 804651.6878043415], [2054015.49113801, 804703.1745780122], [2054087.93423459, 804737.5252310964], [2054135.2520533341, 804755.4494078426], [2054188.4878392513, 804773.7485838487], [2054214.5186270918, 804780.3486362528], [2054246.173747509, 804786.2314985103], [2054305.940360264, 804793.6222317519], [2054334.6446991703, 804794.7672426045], [2054934.5326070033, 804788.238712339], [2055003.482272251, 804790.9158723301], [2055090.7694992574, 804799.4516164196], [2055150.2352595925, 804809.3918852508], [2055218.864387423, 804825.1733497571], [2055291.6253967588, 804846.7874797572], [2055344.2801470892, 804858.899004092], [2055500.758836761, 804898.508176833], [2056023.121309086, 805040.3746910052], [2056162.4304136778, 805081.4106981689], [2056217.4394900044, 805100.0806083487], [2056274.5138509287, 805122.0310237596], [2056338.3821615125, 805150.546714756], [2056396.9227268388, 805179.4167357583], [2056491.226672082, 805231.6521955866], [2056550.04742059, 805268.5313869228], [2056681.8489942555, 805365.2500255079], [2056740.6467769302, 805413.7781436682], [2056816.5662445144, 805484.1802338338], [2056839.0110815004, 805508.2487552698], [2056864.993313015, 805539.2404911695], [2056903.660558508, 805591.0061356677], [2056974.7759018405, 805696.7090082465], [2057230.2192885885, 806125.2911563307], [2057247.0312628455, 806154.0814530732], [2057259.4183771769, 806175.5823943292], [2057406.603122173, 806423.0382642574], [2057444.9540953324, 806484.2684567668], [2057451.7395148429, 806494.8379894149], [2057485.0737657538, 806548.7781702522], [2057514.2774475082, 806596.1576686595], [2057669.7387507549, 806846.179150257], [2057788.3251277497, 807036.4297539924], [2057811.033087595, 807076.1524435888], [2057836.4024594282, 807116.6087274998], [2057867.0953114165, 807158.5312158265], [2057888.0552432544, 807184.0538025823], [2057996.1291740846, 807301.844905592], [2058062.867885755, 807371.8683875928], [2058173.3322317584, 807477.2884523462], [2058212.9190948468, 807510.4924541556], [2058283.8316826674, 807564.508094171], [2058502.796139762, 807719.2873121611], [2058904.9449417586, 808013.1262914296], [2059080.4573860022, 808141.6135672616], [2059107.9373179243, 808161.3257981535], [2059188.306251676, 808220.0947094914], [2059231.4373989988, 808255.4916203322], [2059571.1601447626, 808537.2013587499], [2059781.4904327537, 808711.2659712556], [2060043.5204205075, 808924.751764761], [2060204.2221988433, 809055.7636418379], [2060312.0149622546, 809158.2742635802], [2060336.5178660024, 809185.9900874185], [2060346.845601261, 809199.844062342], [2060365.7323745044, 809224.636007498], [2060410.5708675082, 809291.7077237429], [2060422.0747815089, 809309.2044079178], [2060443.3053820874, 809345.2860286621], [2060460.4073820126, 809374.4427945062], [2060466.3033675856, 809385.0116709966], [2060472.2003374244, 809395.2163750025], [2060524.082123429, 809490.3323265054], [2060585.102670669, 809601.8481795931], [2060624.6199800977, 809665.997001439], [2060839.1405484213, 809952.9242490841], [2060907.8828650112, 810049.5319955099], [2061027.3675341737, 810218.3210279959], [2061207.3684865097, 810453.8527091682], [2061375.7877690948, 810425.0824254941], [2061646.3348001677, 810373.9581839271], [2061927.8362056748, 810320.3113095795], [2062025.5187530974, 810301.5885780001], [2062326.5598176722, 810243.2543770808], [2062484.3327960975, 810213.0119834873], [2062775.0143013461, 810157.2086174142], [2062908.7952017628, 810138.9297825834]]]}}, {"type": "Feature", "properties": {"precinct_code": "33-1", "precinct_name": "33-1", "county": "DURHAM"}, "geometry": {"type": "Polygon", "coordinates": [[[2040401.9894936683, 797034.0514648439], [2040449.2715513427, 797021.1571336628], [2040489.580525846, 797010.3438350754], [2040520.0794805873, 797003.4426021766], [2040544.1286450925, 796999.3504187517], [2040568.7024148393, 796995.3313979157], [2040700.452807503, 796980.2251289133], [2040859.8078037498, 796964.5686641772], [2040883.1837412552, 796962.2875007556], [2040919.3231046805, 796959.5604720843], [2041137.8597410913, 796937.6481143321], [2041239.2548795063, 796934.1497617431], [2041369.8267968458, 796929.8338254938], [2041375.128623499, 796929.6494426761], [2041400.4176149212, 796929.6852037593], [2041554.0006410927, 796924.3476160055], [2041641.3705450909, 796920.6793162469], [2041649.8764335972, 796920.4011015957], [2041841.7077428405, 796913.7570860105], [2041936.3273042592, 796911.6353710897], [2042391.3588744996, 796901.937227757], [2042697.3904146699, 796895.4372407458], [2042933.9745871718, 796888.8388287594], [2042989.8694885068, 796890.3092982611], [2043052.5458723463, 796887.6239361673], [2043093.2081925864, 796880.7404197567], [2043103.519851761, 796879.1196880889], [2043128.2737392623, 796875.5757319196], [2043218.8854346739, 796856.0521489268], [2043228.3142215894, 796853.2145561657], [2043256.4355564273, 796844.8763182589], [2043267.819391923, 796840.230002084], [2043293.8173714268, 796829.9534478374], [2043299.5942627662, 796827.325172262], [2043314.625728756, 796821.3560240878], [2043331.001024097, 796812.843902009], [2043333.2152585106, 796811.8107675848], [2043370.2463524179, 796792.5726170858], [2043385.6866102533, 796783.5001286555], [2043413.5136543382, 796767.3462895855], [2043653.7178983407, 796605.2353933455], [2043714.7545216691, 796566.4451165943], [2043800.0850596728, 796517.9711321817], [2043810.2566272623, 796512.4317731729], [2043861.107903509, 796488.9013084073], [2043902.9149065006, 796472.3006198414], [2043947.5388330077, 796459.869870417], [2043991.9413032525, 796453.1828759107], [2044002.1735662508, 796451.7025639258], [2044061.682961672, 796446.331511678], [2044111.7156700054, 796443.4942470099], [2044154.6394686713, 796443.5588794218], [2044174.0403485005, 796444.8620264223], [2044215.753847765, 796447.7747502781], [2044282.040788681, 796453.6743447547], [2044358.5757405893, 796460.6106825975], [2044401.1215872606, 796462.4889596672], [2044571.9982140076, 796470.5306102441], [2044596.6395689258, 796474.1336214191], [2044600.7038652608, 796474.8094730715], [2044622.7153041812, 796478.4587440123], [2044691.6689064195, 796490.1526182588], [2044748.6724013395, 796505.514136083], [2044837.2781952624, 796532.0327838453], [2044894.833526343, 796555.7269621792], [2044965.3602881725, 796589.1612785025], [2045042.089137345, 796628.1595600959], [2045264.3600182533, 796728.6452515168], [2045328.787054763, 796758.0349564969], [2045390.6091095952, 796788.3436229342], [2045400.4260190886, 796793.6274049865], [2045508.6843327568, 796852.4438884244], [2045544.7905597526, 796871.5435877651], [2045563.637634919, 796881.7988165859], [2045609.1775700885, 796912.4467211626], [2045653.4635707596, 796942.7087997597], [2045858.9513487525, 797083.4969040066], [2046018.7751760932, 797192.0836290938], [2046075.8003245145, 797230.9595355853], [2046098.690042511, 797248.5674399983], [2046176.4743357608, 797308.9482247574], [2046223.2734547546, 797349.291319915], [2046272.8845760077, 797396.5822358442], [2046298.812673763, 797424.3951723329], [2046393.5893870883, 797531.5229108239], [2046413.3432845932, 797554.0077740047], [2046446.5659871704, 797594.0431270107], [2046528.1829499316, 797692.7584807555], [2046589.04503292, 797765.0624700154], [2046596.250399098, 797772.1733481741], [2046614.25889325, 797790.2074328382], [2046642.0380371797, 797819.3727288407], [2046647.0921609246, 797824.2569054278], [2046677.5458401728, 797854.0737749235], [2046739.0030663477, 797906.9384985826], [2046807.8041098414, 797957.0378078327], [2046928.4990784246, 798037.7696017653], [2046975.878248753, 798067.0057637531], [2047016.9546101692, 798086.7993593364], [2047068.1241272555, 798111.6280498494], [2047074.7245077654, 798114.575222417], [2047106.7638137648, 798129.7028168406], [2047131.6738689241, 798136.8937473472], [2047140.60134451, 798139.7733347602], [2047153.4353083353, 798142.1689992461], [2047173.9234563417, 798146.4737806781], [2047250.6943001747, 798154.9288162526], [2047280.6155001663, 798156.3654931817], [2047391.9748575098, 798143.4426187741], [2047398.420710759, 798142.7362553333], [2047399.4814041692, 798142.5302190017], [2047431.9573890853, 798137.1690092512], [2047463.590199842, 798127.4997372563], [2047500.3112550061, 798113.6729932671], [2047506.016952261, 798111.2186018359], [2047541.764912265, 798096.009970837], [2047576.4272445133, 798077.8653220786], [2047586.183458598, 798072.1202548449], [2047652.8814879213, 798033.3808310014], [2047704.5247573417, 798007.0672353341], [2047723.3783941702, 797997.6561649407], [2047782.9222383373, 797969.7238060926], [2047775.7677250956, 797946.2914382513], [2047746.3396343451, 797848.8477355099], [2047719.3541240096, 797777.9850163441], [2047711.7747428399, 797760.212414089], [2047686.2688883403, 797699.4677849151], [2047644.0849175896, 797609.487649916], [2047623.5619927656, 797570.4942895991], [2047602.8825721743, 797530.624290579], [2047572.9200336772, 797477.6463781853], [2047560.8570656795, 797456.1024579987], [2047394.0716380912, 797168.6253426617], [2046971.9281254276, 796440.2826392442], [2046964.5879169998, 796426.4453965954], [2046933.987584501, 796368.6741866681], [2046926.3875340968, 796352.3110304124], [2046890.194693088, 796273.797407921], [2046686.976923675, 795804.2596330907], [2046678.9894068378, 795784.6858533339], [2046669.0150173448, 795760.0435141771], [2046657.2427311705, 795726.0934508459], [2046652.192544429, 795711.3808818328], [2046639.5331209283, 795667.31502509], [2046636.203403176, 795655.6047466708], [2046619.0243036752, 795594.7203540136], [2046614.1109276726, 795575.2577944951], [2046610.6896746757, 795561.3411556701], [2046607.5994577568, 795543.9563479284], [2046602.2149540924, 795512.7661215953], [2046595.2700860966, 795464.6549973282], [2046594.314051255, 795457.8400503459], [2046593.695286095, 795452.102857085], [2046586.6926754252, 795386.21224085], [2046579.133307339, 795262.4877507584], [2046554.6940517572, 794857.2700572497], [2046553.156325177, 794758.6767505094], [2046499.6777575926, 794297.5746543477], [2046499.6049230855, 794296.9450624287], [2046427.9118250026, 794066.5839745741], [2046358.101269096, 793841.8915105802], [2046326.6554658425, 793758.037019504], [2046301.3930491812, 793690.4403699166], [2046644.6577825863, 793674.3242604265], [2046994.7778172637, 793662.3846517486], [2047229.132663505, 793654.4286309163], [2047488.9582593457, 793609.0235380016], [2047961.2676821784, 793463.9874107528], [2048165.2203582514, 793401.8339917558], [2048422.8573101768, 793316.163887502], [2048530.7694959207, 793281.6268830803], [2048710.4659869242, 793205.5512478381], [2048858.5359007583, 793132.20132891], [2049072.6443964227, 793004.8777646833], [2049072.7657872576, 793004.8059144055], [2049297.1695379156, 792873.2654950859], [2049469.5268047617, 792798.5707625933], [2049528.7140223405, 792779.4038061632], [2049554.7297183424, 792771.2617620816], [2049636.7725332526, 792753.4986742632], [2049768.3749603336, 792725.4793733315], [2050223.1233946672, 792627.6626398409], [2050688.6113088417, 792525.7051665979], [2050695.3901666715, 792524.328528925], [2051055.2267173396, 792454.13280317], [2051118.499884756, 792438.9681353429], [2051149.010650502, 792429.300831826], [2051186.3002740892, 792418.257218748], [2051381.2388605922, 792351.9443592645], [2051512.332758502, 792304.9615135891], [2051723.8740020858, 792234.4888855123], [2051794.253454508, 792211.2668190887], [2051807.0900430074, 792206.7061326588], [2051863.786780016, 792187.5486906746], [2052096.0287695988, 792104.643672751], [2052169.9725193367, 792079.2444453386], [2052301.1425325891, 792034.5263589075], [2052349.3543784178, 792019.7511260163], [2052388.7204414322, 792007.9617795091], [2052435.347972839, 791994.9480260012], [2052448.0707164272, 791991.4706707638], [2052572.7686297582, 791962.5724345997], [2052625.4867001774, 791952.8375459192], [2052625.7140619296, 791952.8135958298], [2052681.9140807553, 791947.3877536625], [2052751.943140178, 791944.7358560904], [2052812.36493534, 791946.2332284105], [2052855.5449670868, 791946.3106560713], [2052857.0265914218, 791946.3375589267], [2053198.067576007, 791965.1534661633], [2053215.5928034203, 791965.8348952546], [2053257.3190979229, 791967.865074922], [2053323.385238752, 791970.7620507582], [2053441.4020630866, 791975.1422913453], [2053696.1928920888, 791984.5343329116], [2053876.9120188358, 791991.507088014], [2053926.7196620102, 791993.3794595845], [2054009.4622786785, 791997.0093735869], [2054051.8129157594, 791998.475906086], [2054288.9781238446, 792005.8561406727], [2054416.5972911709, 792008.8692580004], [2054527.2752194256, 792011.851535498], [2054792.6834812618, 792015.1225263296], [2054933.296060919, 792015.3849930078], [2055408.2166990032, 792016.2763954239], [2055869.0113810909, 792021.3144430823], [2055915.732744335, 792017.2261966926], [2055931.0099447519, 792016.0929968336], [2055968.9173492652, 792010.7048842602], [2055988.756876513, 792006.6953778471], [2056042.4247481665, 791996.6497942442], [2056076.8879338375, 791988.3840627498], [2056114.180182084, 791977.3463551662], [2056206.864379928, 791940.0311410818], [2056236.2557253384, 791926.2014443312], [2056267.3442458368, 791910.9865797589], [2056305.2250755862, 791887.4528341718], [2056317.1000518345, 791879.1437956634], [2056344.2433702485, 791859.7557110956], [2056381.5703953358, 791830.6665304153], [2056429.6457585096, 791791.8782221654], [2056476.602357507, 791747.5331665114], [2056489.6200480033, 791732.2835250881], [2056532.0618922545, 791686.5414905768], [2056619.2260880019, 791583.9527849972], [2056679.4894189232, 791510.1524076727], [2056685.798461421, 791502.4608220153], [2056694.9526425886, 791490.9592045867], [2056902.8351008464, 791230.4078884177], [2056952.0817215154, 791170.7935063462], [2056954.9107840937, 791168.0218583312], [2056963.4005965148, 791158.3181375919], [2057088.4528398353, 791030.8098624131], [2057096.940027595, 791022.4945903405], [2057216.3410354997, 790897.7530419279], [2057152.890703099, 790710.1690995103], [2057152.7722650005, 790709.8173941821], [2057151.4349973367, 790705.828557009], [2057056.804281084, 790423.5174418433], [2056760.345884504, 789542.3978130065], [2056750.6572555918, 789514.2318588368], [2056742.9856830083, 789491.575736171], [2056719.4079742592, 789417.9344792544], [2056719.2606648365, 789417.4955037544], [2056719.1340246806, 789417.0981948413], [2056526.884081094, 788844.1370704127], [2056462.700810509, 788652.9074660011], [2056452.1020784231, 788621.2182249257], [2056422.9561393403, 788533.4355920998], [2056096.4298894987, 787560.899807511], [2056083.7625920032, 787522.9871536903], [2056078.0979051746, 787505.9986705879], [2055422.0995452572, 785551.0065175919], [2055415.9230484236, 785531.5544567562], [2055373.2335012543, 785405.1124524068], [2055327.7378573427, 785268.9450738368], [2055327.2883831703, 785267.8331994223], [2055325.522966757, 785262.5303884964], [2055256.071990176, 785055.6859859171], [2055207.5353418426, 784910.4628511731], [2055182.0891984983, 784835.5328829319], [2055148.5311947626, 784735.8388565944], [2055126.1490216712, 784669.1831500013], [2055118.867212086, 784647.6021564067], [2055110.920705677, 784622.8436757632], [2055020.4835505914, 784353.288112504], [2054989.025608258, 784260.1941385845], [2054935.342972844, 784100.6196545922], [2054924.707167341, 784068.9172901657], [2054918.696024506, 784050.9330741725], [2054841.2916517565, 783818.3472532477], [2054796.9105069193, 783687.7372782535], [2054776.9669772552, 783628.6018978235], [2054700.8729693445, 783401.9980203217], [2054680.3713699298, 783340.4886289198], [2054669.3927173468, 783307.0267535833], [2054666.8444940883, 783299.9385131799], [2054660.5239686666, 783281.0717530077], [2054563.7912225141, 782993.8082199239], [2054532.317532167, 782899.916347343], [2054520.5796947626, 782867.5213989986], [2054508.2404805853, 782833.0572290773], [2054445.2196092599, 782639.6514479368], [2054411.3217111658, 782540.2759905034], [2054400.8565089987, 782509.48012035], [2054369.3995509315, 782413.6095771763], [2054349.173869594, 782353.8629775058], [2054314.2264329211, 782249.6368080113], [2054253.469992757, 782068.1663704116], [2054240.9227737638, 782030.8724817345], [2054221.644269005, 781973.1554055968], [2054210.6095141785, 781940.6000245056], [2054189.5518135114, 781877.6716726813], [2054159.0672944195, 781786.5491515165], [2054148.6086539193, 781755.0127972569], [2054037.3670785131, 781422.9366897553], [2054025.5521415027, 781396.531886918], [2053702.4924201663, 780429.485920746], [2053693.1210478386, 780399.3488419192], [2053685.5433070974, 780374.8462662505], [2053567.7292382566, 780011.7151027527], [2053563.6045745923, 779999.6951136852], [2053494.584371416, 779840.8617699243], [2053494.5404082523, 779841.7459545025], [2053494.2913930104, 779846.7262594987], [2053481.9817063361, 780093.0968297563], [2053481.1555925026, 780221.590339157], [2053482.8849197612, 780247.8022289999], [2053484.8954144272, 780282.3864774288], [2053490.1572149266, 780320.6170440096], [2053498.931147499, 780382.1503855011], [2053514.4573631743, 780476.4569554185], [2053529.423868671, 780552.9259625804], [2053532.3579179193, 780568.2195671664], [2053542.86478667, 780621.7916385029], [2053548.4983055901, 780650.5150062533], [2053594.307597176, 780867.5477086658], [2053594.2298414244, 780867.4876694189], [2053571.6668944224, 780850.1258275161], [2053564.43495351, 780844.5608780094], [2053560.0996603388, 780838.2761136598], [2053552.6187041686, 780827.4306629129], [2053533.111853422, 780804.8267054935], [2053463.0421116813, 780735.5374740069], [2053341.2467515897, 780607.1853685073], [2053239.8614556787, 780493.066830342], [2053192.1145039187, 780443.007547266], [2053133.4354874182, 780381.4876571673], [2053014.2677467617, 780272.7979139258], [2052967.3734835838, 780233.6319817525], [2052891.533412174, 780170.2905730096], [2052775.52970718, 780079.4862926792], [2052725.6032978462, 780040.4056621857], [2052658.1769235139, 779989.7735455928], [2052468.5568959266, 779847.3853789321], [2052443.625515342, 779835.0166372512], [2052436.8922610867, 779831.6764208381], [2052428.7144559186, 779839.6278485054], [2052367.759197249, 779898.8947903302], [2052339.8803160025, 779919.5935678385], [2052302.5270442513, 779938.0915623569], [2052283.8548375058, 779944.9744225958], [2052253.332588837, 779952.928474922], [2052219.5544411703, 779959.7847604171], [2052040.600730835, 779990.0438862622], [2051985.4889644245, 780001.230871752], [2051979.2655516695, 780002.4939925834], [2051976.6002026806, 780003.0350020055], [2051970.982431753, 780004.4798810047], [2051921.779446168, 780017.1347113465], [2051866.9547526685, 780033.7823158359], [2051816.8675825004, 780051.1664674291], [2051665.4098801755, 780110.2332784262], [2051653.5532765838, 780115.3083994926], [2051634.172081753, 780123.4169790897], [2051631.0260906653, 780124.7332494227], [2051485.4879959223, 780186.7232829165], [2051472.1491118374, 780192.5241243388], [2051471.9985215948, 780192.6008958326], [2051468.5917042643, 780194.3380970986], [2051282.7279027544, 780281.7391689984], [2051169.3153999285, 780335.2843375028], [2051122.9506632546, 780357.174713676], [2051035.6007723347, 780397.0981902628], [2050644.5254390086, 780575.8438957388], [2050466.3775013383, 780657.4395330792], [2050414.5075263393, 780679.1911300103], [2050309.000519514, 780717.231408251], [2050252.10266742, 780734.9705459985], [2050194.9118369238, 780750.8891493432], [2050153.722286761, 780762.4672101634], [2050041.4259234236, 780787.392357169], [2049999.9391297554, 780799.6981068231], [2049884.105700001, 780814.7896120754], [2049651.5497346667, 780845.3367951013], [2049243.6148550056, 780898.8881971791], [2049019.357101425, 780927.270030168], [2048971.0691402557, 780933.3776295147], [2048903.5207189173, 780944.5495231753], [2048822.9362344288, 780958.2479865961], [2048755.3792829225, 780974.880171159], [2048714.1923574202, 780985.3683391715], [2048680.4083042592, 780996.9605075842], [2048665.121917502, 781002.2685678469], [2048604.2460550056, 781023.407305092], [2048585.2789013383, 781030.2921338368], [2048552.187104003, 781044.6257665921], [2048489.8401158443, 781071.6316180846], [2048435.3034795062, 781095.5662815084], [2048366.2442344285, 781125.3011301643], [2048325.6383445126, 781143.0707796722], [2048238.5112221683, 781173.504445838], [2048142.8060329992, 781197.372180251], [2047992.6002966769, 781223.3353829153], [2047847.1402857595, 781245.3028586706], [2047813.0714562538, 781250.3435310066], [2047640.9412230845, 781281.004887004], [2047609.7572303412, 781288.3572345173], [2047579.6086685967, 781295.4658160913], [2047547.9656872596, 781306.141319678], [2047488.335885257, 781326.2590615763], [2047406.2336872513, 781363.9833955999], [2047302.1567956824, 781437.3454535961], [2047205.4578420972, 781527.8285403216], [2047047.951267348, 781675.7275227597], [2046985.0754088447, 781729.8642255104], [2046925.4813679329, 781769.4461673404], [2046887.2435835027, 781789.0416005831], [2046869.4585140944, 781798.1134328372], [2046806.3329841795, 781823.4936314225], [2046786.2165545984, 781830.3699299952], [2046778.7739841775, 781832.9138881738], [2046769.2713785027, 781836.1671625079], [2046741.7320635023, 781845.5952932455], [2046675.6636260897, 781859.3226279997], [2046632.11712526, 781865.0778658325], [2046570.8052400053, 781867.528648326], [2046468.9297875916, 781862.2714410129], [2046352.8525919165, 781847.8918765937], [2046195.0376188466, 781818.8866852452], [2046096.1519898456, 781795.7988049311], [2045978.9484840948, 781756.2020993417], [2045951.1030673385, 781746.7946378579], [2045891.6356665927, 781724.261546424], [2045843.0632571715, 781705.8570556695], [2045756.626422166, 781676.2376923426], [2045651.5206612663, 781652.7777655021], [2045621.019081847, 781649.8181257552], [2045557.2947998361, 781643.2134801813], [2045531.884745674, 781640.5799552507], [2045452.4787365056, 781643.0107246758], [2044999.9284605095, 781656.8692927365], [2044924.4696219251, 781661.0959903498], [2044911.364333168, 781661.8299127478], [2044864.6806995128, 781664.7495263441], [2044848.8654424252, 781665.7386975825], [2044764.4735508428, 781666.1360065048], [2044615.3380223385, 781666.838432929], [2044615.1815265852, 781666.839089096], [2044343.3106792558, 782440.310967334], [2044166.998695926, 782896.1492945116], [2044088.5250995916, 783087.1364453366], [2044069.2308468358, 783082.6380947523], [2044068.0973189175, 783082.3736596009], [2044032.855591507, 783081.2286487436], [2043994.231324926, 783088.6932007411], [2043930.0582249174, 783101.095406925], [2043896.275156005, 783106.5976924931], [2043883.5497877619, 783108.670194924], [2043868.1548054218, 783111.068812171], [2043809.4921930889, 783120.2082295702], [2043666.3989753425, 783152.3922203159], [2043648.6234203442, 783156.369902681], [2043528.919263421, 783193.6854448257], [2043460.23042442, 783219.0886092499], [2043411.2797349228, 783237.192575672], [2043036.7010877572, 783404.8192089195], [2042898.8854185056, 783466.4942824235], [2042088.0786411767, 783830.4240007545], [2042023.7720112503, 783859.4528140812], [2041818.3908603326, 783962.9027384233], [2041690.9334380936, 784041.7116359196], [2041647.648091583, 784075.1393905813], [2041580.7410731744, 784133.6707695718], [2041565.8093445, 784146.733407514], [2041555.5295094268, 784154.2921194378], [2041543.5748089259, 784163.0824561819], [2041522.2155996705, 784188.8970370883], [2041473.5733085135, 784241.2456856654], [2041443.0287501814, 784270.3233834216], [2041405.3555971684, 784314.6795939208], [2041354.9177059236, 784380.4944229265], [2041280.1327505126, 784491.4121800923], [2041189.3251893362, 784624.5123075682], [2041125.5146214215, 784724.1617145808], [2040932.9326575105, 785000.1765825101], [2040655.4473200878, 785428.9595175799], [2040604.4024746725, 785507.8793072725], [2040250.042291001, 786072.6996999073], [2040158.9397829168, 786211.9914160664], [2039999.8839986774, 786454.9335155023], [2039935.7945599267, 786547.6688943252], [2039924.5196480907, 786564.0340190867], [2039857.8557394287, 786660.7182089413], [2039832.227837919, 786697.7187910731], [2039797.731187761, 786747.7826673468], [2039647.6937581748, 786964.799293661], [2039485.1035321811, 787199.7312384889], [2039464.9283756758, 787228.8250123389], [2039139.1622949233, 787699.7837160743], [2039064.141775668, 787822.2670669181], [2039058.6230859326, 787831.1597656772], [2039050.9429831808, 787843.7102655027], [2039034.7041705095, 787870.001879568], [2039023.427618252, 787888.1875387557], [2038714.2763336739, 788345.3408239181], [2038657.6291372632, 788414.4282841685], [2038629.7466470911, 788451.156885255], [2038614.3746305865, 788473.2664210878], [2038569.7172395901, 788537.3076315726], [2038548.514198004, 788561.9755612599], [2038492.1225785033, 788627.1578455901], [2038441.7640834285, 788683.37689325], [2038415.8694501675, 788712.0687649987], [2038268.4960572578, 788865.7672765111], [2038120.5937940034, 789019.806010423], [2037878.3547771703, 789271.7526850093], [2037550.4335170106, 789613.1388132559], [2037110.4327565876, 790085.067331333], [2036966.0396726732, 790241.7746950962], [2036800.3014870875, 790421.3885090891], [2036767.9836383457, 790456.6571393427], [2036671.9274000088, 790556.2763626692], [2036618.272651673, 790607.1712740052], [2036609.6768683332, 790614.4409445117], [2036550.3971312637, 790664.964793595], [2036500.445787593, 790704.2304630826], [2036446.3701083364, 790746.7382520868], [2036432.127026588, 790756.482655153], [2036364.5818860994, 790802.6948330872], [2036294.054796174, 790850.6573355966], [2036237.162193418, 790886.9882996541], [2036120.4134111719, 790962.195170254], [2035818.4737263455, 791153.2958379298], [2035666.7532292623, 791258.6748922634], [2035639.7841230938, 791280.1190750893], [2035556.2091590017, 791346.9962379221], [2035429.3527854246, 791458.9586124313], [2035333.3122950948, 791552.0302766651], [2035325.3090302648, 791559.6647758321], [2035203.7623573379, 791689.8354472519], [2035000.0947856747, 791912.0039661729], [2034645.5006785858, 792329.4703228453], [2034491.2887166727, 792527.6923673395], [2034460.179198846, 792567.6804763383], [2034452.0545431664, 792578.8392466756], [2034403.2432890844, 792645.8765141623], [2034256.7517841759, 792848.0965821735], [2034149.1010808363, 793003.0408260614], [2034015.343474344, 793205.2769701709], [2034015.711911917, 793205.5286100875], [2034015.5997074267, 793205.6988853358], [2034002.5895628328, 793225.1240433349], [2033990.2316479224, 793244.4133748484], [2033989.837619842, 793244.1968398294], [2033902.6383191778, 793381.3291115018], [2033811.291060923, 793521.7327021032], [2033683.174191178, 793714.5125002714], [2033685.200433837, 793726.2181854979], [2033685.8211675151, 793729.8041363377], [2033685.7457083468, 793729.9350415933], [2033685.7857345059, 793730.2096473348], [2033738.513319342, 794037.1506345104], [2033765.2754049315, 794174.0666992613], [2033870.6072152574, 794715.0367459249], [2033917.7275278438, 794901.1777778399], [2033933.3843206756, 794963.5720100104], [2033973.7717070868, 795124.001151085], [2034084.8430072505, 795566.7125360059], [2034147.1424233483, 795814.9102023419], [2034172.8172407602, 795917.8194453408], [2034448.2018605925, 797015.1381168315], [2034466.1532682627, 797086.5602180888], [2034563.0658040927, 797472.8855609273], [2034668.4248453372, 797892.5064408288], [2034706.1458985046, 798043.0097487574], [2034721.3177841753, 798104.1260963324], [2034732.0959778433, 798149.1388016012], [2034762.8124518383, 798277.5935971716], [2034767.2691358468, 798302.5269462519], [2034770.74386643, 798322.1958701762], [2034779.1421435906, 798381.9158950843], [2034801.8281218417, 798379.2863071654], [2034802.949182587, 798379.2013335876], [2034805.5187312525, 798378.8532371692], [2034837.86741984, 798375.0425492543], [2034880.2229781752, 798365.3722930228], [2034927.020784842, 798351.0458780822], [2034938.5575071718, 798347.6928664062], [2034961.3599550126, 798339.3477387542], [2034966.2086985854, 798337.1377694155], [2034984.714567096, 798329.3930342285], [2035009.5727850965, 798315.5364346644], [2035033.8683401798, 798300.2907302527], [2035064.9473462563, 798278.1100003558], [2035120.8996621664, 798229.5756485894], [2035290.49676393, 798046.4828389273], [2035318.759830757, 798018.7447054127], [2035347.0281469242, 797986.840569759], [2035376.4372088462, 797945.2179495837], [2035400.198644251, 797904.9768883482], [2035441.2894413457, 797823.5128124119], [2035453.3829210852, 797799.739237925], [2035463.2910377523, 797776.7711079982], [2035480.5741396707, 797737.0526835017], [2035544.5671219218, 797577.4401418461], [2035569.468318837, 797528.869044746], [2035575.69238776, 797517.7680170799], [2035600.2707506733, 797478.3501169204], [2035619.873073667, 797447.210415416], [2035651.3277351714, 797400.3801285055], [2035726.720300928, 797288.8311389984], [2035748.7753749187, 797259.6973389884], [2035796.2769203326, 797198.656450573], [2035872.6041955047, 797112.6559664356], [2035900.2990220035, 797089.0835069946], [2035927.9938485017, 797065.5110475864], [2035963.4448930924, 797047.5763721807], [2035971.984902262, 797045.1121382478], [2036036.4473717515, 797026.7630935848], [2036060.1645159274, 797024.015067599], [2036088.264853417, 797024.0495163434], [2036089.8744302534, 797024.0708417644], [2036120.9527801734, 797027.0212951815], [2036125.8930590015, 797028.0193246709], [2036149.9258193376, 797033.8454285169], [2036176.450700672, 797043.5983617692], [2036199.7816907626, 797057.4083735071], [2036204.389621168, 797060.249247085], [2036214.72260575, 797068.7413560862], [2036231.1700794252, 797082.546774659], [2036267.2641673374, 797115.9177709139], [2036289.2565774159, 797138.1624770883], [2036593.133922429, 797527.5806615095], [2036703.3108674302, 797669.1364807457], [2036775.5006836813, 797761.774418844], [2036942.0233165007, 797976.3051577393], [2036984.296525927, 798033.2912642495], [2037037.8541615903, 798095.8459291667], [2037095.3707788447, 798152.8513925873], [2037100.4465560927, 798157.0236283274], [2037143.871009929, 798195.9592460239], [2037169.5582945072, 798215.7029729224], [2037186.8801102645, 798229.5992705907], [2037241.00565818, 798264.2491356824], [2037245.171660332, 798266.6064144307], [2037298.4402545851, 798297.5233473332], [2037349.7843120084, 798323.9721133331], [2037397.7458302523, 798346.250940159], [2037432.2523229278, 798359.0767019256], [2037449.8576026722, 798366.0747194053], [2037475.1958065936, 798373.4690615844], [2037508.9217890059, 798383.8850512495], [2037554.0171712653, 798391.8666625937], [2037580.0614105, 798396.8184243446], [2037596.6342120012, 798399.3876449191], [2037608.3503959195, 798401.1520771007], [2037647.7801070963, 798407.6687963448], [2037704.7960691736, 798413.2964097621], [2037767.4635947645, 798414.7655669204], [2037771.2329441747, 798413.4463438401], [2037771.2601750924, 798413.4440472506], [2037793.1351313454, 798409.3446460017], [2038209.0785251698, 798332.0199975162], [2038577.8763440088, 798239.4653925826], [2039309.3082800955, 798056.1960740846], [2039707.759254842, 797956.6103152427], [2039707.8977060039, 797956.3334129304], [2039708.0053173457, 797956.3061820053], [2039813.3059597623, 797745.3807508512], [2039864.2648473366, 797638.5269619207], [2039905.380578757, 797545.9444699183], [2039906.0544619262, 797544.4503784106], [2039921.183368667, 797513.241451334], [2039959.39556259, 797434.5313069244], [2039967.3187750895, 797420.656006589], [2040017.1306833473, 797327.6870324167], [2040039.1998649242, 797291.6136137471], [2040065.2191698418, 797256.9338930853], [2040098.0156921735, 797220.8749100916], [2040135.891928762, 797186.2112655097], [2040196.3714665908, 797137.6929898465], [2040218.4124330138, 797122.4482696622], [2040235.6331990943, 797111.5906798426], [2040237.890084343, 797110.2691601636], [2040260.6613642573, 797097.1238452562], [2040289.0458219214, 797080.8870010818], [2040295.2603764248, 797078.1183058327], [2040317.2954373355, 797067.0395878338], [2040328.6438398357, 797061.6567245926], [2040334.4627258482, 797059.0756930151], [2040358.3750795887, 797049.7135070049], [2040370.9642932552, 797044.8956032521], [2040380.6981976773, 797041.4284185906], [2040401.9894936683, 797034.0514648439]]]}}, {"type": "Feature", "properties": {"precinct_code": "33-2", "precinct_name": "33-2", "county": "DURHAM"}, "geometry": {"type": "Polygon", "coordinates": [[[2043930.0582249174, 783101.095406925], [2044032.855591507, 783081.2286487436], [2044068.0973189175, 783082.3736596009], [2044088.5250995916, 783087.1364453366], [2044166.998695926, 782896.1492945116], [2044343.3106792558, 782440.310967334], [2044615.1815265852, 781666.839089096], [2044848.8654424252, 781665.7386975825], [2044911.364333168, 781661.8299127478], [2044999.9284605095, 781656.8692927365], [2045531.884745674, 781640.5799552507], [2045621.019081847, 781649.8181257552], [2045651.5206612663, 781652.7777655021], [2045756.626422166, 781676.2376923426], [2045843.0632571715, 781705.8570556695], [2045951.1030673385, 781746.7946378579], [2046096.1519898456, 781795.7988049311], [2046195.0376188466, 781818.8866852452], [2046352.8525919165, 781847.8918765937], [2046468.9297875916, 781862.2714410129], [2046570.8052400053, 781867.528648326], [2046632.11712526, 781865.0778658325], [2046675.6636260897, 781859.3226279997], [2046741.7320635023, 781845.5952932455], [2046778.7739841775, 781832.9138881738], [2046806.3329841795, 781823.4936314225], [2046869.4585140944, 781798.1134328372], [2046887.2435835027, 781789.0416005831], [2046925.4813679329, 781769.4461673404], [2046985.0754088447, 781729.8642255104], [2047047.951267348, 781675.7275227597], [2047205.4578420972, 781527.8285403216], [2047302.1567956824, 781437.3454535961], [2047406.2336872513, 781363.9833955999], [2047488.335885257, 781326.2590615763], [2047579.6086685967, 781295.4658160913], [2047640.9412230845, 781281.004887004], [2047813.0714562538, 781250.3435310066], [2047847.1402857595, 781245.3028586706], [2047992.6002966769, 781223.3353829153], [2048142.8060329992, 781197.372180251], [2048238.5112221683, 781173.504445838], [2048325.6383445126, 781143.0707796722], [2048366.2442344285, 781125.3011301643], [2048435.3034795062, 781095.5662815084], [2048489.8401158443, 781071.6316180846], [2048585.2789013383, 781030.2921338368], [2048604.2460550056, 781023.407305092], [2048680.4083042592, 780996.9605075842], [2048714.1923574202, 780985.3683391715], [2048755.3792829225, 780974.880171159], [2048822.9362344288, 780958.2479865961], [2048903.5207189173, 780944.5495231753], [2048971.0691402557, 780933.3776295147], [2049019.357101425, 780927.270030168], [2049243.6148550056, 780898.8881971791], [2049651.5497346667, 780845.3367951013], [2049884.105700001, 780814.7896120754], [2049999.9391297554, 780799.6981068231], [2050041.4259234236, 780787.392357169], [2050153.722286761, 780762.4672101634], [2050194.9118369238, 780750.8891493432], [2050252.10266742, 780734.9705459985], [2050309.000519514, 780717.231408251], [2050414.5075263393, 780679.1911300103], [2050466.3775013383, 780657.4395330792], [2050644.5254390086, 780575.8438957388], [2051122.9506632546, 780357.174713676], [2051282.7279027544, 780281.7391689984], [2051468.5917042643, 780194.3380970986], [2051472.1491118374, 780192.5241243388], [2051485.4879959223, 780186.7232829165], [2051631.0260906653, 780124.7332494227], [2051653.5532765838, 780115.3083994926], [2051665.4098801755, 780110.2332784262], [2051816.8675825004, 780051.1664674291], [2051866.9547526685, 780033.7823158359], [2051921.779446168, 780017.1347113465], [2051976.6002026806, 780003.0350020055], [2051985.4889644245, 780001.230871752], [2052040.600730835, 779990.0438862622], [2052219.5544411703, 779959.7847604171], [2052253.332588837, 779952.928474922], [2052283.8548375058, 779944.9744225958], [2052302.5270442513, 779938.0915623569], [2052339.8803160025, 779919.5935678385], [2052367.759197249, 779898.8947903302], [2052436.8922610867, 779831.6764208381], [2052468.5568959266, 779847.3853789321], [2052725.6032978462, 780040.4056621857], [2052891.533412174, 780170.2905730096], [2053014.2677467617, 780272.7979139258], [2053133.4354874182, 780381.4876571673], [2053239.8614556787, 780493.066830342], [2053341.2467515897, 780607.1853685073], [2053463.0421116813, 780735.5374740069], [2053533.111853422, 780804.8267054935], [2053552.6187041686, 780827.4306629129], [2053564.43495351, 780844.5608780094], [2053594.307597176, 780867.5477086658], [2053548.4983055901, 780650.5150062533], [2053532.3579179193, 780568.2195671664], [2053529.423868671, 780552.9259625804], [2053514.4573631743, 780476.4569554185], [2053498.931147499, 780382.1503855011], [2053490.1572149266, 780320.6170440096], [2053484.8954144272, 780282.3864774288], [2053482.8849197612, 780247.8022289999], [2053481.1555925026, 780221.590339157], [2053481.9817063361, 780093.0968297563], [2053494.584371416, 779840.8617699243], [2053458.9997969265, 779700.6540450832], [2053389.1800546807, 779492.3142386668], [2053292.5493424223, 779204.2085156661], [2053131.3951371743, 778724.1543576663], [2053057.740100756, 778504.5245476011], [2052873.5974244191, 777955.6329288312], [2052744.841120257, 777571.7376992506], [2052726.2804618466, 777515.2830877679], [2052658.2162935126, 777313.1371665914], [2052519.436059252, 776899.3765111691], [2052505.5876617564, 776857.8549406652], [2052495.2730498477, 776827.9878744242], [2052487.0230663416, 776803.2208635944], [2052428.0917537506, 776627.2999555934], [2052264.5530388362, 776139.6034244167], [2052238.9179195038, 776062.3883557655], [2052214.461275502, 775988.8156682543], [2052137.253424673, 775760.4460462506], [2052108.3738892535, 775674.8533696764], [2052090.9917061792, 775620.9496060894], [2052045.901901336, 775488.371131102], [2052019.9695385091, 775411.1560624135], [2051994.3321225941, 775334.669010675], [2051992.8600126822, 775329.5705956677], [2051956.319403335, 775220.3037538327], [2051755.6314845087, 774622.614988595], [2051667.517159419, 774358.9196498242], [2051663.6864584244, 774347.264489422], [2051628.3194031718, 774243.0967187568], [2051501.0030567634, 773863.9429495048], [2051484.2045339202, 773813.6805828211], [2051469.173396005, 773769.2456323362], [2051439.7013420912, 773681.4685769259], [2051405.514074506, 773579.4871535889], [2051246.6577649266, 773105.2738631482], [2051166.4833845943, 772870.3504484969], [2051151.1638614256, 772820.8190515105], [2051055.667333261, 772536.7287404361], [2051023.8353759209, 772441.6679069363], [2050961.343046843, 772258.8287056735], [2050906.8198619173, 772093.1118455066], [2050855.2382721752, 771939.4120216833], [2050844.9226760117, 771908.08990583], [2050830.4751983439, 771867.6601966536], [2050823.4066429301, 771843.2596549254], [2050777.4231390974, 771707.0420795684], [2050560.7654359208, 771064.1995332491], [2050434.6055832494, 770685.7816549245], [2050418.6879641726, 770638.0698080809], [2050379.1883712558, 770519.7002941666], [2050223.3363207597, 770522.3459581792], [2049872.521077512, 770528.6651712545], [2049341.8554721766, 770537.2340517449], [2049264.226034253, 770538.560164575], [2049196.9669824226, 770539.5394933395], [2048871.0414531687, 770545.1841670873], [2048757.5600528424, 770547.1798980103], [2048724.3747517609, 770547.8527969294], [2048656.2269221705, 770548.8321256799], [2048623.9307269305, 770549.5066650074], [2048582.1506267628, 770551.6218182526], [2048563.1900347641, 770550.4984609233], [2048453.26472968, 770552.1372371677], [2048410.3018890908, 770552.7943880905], [2048250.5981402562, 770555.8081615852], [2047845.2662737533, 770562.4259305055], [2047639.3408325913, 770566.0958706725], [2047620.6742032634, 770566.4295314242], [2047601.4150554247, 770566.7622079345], [2047356.9716466665, 770570.735953246], [2047016.2324987496, 770576.3773461769], [2046730.3082018332, 770581.017756834], [2046527.6419405057, 770584.7004922685], [2045619.4990717613, 770599.6581395179], [2044597.2822841718, 770617.7466860088], [2044541.2810838372, 770619.8457631649], [2044423.3597317652, 770619.3034414225], [2044317.583696589, 770620.6000267568], [2043721.440203847, 770630.6278938388], [2043133.590001584, 770642.8640898325], [2042464.8561028405, 770653.9031097596], [2042412.708569347, 770654.5559955825], [2042181.6014199997, 770657.4995592543], [2041824.2733945088, 770662.4493524993], [2041433.4615120874, 770669.9043900833], [2041402.3503538352, 770670.5884438476], [2040665.1733505137, 770683.3922240074], [2040075.2552390103, 770693.1385955982], [2040044.7372554257, 770693.4611015046], [2040029.9229805914, 770693.4410884223], [2039955.2561351813, 770695.523433341], [2039866.3701580914, 770695.7668711689], [2039426.6718905135, 770703.5463831745], [2039381.0423885868, 770704.5772209999], [2039181.3413444296, 770707.9505738557], [2039090.0836529282, 770709.2852168394], [2038428.7690306767, 770713.5096178307], [2038400.918364585, 770713.4732005991], [2038366.835099428, 770721.4367673295], [2037172.1875543445, 770741.3789846658], [2036646.566558346, 770750.1837570766], [2034417.8669475, 770787.8956239256], [2034165.1332010047, 770790.5130727579], [2033655.2159137593, 770800.4812286765], [2033413.146844089, 770804.5734120827], [2033291.964343667, 770806.6199959274], [2033150.041071087, 770809.3716308274], [2032975.2300690117, 770812.087176598], [2032869.7509492638, 770813.7892729155], [2032658.4967785915, 770817.1937936709], [2032526.9425797614, 770820.688209248], [2032509.1663685872, 770819.9405073178], [2032476.870829507, 770820.2689187514], [2032462.3528139305, 770820.6170151883], [2032447.2422798437, 770820.6002829183], [2032121.3236403486, 770826.0664793337], [2031923.1061890114, 770829.1268406685], [2031879.847417251, 770830.1717860863], [2031881.3195271783, 770838.9096295096], [2031983.4859895117, 771431.2565419212], [2032046.1968220929, 771794.9657882492], [2032064.4471136762, 771903.8231820986], [2032072.3936200894, 771952.2446731671], [2032127.719624922, 772294.1058660946], [2032150.6562588366, 772451.745314564], [2032176.237900586, 772628.6800000785], [2032193.811028168, 772813.9778578308], [2032195.8562996676, 772840.188435344], [2032203.4488041685, 772941.0264882602], [2032210.1128328429, 773077.8999021641], [2032209.2053543478, 773365.4633034177], [2032207.0816709255, 773410.9615720082], [2032198.8808999225, 773595.5035257417], [2032185.9429336807, 773777.1284905797], [2032185.041360677, 773788.7754489165], [2032162.8914705955, 773996.598852172], [2032126.7908210019, 774229.1590825942], [2032105.925705256, 774345.9823397544], [2032070.7824028435, 774516.6627726658], [2032019.0085562605, 774724.8178681765], [2031987.777975678, 774839.8097641675], [2031917.9044277533, 775075.9739900106], [2031873.8992664206, 775224.804729076], [2031709.174530254, 775788.4728930992], [2031591.7371010936, 776184.0216426641], [2031400.5727852595, 776828.8369540863], [2031356.5735294225, 776976.9406605033], [2031168.3921472565, 777611.5689844122], [2031075.3365590882, 777933.6168967438], [2030976.0683849296, 778249.8347682405], [2030955.2610118387, 778318.974065677], [2030879.1676600885, 778570.0595215054], [2030803.6596090058, 778829.5176639989], [2030735.2693258391, 779081.7035113454], [2030696.0348242517, 779211.9772009148], [2030630.0126465876, 779467.0777405859], [2030604.124903099, 779580.9853211802], [2030592.2230240123, 779633.0262275916], [2030573.7657118433, 779722.552951424], [2030540.9852655984, 779914.3511242664], [2030528.4564192586, 779999.8798246004], [2030497.630693509, 780306.3427943528], [2030491.629393176, 780380.9581306739], [2030484.1504055131, 780452.6600870045], [2030476.7435961808, 780740.5830676007], [2030474.2675512594, 780843.2308281722], [2030478.2012704322, 781048.535535668], [2030482.5385320918, 781150.4624971645], [2030495.0411317658, 781375.0686752372], [2030508.5250286772, 781510.4939293391], [2030527.3448729198, 781640.828314341], [2030556.8139740967, 781783.5504698416], [2030578.5954265897, 781913.8881356699], [2030615.4756021812, 782049.7018404196], [2030623.1304425006, 782093.3910575082], [2030630.1957170959, 782134.5313951509], [2030700.9665729273, 782431.2722714903], [2030720.1220464262, 782522.6585716768], [2030727.7827922544, 782560.5236534158], [2030844.8537523448, 783043.6860728925], [2030936.8568491775, 783423.0806553271], [2031013.2192292518, 783747.4933923284], [2031051.8484170875, 783905.5140736589], [2031137.9542160055, 784255.4185575811], [2031188.9783921693, 784453.1297763486], [2031320.811789929, 784963.975539425], [2031338.801583335, 785034.2486928364], [2031449.6848917603, 785469.3590430933], [2031602.1468571723, 786065.4073916689], [2031683.5354739293, 786384.0038673397], [2032000.5148268347, 787631.0837222493], [2032114.9158447525, 788081.126129253], [2032147.3472103472, 788209.6573682567], [2032231.124601842, 788769.5985055761], [2032347.6148544233, 789466.0803803356], [2032362.6371340917, 789537.4430984943], [2032358.661092177, 789652.8303349155], [2032581.4926675092, 791103.299874913], [2032588.8328759233, 791159.0018632589], [2032747.483149172, 791999.6829246775], [2032849.9914743474, 792733.646679832], [2032851.7539380055, 792746.0249359172], [2032856.744413583, 792784.2518935882], [2032923.1819447575, 793206.2172570074], [2032977.8275047524, 793581.576086336], [2033016.2874015886, 793869.5535287542], [2033074.7095288325, 794306.7990453385], [2033073.3348596673, 794476.0637986726], [2033101.5185303413, 794686.1312919136], [2033111.2170017508, 794749.1167302562], [2033145.2989545905, 794716.3936985849], [2033172.867469014, 794684.0276215832], [2033192.7378360948, 794652.74487576], [2033377.2742124188, 794303.1369791767], [2033430.3846705093, 794199.4537876012], [2033563.6052045955, 793941.5202483432], [2033685.8211675151, 793729.8041363377], [2033683.174191178, 793714.5125002714], [2033811.291060923, 793521.7327021032], [2033902.6383191778, 793381.3291115018], [2033989.837619842, 793244.1968398294], [2034002.5908751772, 793224.554818751], [2034015.343474344, 793205.2769701709], [2034149.1010808363, 793003.0408260614], [2034256.7517841759, 792848.0965821735], [2034403.2432890844, 792645.8765141623], [2034460.179198846, 792567.6804763383], [2034645.5006785858, 792329.4703228453], [2035000.0947856747, 791912.0039661729], [2035203.7623573379, 791689.8354472519], [2035325.3090302648, 791559.6647758321], [2035333.3122950948, 791552.0302766651], [2035429.3527854246, 791458.9586124313], [2035556.2091590017, 791346.9962379221], [2035639.7841230938, 791280.1190750893], [2035666.7532292623, 791258.6748922634], [2035818.4737263455, 791153.2958379298], [2036120.4134111719, 790962.195170254], [2036237.162193418, 790886.9882996541], [2036294.054796174, 790850.6573355966], [2036364.5818860994, 790802.6948330872], [2036446.3701083364, 790746.7382520868], [2036550.3971312637, 790664.964793595], [2036609.6768683332, 790614.4409445117], [2036618.272651673, 790607.1712740052], [2036671.9274000088, 790556.2763626692], [2036767.9836383457, 790456.6571393427], [2036800.3014870875, 790421.3885090891], [2036966.0396726732, 790241.7746950962], [2037110.4327565876, 790085.067331333], [2037550.4335170106, 789613.1388132559], [2037878.3547771703, 789271.7526850093], [2038120.5937940034, 789019.806010423], [2038415.912429096, 788712.2367436624], [2038492.1225785033, 788627.1578455901], [2038569.8199296724, 788537.3489700853], [2038629.7466470911, 788451.156885255], [2038657.6291372632, 788414.4282841685], [2038714.2763336739, 788345.3408239181], [2039023.427618252, 787888.1875387557], [2039034.7041705095, 787870.001879568], [2039058.7408678366, 787831.0846345964], [2039139.1622949233, 787699.7837160743], [2039464.9283756758, 787228.8250123389], [2039485.1035321811, 787199.7312384889], [2039647.6937581748, 786964.799293661], [2039832.243257837, 786697.864788181], [2039924.5196480907, 786564.0340190867], [2039935.7945599267, 786547.6688943252], [2039999.8839986774, 786454.9335155023], [2040158.9397829168, 786211.9914160664], [2040250.042291001, 786072.6996999073], [2040604.4024746725, 785507.8793072725], [2040655.4473200878, 785428.9595175799], [2040932.9326575105, 785000.1765825101], [2041125.5146214215, 784724.1617145808], [2041189.3251893362, 784624.5123075682], [2041280.1327505126, 784491.4121800923], [2041354.9177059236, 784380.4944229265], [2041405.3555971684, 784314.6795939208], [2041443.0287501814, 784270.3233834216], [2041473.5733085135, 784241.2456856654], [2041522.2155996705, 784188.8970370883], [2041543.5748089259, 784163.0824561819], [2041565.8093445, 784146.733407514], [2041647.648091583, 784075.1393905813], [2041690.9334380936, 784041.7116359196], [2041818.3908603326, 783962.9027384233], [2042023.7720112503, 783859.4528140812], [2042088.0786411767, 783830.4240007545], [2042898.8854185056, 783466.4942824235], [2043411.2797349228, 783237.192575672], [2043528.919263421, 783193.6854448257], [2043648.6234203442, 783156.369902681], [2043666.3989753425, 783152.3922203159], [2043809.4921930889, 783120.2082295702], [2043883.5497877619, 783108.670194924], [2043930.0582249174, 783101.095406925]]]}}, {"type": "Feature", "properties": {"precinct_code": "35-4", "precinct_name": "35-4", "county": "DURHAM"}, "geometry": {"type": "Polygon", "coordinates": [[[2021876.5609934193, 779787.59711267], [2021919.2164199206, 779782.8969908354], [2021965.7179673472, 779784.0236290002], [2022010.1414349219, 779791.3369345809], [2022069.0714351698, 779808.1256149298], [2022119.1133298427, 779827.8194731759], [2022170.6315995008, 779853.3391071658], [2022214.1515255857, 779880.672385832], [2022390.893954263, 779991.8289876654], [2022412.803031176, 780003.4939905879], [2022447.1507315026, 780017.3522305929], [2022468.176280007, 780022.8285975888], [2022504.8993036738, 780028.6806199931], [2022682.910758676, 780028.089413835], [2022717.5668573373, 780025.9322659285], [2022758.4470249258, 780018.683592755], [2022795.4836962516, 780001.968075004], [2022820.3707855942, 779992.8870564156], [2022866.3014680014, 779965.9861915925], [2022898.0113783495, 779943.8064459369], [2022943.5808410065, 780000.2630259255], [2022964.2822431768, 780041.4122218287], [2022969.8973894282, 780057.4328590955], [2022982.3005798457, 780104.3996286632], [2023006.7939691688, 780219.8095028354], [2023031.5908355855, 780326.1190015082], [2023051.98187092, 780384.3764309289], [2023064.1048781725, 780410.9583987505], [2023083.6264926798, 780444.8264412651], [2023110.2537360052, 780482.7043182577], [2023129.784536838, 780504.9240900873], [2023140.7336619198, 780517.3092359223], [2023165.5948326727, 780540.6251341795], [2023192.827061667, 780562.1231226788], [2023244.3358169182, 780597.1086170095], [2023306.4994065017, 780641.5668614216], [2023388.9162364316, 780544.4420556771], [2023425.688472583, 780487.6859355881], [2023520.2890051769, 780341.4303225871], [2023739.7439468373, 780000.1672255861], [2023769.9883089208, 779959.4225564061], [2023816.2552767543, 779884.1103710905], [2023834.0531414289, 779851.7282180042], [2023852.7351906754, 779824.8066839178], [2023895.4185042516, 779785.8927197538], [2023976.9380262652, 779704.7852704267], [2024041.2551548325, 779652.056701332], [2024070.8974840052, 779624.416336672], [2024114.1670825025, 779593.8750591639], [2024177.6010107533, 779535.3216986038], [2024266.5010954305, 779485.5258664192], [2024365.1862655124, 779422.9981043342], [2024611.1601830123, 779267.7717087507], [2024614.1237597612, 779265.9541270998], [2024691.4900748418, 779196.1294635927], [2024704.5369647576, 779179.396229335], [2024723.517241762, 779151.3834900835], [2024733.318731337, 779119.7231203228], [2024743.1303915083, 779075.6864630015], [2024753.5821422646, 778974.8651423508], [2025880.3197181672, 778991.4874844259], [2026238.7228727634, 778992.5334140944], [2026349.5018506797, 778992.9963396839], [2026402.222545758, 778996.6836682508], [2026444.2762674226, 779004.3657395086], [2026498.7646755131, 779018.6111178369], [2026563.6123148347, 779041.2380410952], [2026605.0649878373, 779058.3836760857], [2026637.928111092, 779075.1579207587], [2026667.2344829282, 779094.4767797635], [2026727.321633087, 779140.0324629232], [2026794.7991884216, 779201.6110799161], [2026877.9683134246, 779270.4846298483], [2026927.3996449995, 779307.658439999], [2026978.0120765858, 779348.4739751737], [2027028.9151900099, 779395.1136456744], [2027159.1399951722, 779505.8919674172], [2027293.2309343352, 779279.6033780026], [2027319.6285193423, 779241.0430876728], [2027366.2124156784, 779154.4523815999], [2027375.1198781745, 779131.1640423326], [2027403.020084844, 779069.6730235813], [2027435.3874741786, 778982.3411772584], [2027469.2722489254, 778856.426074762], [2027488.634743004, 778739.5978963488], [2027490.14556676, 778707.5664643354], [2027493.7607170031, 778642.7765676745], [2027484.6760895117, 778221.247555087], [2027481.318484677, 778010.4841970972], [2027486.752857016, 777900.9230645034], [2027490.3401201668, 777865.6176889252], [2027495.7049388434, 777830.678126263], [2027517.7104722555, 777738.9686640028], [2027528.993914261, 777709.8588141056], [2027537.6120072603, 777680.01832259], [2027557.4948415013, 777641.0879542581], [2027609.715537592, 777548.6793464324], [2027692.7888622575, 777407.8866490158], [2027851.5004870882, 777159.4196262427], [2027902.8205944293, 777081.5707005863], [2027935.167314515, 777019.7204305761], [2027425.0708937645, 776705.1022934095], [2027148.8516299282, 776533.3985685896], [2026922.9593651763, 776393.0484556014], [2026782.330709427, 776305.5584730981], [2026727.8544404209, 776272.7481712688], [2026622.1617384262, 776205.3109701775], [2026571.8229283385, 776182.6971702426], [2026507.858817429, 776158.9790418469], [2026487.1314966676, 776149.1322767565], [2026449.2237640924, 776138.1779023375], [2026413.3914866736, 776125.4052900773], [2026319.204339087, 776109.3046005091], [2026168.7213723368, 776106.9863636842], [2026139.9852093474, 776108.7806514128], [2026007.5674951668, 776111.5755933361], [2025796.946853429, 776112.4820875814], [2025710.447682591, 776112.0421278215], [2025614.1703160843, 776114.8702061783], [2025469.3159470127, 776111.8324825894], [2025301.9396413432, 776118.9679670047], [2025194.116038085, 776113.7793290921], [2025078.2967159313, 776105.6720618431], [2025108.7520355901, 775477.7868346617], [2025115.9436222606, 775382.0593358488], [2025122.8609312642, 775260.487400508], [2025138.4130655094, 775087.5976544158], [2025145.005572007, 774999.8776855004], [2025154.8526651708, 774916.5287708421], [2025161.121025339, 774861.5692350853], [2025175.1495405866, 774738.5471714272], [2025190.6859268383, 774584.9497096048], [2025200.580920173, 774446.2718373361], [2025209.0205358411, 774277.3804428349], [2025218.136987416, 774010.2080769242], [2025228.0756158375, 773821.2973655], [2025226.0667615992, 773745.5826219205], [2025238.2737581728, 773674.9758077575], [2025256.6946530938, 773613.1107740201], [2025270.3560430873, 773574.1738440034], [2025620.1952384259, 772939.2866623305], [2025633.2483619298, 772918.913671578], [2025640.6712473326, 772900.3559659336], [2025656.1036311667, 772869.7930349067], [2025667.3851046697, 772842.8665795857], [2025678.6610007603, 772822.4919484295], [2025690.2384054202, 772795.9296655882], [2025712.2209729988, 772728.6079498443], [2025726.2019161736, 772663.8272394948], [2025730.9745444225, 772626.7029699176], [2025733.4164686806, 772544.8038555116], [2025718.6661700888, 772472.7177136003], [2025694.1799985897, 772353.66677059], [2025676.165927007, 772286.6737943309], [2025623.256584005, 772145.7577375897], [2025451.475431501, 771739.0147846784], [2025411.2619292592, 771646.5228436834], [2025335.2804539222, 771458.9946754172], [2025300.992464753, 771365.7799668461], [2025294.7952986804, 771337.0182133209], [2025274.4150900827, 771263.835616917], [2025258.2143350863, 771153.5284228339], [2025255.3288421794, 771063.6165291842], [2025254.6106677498, 770864.869551343], [2025255.8698515906, 770778.6013511721], [2025254.9912444204, 770766.5885799146], [2025255.003711597, 770752.0282415877], [2025189.8240519185, 770748.6965553513], [2024943.3265134247, 770735.0181049989], [2024814.4484903363, 770727.9931846686], [2024523.8063550885, 770712.0972190932], [2024455.9600340896, 770708.4007041637], [2024373.8926129192, 770703.9643613417], [2023711.428058596, 770667.7505230076], [2023622.8429339235, 770662.582882428], [2023335.458338095, 770647.0655250128], [2023282.4262919275, 770643.0192732519], [2023251.3167740866, 770642.2666500963], [2023159.7684007583, 770637.4625258477], [2022963.9318501817, 770626.7529015816], [2022896.6777195947, 770623.0603236732], [2022864.9766675096, 770621.215511088], [2022830.3123667534, 770619.3687300108], [2022742.0228451807, 770614.5682146673], [2022622.0322715053, 770607.9235429196], [2022283.3912165011, 770589.4649184175], [2021924.6028920875, 770569.9029496962], [2021900.604908585, 770568.4291993498], [2021886.087221087, 770567.69035568], [2021873.9402637633, 770566.9531523999], [2021805.204508843, 770563.2622149371], [2021690.8422047659, 770556.9895896603], [2021524.9284945861, 770547.7674952635], [2021512.1886906782, 770547.3941364306], [2021413.232851835, 770541.8619952551], [2021274.8725642583, 770534.117260082], [2021181.841910422, 770529.3180570913], [2020988.9666400114, 770518.6238527565], [2020868.3825635894, 770511.9857426749], [2020469.002784923, 770490.2288964209], [2020408.2660297605, 770486.9106615914], [2020344.8632694192, 770483.2266138414], [2020309.0136035976, 770481.3818012655], [2020296.2737996746, 770480.6452541664], [2020271.3867103478, 770479.1718319221], [2020221.9084628378, 770476.5898160894], [2020174.5043581733, 770474.0091125817], [2020106.6570529197, 770470.3227682561], [2020050.0679272548, 770467.3719867648], [2020012.441034003, 770465.1623454865], [2019999.9974893327, 770464.4261265128], [2019947.2600620075, 770461.4779696667], [2019850.6739690902, 770456.3165626697], [2019816.8984460994, 770454.4740466786], [2019749.643659337, 770450.7886865943], [2019722.3861679279, 770449.3142800994], [2019667.8711850932, 770446.3657951604], [2019616.3191228374, 770443.4192787553], [2019565.3592510081, 770440.8372629225], [2019493.0677289206, 770436.7854337553], [2019433.8122700015, 770433.4701516776], [2019353.5210920142, 770429.0489006754], [2019268.4894379233, 770424.6250250048], [2019241.2322745929, 770422.7874302575], [2019216.9373756791, 770421.3153203335], [2019168.051318586, 770419.099445505], [2019127.1652455053, 770416.5249755845], [2019076.798220261, 770413.9439440024], [2019059.3179402489, 770412.8405997601], [2018937.8441018476, 770406.2100356002], [2018877.4032778458, 770402.8954096711], [2018867.626066416, 770402.5250035948], [2018457.8736050893, 770380.060809668], [2018230.9245839256, 770367.543118183], [2018158.6324056669, 770363.8584142613], [2017953.607553258, 770352.4483320861], [2017902.3514221765, 770349.5050965165], [2017824.1337308458, 770345.4535954187], [2017791.8391760136, 770343.6137040821], [2017771.6922346808, 770342.5097036681], [2017748.8786320104, 770341.4037347572], [2017722.5099183475, 770339.9319529214], [2017662.365353584, 770336.6196235864], [2017574.3704508385, 770331.8348562577], [2017168.7639785842, 770309.3910035153], [2016853.5224830937, 770292.1006837419], [2016672.1986987595, 770282.5331175856], [2016672.7800624226, 770302.5537468288], [2016672.1557198477, 770358.6100651666], [2016661.4382215883, 770448.8772730819], [2016643.6154225927, 770529.3121516014], [2016623.7276670926, 770593.7296736663], [2016611.5629932564, 770623.9349938425], [2016598.5046204196, 770662.1481720093], [2016583.3753855994, 770695.2639194239], [2016544.221920594, 770773.5029361693], [2016525.236066178, 770815.3529180789], [2016477.4841931749, 770905.2352842606], [2016460.5793713317, 770935.0741353446], [2016395.0355391805, 771051.8829568333], [2016347.2892435929, 771132.6656036738], [2016331.2738556708, 771162.1409384218], [2016320.5973678394, 771181.0634727642], [2016263.3625741755, 771276.4008805068], [2016191.6038594237, 771383.742857418], [2016107.3884766684, 771515.830191673], [2016090.190348342, 771541.3012693354], [2016060.8354201752, 771584.6017076644], [2015996.7837110027, 771687.5801762495], [2015846.745625258, 771915.3661380212], [2015746.2231885032, 772076.2024305059], [2015230.8951509283, 772864.7303810104], [2015136.6046570826, 773017.9279092606], [2015032.2390521767, 773177.3088240774], [2015008.5215799208, 773209.6932737484], [2014978.8733452559, 773253.7227132595], [2014997.1810514168, 773372.0338283215], [2015020.526149095, 773487.7993448474], [2015038.267583431, 773554.4215869188], [2015052.45751567, 773614.1258638306], [2015092.3790237627, 773756.4723639135], [2015116.9308119274, 773828.9220221792], [2015123.7316513355, 773854.042050676], [2015136.7427801797, 773900.6413669285], [2015168.3736224184, 774032.7916931545], [2015202.9496687516, 774198.0682655149], [2015247.2681496728, 774427.4149196657], [2015269.1444182561, 774516.6076546768], [2015288.3546816718, 774604.3433715743], [2015351.8867068426, 774912.6895396728], [2015372.283319591, 774997.1493445042], [2015403.320987181, 775126.0237586732], [2015436.1276800937, 775271.2797017486], [2015488.7332179234, 775508.2752907563], [2015498.7817542562, 775553.0534164112], [2015603.7096940132, 775997.9245739302], [2015632.9704622638, 776122.4305585013], [2015661.043896927, 776250.5756434186], [2015702.1255076665, 776427.5047515082], [2015717.5011330838, 776479.9301715977], [2015745.894120915, 776563.6668807555], [2015775.1801515953, 776639.0318875033], [2015804.7726120932, 776695.1046100043], [2015850.6504730873, 776763.5628064378], [2015913.998771594, 776844.4064767619], [2015966.9878388336, 776908.136336162], [2016007.2476008404, 776956.9351230845], [2016032.7062113434, 776987.525613078], [2016080.0716021818, 777042.152472334], [2016111.7450952525, 777082.9384799988], [2016167.1016118359, 777149.9462200037], [2016190.7846353361, 777176.1676242413], [2016331.6888810853, 777349.8769225046], [2016354.1845710117, 777380.4661001732], [2016374.0158961704, 777407.413552855], [2016403.0191190084, 777454.3868840983], [2016420.1818143425, 777486.7929872555], [2016440.89174667, 777531.5773464977], [2016444.1450210062, 777540.6793624145], [2016456.8625152574, 777575.9952366707], [2016547.0378598417, 777878.8998145919], [2016582.5138387538, 778002.3182029215], [2016597.5869713414, 778062.3876365916], [2016614.4402840878, 778116.2704028361], [2016636.6055940844, 778205.8286226611], [2016648.4188906706, 778267.7166222465], [2016659.3525958362, 778313.587593512], [2016667.0310581774, 778353.996961504], [2016681.501829757, 778430.810784249], [2016698.6431996678, 778498.5258719125], [2016726.7123692643, 778622.6683401758], [2016746.7986151723, 778720.597606262], [2016772.2116220912, 778826.5383392624], [2016786.3897433442, 778896.0719928554], [2016795.8365748387, 778951.4065278304], [2016799.9664878396, 778980.8933455073], [2016812.9425117534, 779080.6388809243], [2016818.2335116698, 779151.6233189831], [2016825.5999667626, 779218.9689848489], [2016829.7108509229, 779281.5807362519], [2016842.3706025027, 779415.9069111835], [2016845.3095730087, 779455.9494820228], [2016846.7800425147, 779474.1505610953], [2016850.0139599277, 779516.7413551714], [2016866.7944381672, 779695.4788585821], [2016885.355096594, 779868.7570553457], [2016891.853771254, 779899.7015472475], [2016907.8005897554, 779982.3404895972], [2016929.676530256, 780055.8826653342], [2016969.8808461735, 780190.2249163502], [2017049.985672848, 780470.1935164992], [2017079.8399438395, 780574.6811684166], [2017133.6357680128, 780763.2687177532], [2017159.354876669, 780847.3695994231], [2017205.7629203352, 781005.3761731797], [2017243.602739678, 781127.3411523474], [2017259.86714284, 781171.0316817608], [2017289.1863099174, 781175.0529991724], [2017541.4840336735, 781254.5561210042], [2017592.1210715035, 781270.6030049174], [2017617.883815258, 781278.6266109135], [2017778.0826418393, 781334.4161975195], [2017943.0134143392, 781400.4019579453], [2018068.8563385026, 781453.6242924226], [2018155.906361254, 781495.5389067441], [2018215.4128039172, 781535.980755007], [2018225.4784005887, 781542.902985262], [2018269.291305093, 781577.1470112544], [2018296.8168405904, 781607.3769376781], [2018330.8515494186, 781648.1668823315], [2018376.4305265113, 781699.1566097657], [2018417.8635145137, 781749.4156955908], [2018428.517692672, 781762.1627173438], [2018532.703836007, 781868.5188038335], [2018559.9363930991, 781892.924594931], [2018643.416541086, 781956.6787324948], [2018726.6040387615, 782014.6090628394], [2018765.387097673, 782038.2943829129], [2018888.2526655928, 782108.990763842], [2019146.41619125, 782258.0373817547], [2019257.143332003, 782318.8991366752], [2019359.8793470121, 782371.0197673416], [2019502.5857545126, 782441.0038793401], [2019650.3295535, 782505.8958099233], [2019765.5068165963, 782552.9301646595], [2019850.4810560937, 782590.4802864275], [2020000.003722921, 782650.2790513353], [2020022.2087310106, 782661.2143969225], [2020066.3270810843, 782676.1687633225], [2020132.6474865081, 782706.0630605024], [2020186.2402270879, 782725.028245673], [2020254.338516086, 782753.1036488585], [2020325.0998575075, 782784.8214331699], [2020757.0802927609, 782957.663279088], [2020857.445249515, 783005.4197452657], [2020949.5080575047, 783066.2746104086], [2021012.555831669, 783114.3686743405], [2021119.1038469214, 783211.2716957619], [2021167.6372144227, 783262.2676567602], [2021204.931431176, 783292.5074256761], [2021240.7469763465, 783319.4699701733], [2021281.0057540818, 783345.3436060854], [2021344.065011173, 783376.3300926624], [2021393.2128787648, 783396.0223104999], [2021409.4887648358, 783413.5065275048], [2021422.2469414189, 783381.4832975894], [2021452.2550835027, 783249.3697166693], [2021511.354046672, 783026.2753465925], [2021535.7162026765, 782921.0944545671], [2021557.1078921717, 782828.2878816845], [2021575.2354805903, 782744.2152151762], [2021620.3879493477, 782560.0597435896], [2021631.095605089, 782497.8220071819], [2021649.218928428, 782420.3014929453], [2021658.1605115973, 782343.5024339319], [2021661.8222496794, 782197.1733302586], [2021657.413465842, 782151.6691561782], [2021643.5670368357, 782051.5564954972], [2021624.3925345084, 781947.435968844], [2021607.2754427649, 781864.7934175893], [2021577.741381095, 781751.2011250821], [2021568.5855595013, 781716.2494233333], [2021560.9107060898, 781681.2990339234], [2021550.5711598392, 781645.2544865825], [2021534.6131865103, 781596.8297146691], [2021503.5768312511, 781511.9929420999], [2021470.4545221764, 781444.2630906629], [2021435.5484240067, 781385.6323024234], [2021431.702631176, 781379.0775255066], [2021414.5471536655, 781347.7603309111], [2021384.9602705836, 781305.513696251], [2021340.8652144216, 781256.3405662497], [2021313.9387590904, 781221.0122248419], [2021305.0627925855, 781207.9013586742], [2021289.9732558413, 781186.4138688344], [2021259.7876206767, 781152.1754202575], [2021242.6265657544, 781128.1383948418], [2021221.3185375053, 781104.8264335779], [2021168.3465305853, 781043.2707824239], [2021139.6441601797, 781005.3932335149], [2021001.1503426717, 780838.5782784191], [2020910.8952738354, 780724.9433351023], [2020839.5735660938, 780642.2630542445], [2020807.6133281728, 780602.9275029991], [2020713.2040681706, 780498.0264660843], [2020818.7022167586, 780419.1112696029], [2020850.1116027536, 780400.2048113451], [2020892.4796282514, 780381.6707276647], [2020914.6971035, 780376.954201667], [2021030.2267280968, 780353.7403373505], [2021075.2574779256, 780339.9401680819], [2021125.6228627558, 780321.0478174398], [2021179.8451952627, 780293.4222164927], [2021249.7774700965, 780249.4278819208], [2021307.8610153368, 780207.2448954174], [2021362.9878735845, 780158.5077881734], [2021432.051711843, 780087.5764995931], [2021508.830757754, 779998.0865210992], [2021525.1378117516, 779975.5301357474], [2021561.0051940968, 779936.9714858352], [2021599.8309038426, 779903.5112509257], [2021631.8357610868, 779881.6943654248], [2021671.8373215038, 779860.6114023312], [2021730.7975054223, 779836.6301510904], [2021834.4941484167, 779797.3943371776], [2021876.5609934193, 779787.59711267]]]}}, {"type": "Feature", "properties": {"precinct_code": "35-5", "precinct_name": "35-5", "county": "DURHAM"}, "geometry": {"type": "Polygon", "coordinates": [[[2028118.857235834, 783489.776059992], [2028176.9043638415, 783489.4676616825], [2028410.8645258395, 783492.9686389306], [2028657.8555016676, 783496.4847080124], [2028833.1825788452, 783494.108072335], [2029347.9095677577, 783486.9732440867], [2029434.0924662503, 783485.6031680941], [2030102.5245283386, 783478.9998348359], [2030428.891657754, 783476.7878970099], [2030545.875675753, 783474.7249090065], [2030676.1923442625, 783467.2163938233], [2030759.1249211724, 783458.930977344], [2030881.4596502625, 783437.9467673604], [2030936.8568491775, 783423.0806553271], [2030844.8537523448, 783043.6860728925], [2030727.7827922544, 782560.5236534158], [2030720.1220464262, 782522.6585716768], [2030700.9665729273, 782431.2722714903], [2030630.1957170959, 782134.5313951509], [2030623.1304425006, 782093.3910575082], [2030615.4756021812, 782049.7018404196], [2030578.5954265897, 781913.8881356699], [2030556.8139740967, 781783.5504698416], [2030527.3448729198, 781640.828314341], [2030508.5250286772, 781510.4939293391], [2030495.0411317658, 781375.0686752372], [2030482.5385320918, 781150.4624971645], [2030478.2012704322, 781048.535535668], [2030474.2675512594, 780843.2308281722], [2030476.7435961808, 780740.5830676007], [2030484.1504055131, 780452.6600870045], [2030491.629393176, 780380.9581306739], [2030497.630693509, 780306.3427943528], [2030528.4564192586, 779999.8798246004], [2030540.9852655984, 779914.3511242664], [2030573.7657118433, 779722.552951424], [2030592.2230240123, 779633.0262275916], [2030604.124903099, 779580.9853211802], [2030630.0126465876, 779467.0777405859], [2030696.0348242517, 779211.9772009148], [2030735.2693258391, 779081.7035113454], [2030803.6596090058, 778829.5176639989], [2030879.1676600885, 778570.0595215054], [2030955.2610118387, 778318.974065677], [2030976.0683849296, 778249.8347682405], [2031075.3365590882, 777933.6168967438], [2031168.3921472565, 777611.5689844122], [2031356.5735294225, 776976.9406605033], [2031400.5727852595, 776828.8369540863], [2031591.7371010936, 776184.0216426641], [2031709.174530254, 775788.4728930992], [2031873.8992664206, 775224.804729076], [2031917.9044277533, 775075.9739900106], [2031987.777975678, 774839.8097641675], [2032019.0085562605, 774724.8178681765], [2032070.7824028435, 774516.6627726658], [2032105.925705256, 774345.9823397544], [2032126.7908210019, 774229.1590825942], [2032162.8914705955, 773996.598852172], [2032185.041360677, 773788.7754489165], [2032185.9429336807, 773777.1284905797], [2032198.8808999225, 773595.5035257417], [2032207.0816709255, 773410.9615720082], [2032209.2053543478, 773365.4633034177], [2032210.1128328429, 773077.8999021641], [2032203.4488041685, 772941.0264882602], [2032195.8562996676, 772840.188435344], [2032193.811028168, 772813.9778578308], [2032176.237900586, 772628.6800000785], [2032150.6562588366, 772451.745314564], [2032127.719624922, 772294.1058660946], [2032072.3936200894, 771952.2446731671], [2032064.4471136762, 771903.8231820986], [2032046.1968220929, 771794.9657882492], [2031983.4859895117, 771431.2565419212], [2031881.3195271783, 770838.9096295096], [2031879.847417251, 770830.1717860863], [2031625.0391998459, 770833.9007812681], [2031461.1911023417, 770836.6369962556], [2031255.566513597, 770840.0579211558], [2031210.8267736726, 770840.7383660057], [2030809.9476541716, 770847.5959638348], [2030484.9187766777, 770852.7173446765], [2030119.001857595, 770858.8925291824], [2029687.3091514276, 770866.0975672582], [2029388.0577814262, 770870.8931613392], [2029368.5027024318, 770871.2376488387], [2027829.5815676742, 770896.6775585875], [2027797.2883251768, 770894.8268404938], [2027662.4867575, 770887.0558586649], [2027117.945851849, 770856.7002763597], [2026656.0629173382, 770830.7977690956], [2026343.7954972538, 770813.0441956721], [2026142.331989422, 770802.3083247548], [2026093.1516415933, 770798.9884494983], [2025931.0919263372, 770790.109202174], [2025574.6792533395, 770770.1407381679], [2025255.003711597, 770752.0282415877], [2025254.9912444204, 770766.5885799146], [2025255.8698515906, 770778.6013511721], [2025254.6106677498, 770864.869551343], [2025255.3288421794, 771063.6165291842], [2025258.2143350863, 771153.5284228339], [2025274.4150900827, 771263.835616917], [2025294.7952986804, 771337.0182133209], [2025300.992464753, 771365.7799668461], [2025335.2804539222, 771458.9946754172], [2025411.2619292592, 771646.5228436834], [2025451.475431501, 771739.0147846784], [2025623.256584005, 772145.7577375897], [2025676.165927007, 772286.6737943309], [2025694.1799985897, 772353.66677059], [2025718.6661700888, 772472.7177136003], [2025733.4164686806, 772544.8038555116], [2025730.9745444225, 772626.7029699176], [2025726.2019161736, 772663.8272394948], [2025712.2209729988, 772728.6079498443], [2025690.2384054202, 772795.9296655882], [2025678.6610007603, 772822.4919484295], [2025667.3851046697, 772842.8665795857], [2025656.1036311667, 772869.7930349067], [2025640.6712473326, 772900.3559659336], [2025633.2483619298, 772918.913671578], [2025620.1952384259, 772939.2866623305], [2025270.3560430873, 773574.1738440034], [2025256.6946530938, 773613.1107740201], [2025238.2737581728, 773674.9758077575], [2025226.0667615992, 773745.5826219205], [2025228.0756158375, 773821.2973655], [2025218.136987416, 774010.2080769242], [2025209.0205358411, 774277.3804428349], [2025200.580920173, 774446.2718373361], [2025190.6859268383, 774584.9497096048], [2025175.1495405866, 774738.5471714272], [2025161.121025339, 774861.5692350853], [2025154.8526651708, 774916.5287708421], [2025145.005572007, 774999.8776855004], [2025138.4130655094, 775087.5976544158], [2025122.8609312642, 775260.487400508], [2025115.9436222606, 775382.0593358488], [2025108.7520355901, 775477.7868346617], [2025078.2967159313, 776105.6720618431], [2025194.116038085, 776113.7793290921], [2025301.9396413432, 776118.9679670047], [2025469.3159470127, 776111.8324825894], [2025614.1703160843, 776114.8702061783], [2025710.447682591, 776112.0421278215], [2025796.946853429, 776112.4820875814], [2026007.5674951668, 776111.5755933361], [2026139.9852093474, 776108.7806514128], [2026168.7213723368, 776106.9863636842], [2026319.204339087, 776109.3046005091], [2026413.3914866736, 776125.4052900773], [2026449.2237640924, 776138.1779023375], [2026487.1314966676, 776149.1322767565], [2026507.858817429, 776158.9790418469], [2026571.8229283385, 776182.6971702426], [2026622.1617384262, 776205.3109701775], [2026727.8544404209, 776272.7481712688], [2026782.330709427, 776305.5584730981], [2026922.9593651763, 776393.0484556014], [2027148.8516299282, 776533.3985685896], [2027425.0708937645, 776705.1022934095], [2027935.167314515, 777019.7204305761], [2027902.8205944293, 777081.5707005863], [2027851.5004870882, 777159.4196262427], [2027692.7888622575, 777407.8866490158], [2027609.715537592, 777548.6793464324], [2027557.4948415013, 777641.0879542581], [2027537.6120072603, 777680.01832259], [2027528.993914261, 777709.8588141056], [2027517.7104722555, 777738.9686640028], [2027495.7049388434, 777830.678126263], [2027490.3401201668, 777865.6176889252], [2027486.752857016, 777900.9230645034], [2027481.318484677, 778010.4841970972], [2027484.6760895117, 778221.247555087], [2027493.7607170031, 778642.7765676745], [2027490.14556676, 778707.5664643354], [2027488.634743004, 778739.5978963488], [2027469.2722489254, 778856.426074762], [2027435.3874741786, 778982.3411772584], [2027403.020084844, 779069.6730235813], [2027375.1198781745, 779131.1640423326], [2027366.2124156784, 779154.4523815999], [2027319.6285193423, 779241.0430876728], [2027293.2309343352, 779279.6033780026], [2027159.1399951722, 779505.8919674172], [2027028.9151900099, 779395.1136456744], [2026978.0120765858, 779348.4739751737], [2026927.3996449995, 779307.658439999], [2026877.9683134246, 779270.4846298483], [2026794.7991884216, 779201.6110799161], [2026727.321633087, 779140.0324629232], [2026667.2344829282, 779094.4767797635], [2026637.928111092, 779075.1579207587], [2026605.0649878373, 779058.3836760857], [2026563.6123148347, 779041.2380410952], [2026498.7646755131, 779018.6111178369], [2026444.2762674226, 779004.3657395086], [2026402.222545758, 778996.6836682508], [2026349.5018506797, 778992.9963396839], [2026238.7228727634, 778992.5334140944], [2025880.3197181672, 778991.4874844259], [2024753.5821422646, 778974.8651423508], [2024743.1303915083, 779075.6864630015], [2024733.318731337, 779119.7231203228], [2024723.517241762, 779151.3834900835], [2024704.5369647576, 779179.396229335], [2024691.4900748418, 779196.1294635927], [2024614.1237597612, 779265.9541270998], [2024611.1601830123, 779267.7717087507], [2024365.1862655124, 779422.9981043342], [2024266.5010954305, 779485.5258664192], [2024177.6010107533, 779535.3216986038], [2024114.1670825025, 779593.8750591639], [2024070.8974840052, 779624.416336672], [2024041.2551548325, 779652.056701332], [2023976.9380262652, 779704.7852704267], [2023895.4185042516, 779785.8927197538], [2023852.7351906754, 779824.8066839178], [2023834.0531414289, 779851.7282180042], [2023816.2552767543, 779884.1103710905], [2023769.9883089208, 779959.4225564061], [2023739.7439468373, 780000.1672255861], [2023520.2890051769, 780341.4303225871], [2023425.688472583, 780487.6859355881], [2023388.9162364316, 780544.4420556771], [2023306.4994065017, 780641.5668614216], [2023244.3358169182, 780597.1086170095], [2023192.827061667, 780562.1231226788], [2023165.5948326727, 780540.6251341795], [2023140.7336619198, 780517.3092359223], [2023129.784536838, 780504.9240900873], [2023110.2537360052, 780482.7043182577], [2023083.6264926798, 780444.8264412651], [2023064.1048781725, 780410.9583987505], [2023051.98187092, 780384.3764309289], [2023031.5908355855, 780326.1190015082], [2023006.7939691688, 780219.8095028354], [2022982.3005798457, 780104.3996286632], [2022969.8973894282, 780057.4328590955], [2022964.2822431768, 780041.4122218287], [2022943.5808410065, 780000.2630259255], [2022898.0113783495, 779943.8064459369], [2022866.3014680014, 779965.9861915925], [2022820.3707855942, 779992.8870564156], [2022795.4836962516, 780001.968075004], [2022758.4470249258, 780018.683592755], [2022717.5668573373, 780025.9322659285], [2022682.910758676, 780028.089413835], [2022504.8993036738, 780028.6806199931], [2022468.176280007, 780022.8285975888], [2022447.1507315026, 780017.3522305929], [2022412.803031176, 780003.4939905879], [2022390.893954263, 779991.8289876654], [2022214.1515255857, 779880.672385832], [2022170.6315995008, 779853.3391071658], [2022119.1133298427, 779827.8194731759], [2022069.0714351698, 779808.1256149298], [2022010.1414349219, 779791.3369345809], [2021965.7179673472, 779784.0236290002], [2021919.2164199206, 779782.8969908354], [2021876.5609934193, 779787.59711267], [2021834.4941484167, 779797.3943371776], [2021730.7975054223, 779836.6301510904], [2021671.8373215038, 779860.6114023312], [2021631.8357610868, 779881.6943654248], [2021599.8309038426, 779903.5112509257], [2021561.0051940968, 779936.9714858352], [2021525.1378117516, 779975.5301357474], [2021508.830757754, 779998.0865210992], [2021432.051711843, 780087.5764995931], [2021362.9878735845, 780158.5077881734], [2021307.8610153368, 780207.2448954174], [2021249.7774700965, 780249.4278819208], [2021179.8451952627, 780293.4222164927], [2021125.6228627558, 780321.0478174398], [2021075.2574779256, 780339.9401680819], [2021030.2267280968, 780353.7403373505], [2020914.6971035, 780376.954201667], [2020892.4796282514, 780381.6707276647], [2020850.1116027536, 780400.2048113451], [2020818.7022167586, 780419.1112696029], [2020713.2040681706, 780498.0264660843], [2020807.6133281728, 780602.9275029991], [2020839.5735660938, 780642.2630542445], [2020910.8952738354, 780724.9433351023], [2021001.1503426717, 780838.5782784191], [2021139.6441601797, 781005.3932335149], [2021168.3465305853, 781043.2707824239], [2021221.3185375053, 781104.8264335779], [2021242.6265657544, 781128.1383948418], [2021259.7876206767, 781152.1754202575], [2021289.9732558413, 781186.4138688344], [2021305.0627925855, 781207.9013586742], [2021313.9387590904, 781221.0122248419], [2021340.8652144216, 781256.3405662497], [2021384.9602705836, 781305.513696251], [2021414.5471536655, 781347.7603309111], [2021431.702631176, 781379.0775255066], [2021435.5484240067, 781385.6323024234], [2021470.4545221764, 781444.2630906629], [2021503.5768312511, 781511.9929420999], [2021534.6131865103, 781596.8297146691], [2021550.5711598392, 781645.2544865825], [2021560.9107060898, 781681.2990339234], [2021568.5855595013, 781716.2494233333], [2021577.741381095, 781751.2011250821], [2021607.2754427649, 781864.7934175893], [2021624.3925345084, 781947.435968844], [2021643.5670368357, 782051.5564954972], [2021657.413465842, 782151.6691561782], [2021661.8222496794, 782197.1733302586], [2021658.1605115973, 782343.5024339319], [2021649.218928428, 782420.3014929453], [2021631.095605089, 782497.8220071819], [2021620.3879493477, 782560.0597435896], [2021575.2354805903, 782744.2152151762], [2021557.1078921717, 782828.2878816845], [2021535.7162026765, 782921.0944545671], [2021511.354046672, 783026.2753465925], [2021452.2550835027, 783249.3697166693], [2021422.2469414189, 783381.4832975894], [2021409.4887648358, 783413.5065275048], [2021393.2128787648, 783396.0223104999], [2021344.065011173, 783376.3300926624], [2021281.0057540818, 783345.3436060854], [2021240.7469763465, 783319.4699701733], [2021204.931431176, 783292.5074256761], [2021167.6372144227, 783262.2676567602], [2021119.1038469214, 783211.2716957619], [2021012.555831669, 783114.3686743405], [2020949.5080575047, 783066.2746104086], [2020857.445249515, 783005.4197452657], [2020757.0802927609, 782957.663279088], [2020325.0998575075, 782784.8214331699], [2020254.338516086, 782753.1036488585], [2020186.2402270879, 782725.028245673], [2020132.6474865081, 782706.0630605024], [2020066.3270810843, 782676.1687633225], [2020022.2087310106, 782661.2143969225], [2020000.003722921, 782650.2790513353], [2019850.4810560937, 782590.4802864275], [2019765.5068165963, 782552.9301646595], [2019650.3295535, 782505.8958099233], [2019502.5857545126, 782441.0038793401], [2019359.8793470121, 782371.0197673416], [2019257.143332003, 782318.8991366752], [2019146.41619125, 782258.0373817547], [2018888.2526655928, 782108.990763842], [2018765.387097673, 782038.2943829129], [2018726.6040387615, 782014.6090628394], [2018643.416541086, 781956.6787324948], [2018559.9363930991, 781892.924594931], [2018532.703836007, 781868.5188038335], [2018428.517692672, 781762.1627173438], [2018417.8635145137, 781749.4156955908], [2018376.4305265113, 781699.1566097657], [2018330.8515494186, 781648.1668823315], [2018296.8168405904, 781607.3769376781], [2018269.291305093, 781577.1470112544], [2018225.4784005887, 781542.902985262], [2018215.4128039172, 781535.980755007], [2018155.906361254, 781495.5389067441], [2018068.8563385026, 781453.6242924226], [2017943.0134143392, 781400.4019579453], [2017778.0826418393, 781334.4161975195], [2017617.883815258, 781278.6266109135], [2017592.1210715035, 781270.6030049174], [2017541.4840336735, 781254.5561210042], [2017289.1863099174, 781175.0529991724], [2017259.86714284, 781171.0316817608], [2017283.5245758442, 781233.6549161017], [2017331.1439031798, 781344.7055470105], [2017344.4509631686, 781380.0224054989], [2017354.800680012, 781408.4209707347], [2017410.405555681, 781537.312773327], [2017488.4821711788, 781728.8278102556], [2017537.8731485025, 781846.0680613368], [2017559.166084929, 781899.2257634206], [2017580.4586932526, 781952.3837935878], [2017591.6965316685, 781980.0553261801], [2017631.9083935027, 782092.5580539166], [2017656.7344593394, 782179.5710032565], [2017706.3439401702, 782423.4868540041], [2017750.0472648446, 782637.9142466848], [2017768.6558234247, 782720.191641172], [2017774.5613234192, 782750.0439436721], [2017788.1443015027, 782816.6658576785], [2017803.2029984281, 782892.0246308391], [2017834.5155998466, 783025.2710835019], [2017869.9800958338, 783148.3275959227], [2017890.3770366753, 783210.9495179204], [2017901.3196000888, 783236.0728272478], [2017915.5115008368, 783275.0304264955], [2017929.7089790103, 783304.8879783507], [2017945.6849969183, 783331.8344467541], [2017975.853899836, 783395.554463671], [2018066.0584438436, 783596.9067512535], [2018100.959620761, 783670.0939408363], [2018291.7190817613, 784088.0947452461], [2018424.5117951788, 784373.1971934208], [2018665.5398564176, 784896.4310550794], [2018685.94696784, 784938.6691595861], [2018801.5835475938, 785180.4455789153], [2018856.290787252, 785303.1516983331], [2018862.795367421, 785319.1723355952], [2018994.9932657636, 785591.1731039278], [2019024.2691258353, 785655.6217939154], [2019031.6621556734, 785671.6427592424], [2019034.3232395952, 785677.8327075032], [2019065.964580507, 785747.3791563406], [2019071.5833356667, 785759.3952084148], [2019209.0860134216, 786064.5251755827], [2019245.45930025, 786142.0830913389], [2019281.2403966773, 786219.2768345876], [2019351.9020007537, 786391.1360709197], [2019520.7313875132, 786335.1899885834], [2019697.2572811705, 786285.0742751653], [2019915.551464008, 786214.6036155898], [2019999.9709145885, 786181.171923921], [2020160.5106197589, 786126.3160625038], [2020336.4564620845, 786061.6432915801], [2020575.4953540878, 785973.7192548346], [2020600.3768660133, 785964.2724233486], [2020784.6192796666, 785895.6042535903], [2020805.3534901736, 785888.7026925847], [2020897.4750250867, 785854.1870135702], [2021451.0959650883, 785649.6480525902], [2021585.8742388324, 785599.5133103358], [2022741.1324270053, 785171.2165947502], [2022915.3128529186, 785106.5582595025], [2023070.8315707585, 785048.8021414183], [2023208.8716490106, 785000.1336035796], [2023398.7541432518, 784930.0300692542], [2023692.0219294266, 784821.4262838319], [2023961.889828012, 784721.5422972472], [2024513.4799321762, 784517.4236109959], [2024999.9061246826, 784336.1923461704], [2025307.6998004187, 784224.704708249], [2025350.9510262618, 784209.0895820165], [2025363.3929305067, 784204.7323072543], [2025543.5083839286, 784139.3662962598], [2025730.7360278352, 784070.0039021518], [2025938.701491178, 783993.016523323], [2026011.2823827572, 783966.144201759], [2026031.727879926, 783953.7859587702], [2026051.5762654261, 783946.8873505025], [2026248.579480337, 783877.1725949087], [2026427.5154741711, 783810.3551432395], [2026745.0998127593, 783691.6112862463], [2026933.2201714225, 783623.7134561596], [2027086.086991669, 783568.5242620835], [2027223.2330428346, 783540.6224150006], [2027275.9583310918, 783530.1148900868], [2027441.5406770844, 783496.7803110915], [2027745.995120674, 783490.8777638352], [2027989.7328221784, 783490.0168731608], [2028118.857235834, 783489.776059992]]]}}, {"type": "Feature", "properties": {"precinct_code": "56", "precinct_name": "56", "county": "DURHAM"}, "geometry": {"type": "Polygon", "coordinates": [[[2022340.57942234, 803701.7349798393], [2022404.6885460927, 803461.5327043377], [2022458.9843692626, 803283.570133759], [2022502.8747014254, 803167.8462838434], [2022532.8431454296, 803067.7647910853], [2022558.9398780006, 802999.7137460759], [2022579.1340633326, 802909.8172723342], [2022602.9187926815, 802769.6892717435], [2022605.0319774298, 802715.8163479913], [2022605.1671477573, 802539.996489671], [2022597.214735837, 802489.7561045894], [2022583.3476375947, 802433.6869910074], [2022545.5389861749, 802335.7373837506], [2022535.2050173434, 802303.6961092495], [2022533.4458345023, 802281.8539613342], [2022535.2447154215, 802251.6417514267], [2022541.476986425, 802229.8058370895], [2022563.4185435937, 802177.7682115042], [2022589.4926384245, 802139.9306887458], [2022637.473513588, 802095.9215904098], [2022637.4797471769, 802087.9130762474], [2022661.5443315955, 801969.9904118198], [2022669.5800766784, 801912.1181522626], [2022669.6634098438, 801804.0055075822], [2022649.904263003, 801711.8941432534], [2022639.8642568442, 801682.0369194957], [2022619.7658718394, 801645.9838420105], [2022605.5759395966, 801624.1321796677], [2022583.6927812537, 801599.7260605054], [2022545.8309803451, 801569.84783941], [2022507.9645862589, 801545.7937536639], [2022473.9397199303, 801529.7508067439], [2022417.7213284215, 801507.8669922509], [2022371.854294182, 801495.8194441749], [2022257.9132490898, 801483.7203870148], [2022201.677797256, 801483.6780642561], [2022130.0549090062, 801479.6196734178], [2022021.7565691755, 801441.6807729136], [2021923.8305839305, 801385.5489954163], [2021893.9474415935, 801371.3301918135], [2021808.1513533439, 801321.396236582], [2021764.0746698373, 801289.3300277547], [2021714.079691098, 801255.4396755776], [2021664.100788429, 801199.3443153491], [2021599.6219147588, 801138.8700268352], [2021580.1003002545, 801121.3831851622], [2021558.2214070125, 801089.3337085724], [2021542.2591685958, 801061.2927541732], [2021524.2319736788, 801023.4217669256], [2021520.1017325986, 801005.2180631709], [2021500.3117459258, 800949.5091850937], [2021472.23765509, 800889.4259719196], [2021464.2517786787, 800881.411880337], [2021456.2796817562, 800855.1967096773], [2021448.3010231706, 800837.3542256642], [2021424.351596011, 800803.1193859971], [2021412.2233394245, 800793.2821353386], [2021402.1675852549, 800783.082352595], [2021390.342477678, 800763.4167095061], [2021382.3654595006, 800743.3901747544], [2021368.5213270953, 800651.284059753], [2021368.530185343, 800639.2716165978], [2021362.3248171809, 800625.0705295064], [2021350.495444507, 800611.2293498551], [2021304.3406811787, 800585.3507926572], [2021290.4411026693, 800569.3239218403], [2021280.3922382602, 800549.2957466568], [2021266.5185783363, 800497.2315463369], [2021252.6258895856, 800471.376283094], [2021228.6741658465, 800439.325822249], [2021210.6509079197, 800395.2668552514], [2021200.609261332, 800365.0461151716], [2021194.7181970023, 800325.3644359951], [2021194.7441155908, 800289.3267784226], [2021196.8208830964, 800282.7759385131], [2021192.7070461824, 800241.2753653515], [2021186.8031865945, 800219.0660921674], [2021174.6890375912, 800189.2082122518], [2021160.795036509, 800165.1731553421], [2021158.4318522504, 800158.6190345972], [2021138.6188997626, 800133.123678757], [2021114.6940788473, 800063.2156820805], [2021100.8217312538, 800008.9674310035], [2021088.9959675076, 799989.302116012], [2021073.0314325104, 799963.0813679227], [2021040.797245011, 799923.0164874163], [2021000.8855794219, 799857.1012649201], [2020963.0342771714, 799807.2040550177], [2020926.958890005, 799756.9443129976], [2020883.1876520957, 799707.0431660834], [2020856.8583084182, 799687.0035079946], [2020840.8845870954, 799673.1597036655], [2020832.9000230148, 799662.9615613538], [2020823.1379034226, 799654.9461574184], [2020813.082477346, 799642.9268245087], [2020811.0162085155, 799634.9169980029], [2020807.1740245987, 799626.9058591723], [2020813.106755508, 799609.0732176609], [2020823.1776015006, 799598.8878705933], [2020866.9990361794, 799578.8984092729], [2020872.6282900127, 799571.258004602], [2020879.1417284324, 799569.0785470052], [2020875.0062380147, 799557.0631510795], [2020863.1765372613, 799542.8581270274], [2020837.144437089, 799520.9985906748], [2020805.1914170068, 799500.9553236577], [2020761.099313587, 799484.9074555031], [2020679.1270365857, 799459.0042920858], [2020653.0837815863, 799452.7979396711], [2020619.0526816687, 799440.761546403], [2020577.339838593, 799408.6989465134], [2020511.3731070007, 799350.7741935799], [2020479.4220554233, 799326.7269975744], [2020457.2321391706, 799312.8789281686], [2020433.268932507, 799294.6614449188], [2020407.2266617562, 799286.9990586784], [2020361.359627501, 799268.7664835948], [2020317.2655555916, 799254.9036504156], [2020275.2466107619, 799236.673700005], [2020249.5071609176, 799218.8194050029], [2020177.3344050064, 799144.5104985132], [2020153.3820250938, 799110.6408155811], [2020093.3378538357, 799046.5330041737], [2020047.7923412616, 798990.4435494165], [2020027.676239757, 798972.5931914123], [2020015.5538886804, 798952.5640319968], [2019995.439755678, 798932.529295175], [2019967.6317404204, 798908.4857080932], [2019907.5600101808, 798884.4198113349], [2019875.602725014, 798868.3814575799], [2019859.625394762, 798858.5422384295], [2019835.659891502, 798842.5094620949], [2019803.7039186805, 798824.6512300808], [2019775.888029426, 798812.2559136745], [2019745.7119086669, 798788.2106861889], [2019609.630816014, 798668.3585636771], [2019589.8119579994, 798648.3244830084], [2019554.0141293393, 798620.2717176016], [2019517.9161044203, 798598.4066038519], [2019401.628935426, 798534.2630313382], [2019357.839981004, 798504.3851383356], [2019330.0316376686, 798479.9777068392], [2019306.0746645934, 798450.1126091135], [2019275.9175726788, 798396.2186880143], [2019229.782494335, 798332.1220314243], [2019198.1477150912, 798274.2228690074], [2019164.1527043432, 798203.9457786026], [2019148.1822638358, 798182.0944443295], [2019120.0799578424, 798154.0472563243], [2019082.2115952543, 798121.9892495857], [2019018.3124448345, 798061.885367176], [2018978.365346252, 798040.018613004], [2018960.3227314206, 798018.1662944988], [2018954.4077170058, 798010.1541714128], [2018948.2069420088, 797986.1250200163], [2018940.2689657523, 797902.0326685], [2018942.353935346, 797882.0130235121], [2018938.224022343, 797860.1695632532], [2018940.3103042543, 797837.9661955775], [2018934.401523427, 797820.125680089], [2018922.2998415988, 797765.8797255828], [2018912.2457278387, 797749.8564636895], [2018898.3435246812, 797733.8309051695], [2018882.3678348365, 797719.9880850865], [2018856.623463749, 797706.1390314207], [2018824.6632258464, 797691.9218682495], [2018794.4723413428, 797687.898582346], [2018762.5081664182, 797679.8697270039], [2018742.3868155917, 797667.8444885857], [2018728.4829720098, 797654.0029808369], [2018710.4479030967, 797619.774046669], [2018698.335722595, 797581.9089649159], [2018690.35214275, 797567.7072216668], [2018668.7836163326, 797503.991141757], [2018662.5749673387, 797491.9747615806], [2018640.683935003, 797469.7559740016], [2018594.5144079162, 797455.8941250915], [2018462.4989239268, 797443.7983487529], [2018430.5340928433, 797435.7698215084], [2018376.6795417522, 797403.7029565141], [2018362.4781265853, 797391.6816551076], [2018336.747206927, 797355.6282495063], [2018304.8099348391, 797303.5542066662], [2018286.7663357574, 797281.7018881564], [2018262.800176336, 797263.4863734219], [2018242.6857152602, 797240.1770368356], [2018238.5439912518, 797235.8063106621], [2018210.7307266726, 797215.7682930235], [2018158.945069089, 797187.7069974305], [2018111.0147187547, 797147.6358833413], [2018061.0207242523, 797093.7311354992], [2018040.902654259, 797075.5179173402], [2018012.8003482532, 797043.4674564998], [2017989.721982346, 797025.252597923], [2017974.9280486715, 797013.5951409081], [2017966.644272596, 797005.5817055112], [2017958.9539992514, 796995.3845474222], [2017956.891667426, 796979.366862912], [2017956.9064311686, 796955.3419765875], [2017978.8571746778, 796881.4602345903], [2018004.9450490023, 796819.5938885002], [2018009.1038333494, 796795.5716268441], [2018011.1907714317, 796771.5480528307], [2017995.232470007, 796727.4923666731], [2017951.158083097, 796673.5912277453], [2017803.2239957596, 796545.3683870927], [2017771.271959929, 796514.4078190973], [2017753.2247519204, 796497.2884307391], [2017633.4064220055, 796377.4556651751], [2017609.4392783358, 796359.2404785008], [2017559.4406906674, 796309.3406439254], [2017555.6017875986, 796293.3216470856], [2017553.5463455033, 796265.2915194154], [2017557.413791834, 796233.2604154997], [2017563.3547248412, 796199.4107456637], [2017581.4386781733, 796155.376056839], [2017585.3015313458, 796131.3534670762], [2017583.5338183334, 796117.1556608388], [2017573.475767598, 796105.5011565898], [2017559.5660185067, 796099.3046466629], [2017496.2210008348, 796090.5307140962], [2017485.5648541753, 796089.0681185855], [2017463.3637830918, 796087.2347889383], [2017445.6056165101, 796081.4001549155], [2017443.5380353346, 796073.3906565026], [2017445.6151309293, 796065.3834546605], [2017451.5652502642, 796015.1532401735], [2017455.7194414276, 795999.1391645822], [2017475.5806221825, 795953.2849255728], [2017483.5901205828, 795925.2607034344], [2017483.5960260923, 795915.4323109993], [2017481.5284449302, 795907.4228126002], [2017475.6150709232, 795895.4067604981], [2017467.6291945116, 795883.3897241639], [2017461.4162804175, 795877.1978074113], [2017453.428435504, 795869.1847000933], [2017441.5918450048, 795861.1692961905], [2017425.610905841, 795853.151595675], [2017375.5847591746, 795847.297932839], [2017341.5448010117, 795841.0892838349], [2017331.4831413461, 795835.2592430048], [2017323.7912275926, 795827.2464637704], [2017313.7344891725, 795813.0440643448], [2017309.8942737577, 795799.2091182576], [2017311.6764224188, 795789.0178656722], [2017323.8253482587, 795769.3682986817], [2017343.6724214265, 795747.1751015774], [2017355.8203630007, 795729.3457409247], [2017359.9719295048, 795717.3355943403], [2017357.9056606747, 795707.1420451702], [2017354.3567832555, 795701.3156132499], [2017323.8844032602, 795669.2644962517], [2017313.8345545987, 795643.0496536896], [2017311.4730107635, 795631.7639150851], [2017309.705297752, 795617.2022644378], [2017306.15707651, 795610.2839711714], [2017293.7312483354, 795597.1721207392], [2017279.8175622507, 795597.1639186644], [2017271.822499514, 795601.1632544878], [2017264.4170025154, 795608.803331103], [2017247.5312095142, 795629.1779622498], [2017233.5929171743, 795671.0315530879], [2017231.8107684997, 795681.2228056778], [2017219.659218012, 795705.2404741736], [2017209.885615514, 795713.243082832], [2017201.596590088, 795713.2384896763], [2017185.6169632527, 795703.0367384083], [2017169.6425857532, 795683.0065947653], [2017147.7607397581, 795641.1323346734], [2017113.7726187557, 795545.0127762656], [2017088.0515415985, 795487.1195193338], [2017051.9777948407, 795413.2039847546], [2017021.816109763, 795354.9442587445], [2017005.850918592, 795318.8977429209], [2016972.7427170866, 795235.8834732511], [2016964.1695715056, 795215.1295777536], [2016952.045908092, 795191.0978016655], [2016942.2916625123, 795164.8832871775], [2016932.245750846, 795131.0241029233], [2016920.1276648333, 795097.1639344232], [2016918.0659891684, 795078.9621991697], [2016920.1519430114, 795054.9382971053], [2016928.1542235927, 795038.9265180755], [2016942.072830929, 795030.9262060066], [2016964.278167082, 795026.9347441837], [2016974.3457322572, 795022.9363926064], [2016982.342435419, 795017.1168504265], [2016988.2722135915, 795001.1037590998], [2017000.1268486665, 794978.905640761], [2017014.3492611789, 794957.0730072359], [2017024.130409582, 794937.0579554222], [2017048.1198629283, 794919.2351564218], [2017070.3242148447, 794917.0642290111], [2017086.3153245905, 794909.0652292577], [2017100.2372127615, 794895.2407818392], [2017126.3355857588, 794815.1730285932], [2017140.284376756, 794755.1190148452], [2017148.293875173, 794727.094464586], [2017150.375563918, 794711.0790766792], [2017138.257806005, 794677.2189081698], [2017126.4228559297, 794665.19957526], [2017103.336616009, 794656.4495927456], [2017078.1785298444, 794646.9706090769], [2017062.2071050846, 794621.1166581636], [2017066.3806531723, 794571.2489757431], [2017064.6195018445, 794545.0390544247], [2017056.638874756, 794523.1936256693], [2017030.6103835104, 794483.1372753583], [2017022.6333653468, 794455.103538746], [2017020.5690650062, 794441.2699049929], [2017028.583156586, 794405.2371686549], [2017044.5962479254, 794359.0167886693], [2017046.6766243437, 794345.1854515058], [2017046.690731927, 794321.1605651721], [2017040.4866760978, 794298.9522762619], [2017032.503752427, 794281.1107764902], [2017016.5310153365, 794257.0767038403], [2017002.6258594254, 794241.0521295757], [2016964.7443735013, 794219.1893124342], [2016954.681073427, 794215.1794779095], [2016946.687979175, 794215.1748847491], [2016918.5551614151, 794228.9911300837], [2016890.7176186736, 794244.9917542449], [2016832.6668817538, 794289.0041334163], [2016802.7581489226, 794302.8193945048], [2016786.770320012, 794304.9942589181], [2016774.648625091, 794276.9585538416], [2016738.8665444274, 794207.0476044272], [2016700.7432610837, 794089.0855700017], [2016659.0615859195, 793980.9499595105], [2016646.9474369292, 793939.0816049315], [2016644.9034777596, 793888.8467972702], [2016618.9176373333, 793770.8916525807], [2016594.9600080855, 793730.8369426689], [2016563.0299538362, 793652.9201037558], [2016545.302955179, 793588.8437883457], [2016526.9982017593, 793498.9223802501], [2016523.1697973462, 793462.8827541808], [2016517.269874752, 793425.0222655836], [2016499.229556502, 793390.7949718426], [2016479.4116827555, 793358.7504165107], [2016469.3569128346, 793338.7242098472], [2016469.3949705062, 793271.0179804162], [2016461.4274667515, 793224.7838209262], [2016445.7637841692, 793175.633328671], [2016435.419972838, 793142.8663338465], [2016395.5414436765, 792982.6783340103], [2016391.715992004, 792940.814900666], [2016367.5024577514, 792826.8653254197], [2016367.5290325119, 792778.8158808359], [2016361.6268133372, 792744.9593212546], [2016357.500837341, 792710.7399015143], [2016365.5336296714, 792640.8538864306], [2016365.8485896734, 792607.0009357545], [2016367.9388085895, 792574.968847588], [2016361.7413144275, 792538.9282372684], [2016353.7879182545, 792466.8493131672], [2016329.5215625903, 792446.8152324986], [2016275.9501474209, 792416.9363552406], [2016252.2727013384, 792402.3628935857], [2016165.8509581683, 792348.8052579159], [2015979.99273409, 792216.5670053416], [2015906.8859249193, 792175.7580318518], [2015623.9278294307, 792018.3528348387], [2015607.9419690089, 792014.3403756829], [2015591.9649668352, 791994.3112162441], [2015586.08276075, 791920.4137262646], [2015590.2487629221, 791880.3744362608], [2015600.3291233336, 791854.5349210049], [2015624.3333404232, 791812.322078922], [2015648.326730758, 791790.4943666778], [2015682.3893266767, 791764.3034741587], [2015690.3883264214, 791754.4793468468], [2015692.4650939254, 791746.4724730836], [2015692.4693590102, 791738.4639589167], [2015690.402105929, 791728.6345822494], [2015680.3443832567, 791712.6126326717], [2015654.3047371826, 791684.5700378361], [2015642.4619130958, 791684.5634761745], [2015628.2536081693, 791678.3679505028], [2015606.3533895025, 791660.519561009], [2015586.2310544245, 791640.4881049995], [2015546.303640842, 791560.384262582], [2015516.457900002, 791450.4369759203], [2015500.4953335081, 791402.3790011642], [2015492.5170030007, 791372.525714409], [2015490.4540150005, 791354.3239791648], [2015490.461232841, 791340.4916577413], [2015492.5412811805, 791326.2961481074], [2015496.3942918472, 791318.2899305113], [2015516.5349995934, 791304.4681077612], [2015544.666505008, 791296.4746854141], [2015548.5188595052, 791290.6525185846], [2015548.5221403374, 791284.1003663316], [2015520.7223271735, 791224.3875592523], [2015474.580687179, 791136.2725780087], [2015444.6985290945, 791094.395365188], [2015422.8022474204, 791068.5391176806], [2015394.689442754, 791040.4952105016], [2015362.7229712612, 791020.4578490161], [2015283.9967507566, 790961.082967756], [2015274.8215722581, 790954.5258942638], [2015250.5532480911, 790934.4927978365], [2015190.7613729257, 790902.428885594], [2015094.8527720873, 790860.1540357581], [2014914.8662554172, 790798.1800783443], [2014879.0441485948, 790790.153519587], [2014744.926962762, 790774.0695622517], [2014691.0409156685, 790771.8582805835], [2014585.04309617, 790771.8057872488], [2014529.0825781666, 790773.9619509279], [2014474.8992875959, 790773.9353761701], [2014384.8863442542, 790781.8992710212], [2014341.06294109, 790787.7020809264], [2014275.0424038472, 790775.6574855836], [2014254.9148194187, 790763.6355279962], [2014229.158309251, 790757.7985974258], [2014206.9569100868, 790747.5955338236], [2014150.9924550971, 790757.7608678181], [2014135.0059384995, 790753.7490648386], [2014119.0184376677, 790751.5574681738], [2014111.0279680954, 790743.5453450786], [2014092.9725580076, 790731.5243717419], [2014083.2038767633, 790727.5155214912], [2014078.4699623447, 790720.5969001551], [2014069.8817249222, 790724.2330477448], [2014047.3729116754, 790737.6906980106], [2013980.4455520958, 790764.2316554124], [2013927.7369960842, 790776.2188361718], [2013848.6823641823, 790777.2736240772], [2013778.515837833, 790766.3202339321], [2013747.135979339, 790755.7493889127], [2013715.1662270115, 790740.0817693222], [2013682.8989030859, 790727.6903899185], [2013654.7778963456, 790713.1169282496], [2013591.4263170066, 790690.5188763386], [2013556.7892471696, 790680.3105634137], [2013520.3733095075, 790675.1973846699], [2013472.1138915855, 790670.8073015999], [2013380.0264773369, 790682.4135775956], [2013326.1345247612, 790692.2173637649], [2013290.00467576, 790709.3095211794], [2013262.7632604244, 790712.9374666619], [2013250.0287058342, 790719.4837134297], [2013208.2771489157, 790728.2012156686], [2013150.5341541762, 790743.0998079216], [2013024.7027129233, 790734.6716751745], [2012994.207039014, 790732.4741730106], [2012914.254114924, 790756.4636263446], [2012879.308646752, 790773.9209405034], [2012810.5991385146, 790815.3880491666], [2012797.8773791771, 790793.1777917738], [2012729.8217410014, 790693.045118001], [2012665.3116994202, 790608.566612417], [2012603.16156125, 790544.47356476], [2012586.2918443368, 790528.085802257], [2012527.6909116802, 790471.6390647653], [2012451.038834006, 790391.1598949998], [2012256.5874512664, 790204.70423116], [2011932.2104753403, 789869.3161224255], [2011736.4159194224, 790063.6192114998], [2011696.4245295962, 790112.3809250003], [2011665.317308335, 790157.5061628416], [2011636.2802929266, 790208.8200365907], [2011611.9794885055, 790262.6844301755], [2011591.5261173383, 790322.3742714206], [2011577.2905815083, 790381.3383923329], [2011569.2118575142, 790595.7382260192], [2011572.5254991793, 791203.2753967418], [2011580.075680926, 791579.3028599173], [2011603.0300313402, 791932.4038597574], [2011611.283951834, 792023.7740838269], [2011618.6441733385, 792128.6124568497], [2011633.9423710846, 792374.6910329285], [2011648.3849275121, 792537.7743681646], [2011654.2914117556, 792575.633872502], [2011662.2736792555, 792604.3939855909], [2011666.703132348, 792633.1527863457], [2011708.6820510048, 792788.9667791683], [2011717.546206503, 792834.1080930847], [2011728.4910665008, 792857.7730720202], [2011736.468084678, 792899.2739732561], [2011749.1770487577, 792953.1528025122], [2011760.7075375034, 792992.8348097492], [2011793.8098335105, 793133.7210109202], [2011800.6001742613, 793181.0453913339], [2011804.4302190829, 793227.6404425097], [2011805.8836282655, 793294.6193111672], [2011803.1903921813, 793365.9649690094], [2011796.6490666715, 793436.2167970042], [2011785.9568308438, 793521.7553398538], [2011723.328347177, 793925.0566985878], [2011716.794239507, 793977.471948092], [2011662.1906741692, 794305.7901890922], [2011634.6139576721, 794417.5311073248], [2011612.3777816729, 794500.1533174228], [2011587.1832782617, 794578.0422692485], [2011553.9914155027, 794666.848522071], [2011534.435680346, 794709.4304579193], [2011385.6895867595, 795051.1810867478], [2011297.6907470068, 795246.6222969341], [2011226.581309169, 795404.2128610065], [2011106.0034663365, 795645.8721546029], [2010959.0736420904, 795906.086857259], [2010725.351340501, 796327.1644271858], [2010666.10080284, 796451.6356349289], [2010499.0040241787, 796838.158483913], [2010483.3019558357, 796874.5544085079], [2010425.2357990132, 797004.4865633437], [2010175.2002098432, 797565.7091941682], [2010106.4756097645, 797709.4710457638], [2009942.0723952488, 798052.3168167692], [2009712.5065814252, 798531.2830504162], [2009678.4397204209, 798610.991224343], [2009549.2854511742, 798908.348897343], [2009469.8781296746, 799153.6692728417], [2009464.5448070022, 799170.7765220806], [2009405.580029919, 799360.7731893285], [2009299.4995334286, 799720.7504877553], [2009275.4949882645, 799812.8388862591], [2009211.487242253, 800047.608429839], [2009192.2261259274, 800117.4934606721], [2009248.4468139992, 800172.1134301688], [2009328.3285440046, 800282.4353879977], [2009432.7584532509, 800448.8238347541], [2009461.75150551, 800491.0586584206], [2009475.6573175925, 800508.1721412563], [2009497.2553715094, 800535.1159850098], [2009537.7910515962, 800579.1752801003], [2009614.7167507573, 800671.6600032666], [2009645.7832896705, 800706.9798144975], [2009738.6869752554, 800812.5750757526], [2009764.4260970051, 800846.8010571686], [2009849.9839967655, 800788.9511072417], [2009868.6338938489, 800779.4927928317], [2009889.0593779243, 800772.2195134109], [2009908.8916873352, 800767.1299566778], [2009931.3877053426, 800763.4974180071], [2009952.402427094, 800763.1404633283], [2010004.4925460082, 800771.1666940066], [2010296.009679513, 800843.3424026654], [2010589.5970188389, 800916.6139096682], [2010823.9918912493, 800976.0337383321], [2011074.9592370852, 801038.7380092577], [2011191.8586095865, 801071.90789042], [2011262.2931800047, 801094.1394732527], [2011311.7143410137, 801112.7234255901], [2011755.012338921, 801308.0097804129], [2011841.1227310009, 801355.3666410835], [2011892.0150176745, 801393.9728630912], [2012001.1903242602, 801491.2092171668], [2012425.7518110878, 801875.7868600938], [2012692.0212916725, 802117.6072425855], [2012745.8630475106, 802174.0529958359], [2012838.1578104217, 802282.2059947505], [2013065.3276316668, 802580.4353851541], [2013084.8499023486, 802606.2893360954], [2013108.216981591, 802637.605218338], [2013164.1223815996, 802708.2494340114], [2013228.0189073368, 802778.5330861008], [2013280.08606042, 802827.3348257473], [2013316.179820253, 802857.2005796727], [2013333.339234756, 802870.6769306774], [2013375.3509617597, 802903.4573769319], [2013438.3705207552, 802947.1682475065], [2013783.3616286647, 803157.7295061764], [2013855.2607630931, 803197.0771965084], [2013920.9492800084, 803226.5935416626], [2013965.9272084238, 803242.9957398275], [2014053.815156013, 803266.3346039096], [2014116.8494787512, 803276.193180017], [2014485.0032700018, 803309.8620759358], [2014892.2212875946, 803346.103145167], [2015054.987694339, 803364.7510737631], [2015073.0391674188, 803368.4003446806], [2015173.9461178344, 803395.3897920098], [2015213.00443867, 803410.6984884297], [2015228.686165838, 803417.9868596888], [2015273.6578606681, 803444.2194187532], [2015320.107570932, 803473.3650297428], [2015348.5061361797, 803498.8610417501], [2015402.0447430015, 803554.5836993454], [2015415.0578403492, 803571.3353062583], [2015428.6608315099, 803591.7273258332], [2015456.15979226, 803639.063845338], [2015471.8283960982, 803671.469620416], [2015488.0786916756, 803722.4406470836], [2015492.5065043417, 803744.2837792356], [2015496.0452111822, 803768.3109621727], [2015879.031649916, 803723.3773250012], [2016134.4543674293, 803694.7592720176], [2016256.0981530088, 803681.3577240101], [2016293.0944700853, 803677.7379805885], [2016399.6405168457, 803672.337072766], [2016455.8697350924, 803675.2806364145], [2016520.6799729161, 803681.505033429], [2016605.0180588372, 803696.4774444193], [2016660.353250012, 803710.7054343335], [2016749.4180325135, 803740.2414645097], [2016821.0225480958, 803768.3116183445], [2016836.701650591, 803779.2410584139], [2016874.5791995085, 803786.9070535967], [2016926.065317004, 803803.6816263346], [2016970.746658088, 803816.4480050168], [2017016.9096235055, 803825.5749552458], [2017076.3908037527, 803834.3459350885], [2017122.853309258, 803837.2852336697], [2017202.7612859309, 803835.8757876655], [2017266.3923922642, 803833.0007934268], [2017573.0082488372, 803815.7098175], [2017878.4384122642, 803802.4257233413], [2018290.416919006, 803780.4739955962], [2018837.3698933418, 803728.037420671], [2019168.5614881678, 803696.217930507], [2019233.9750712512, 803683.5201212626], [2019311.8243250113, 803662.8223280002], [2019370.7336560038, 803640.6560337698], [2019427.5727811747, 803616.3043764064], [2019460.7311794313, 803598.8536239325], [2019524.3855796745, 803562.1302721641], [2019583.600028173, 803526.8600014973], [2019627.4211347555, 803497.4040236783], [2019683.38526167, 803454.4874428322], [2019698.1906782547, 803443.2128591009], [2019848.3235800844, 803319.1842357535], [2020000.028001084, 803497.6550074231], [2020035.8117221748, 803536.6293389223], [2020072.4871737522, 803570.144035677], [2020106.2075787648, 803597.1042835846], [2020140.5221426783, 803620.788947505], [2020184.009588511, 803646.2997232531], [2020226.0209874199, 803666.7137244208], [2020273.0645285097, 803685.6749725889], [2020322.1822124282, 803700.6336040982], [2020374.8533669258, 803713.046637002], [2020387.2837882622, 803712.327150252], [2020408.5911603412, 803714.1621203495], [2020436.1150554265, 803713.8173047432], [2020516.9111536732, 803712.053528752], [2020604.222330765, 803704.8340550093], [2020662.5319254233, 803695.0466729847], [2020748.9651515046, 803673.630705353], [2020874.4727745038, 803640.5940260031], [2020965.9381427618, 803618.4539784192], [2021032.2411597539, 803605.3969179251], [2021142.3416613329, 803597.4674718322], [2021259.533028007, 803606.2886484249], [2021294.449952931, 803613.9582525033], [2021339.4252566712, 803627.4595378295], [2021376.1115350137, 803643.8669853313], [2021411.3152047547, 803663.9135331652], [2021586.441494928, 803770.3345801645], [2021645.0184775156, 803799.4988919303], [2021726.976646932, 803826.8607138416], [2021916.6442465915, 803877.235941172], [2022069.9119846686, 803923.5806647562], [2022163.7041199196, 803955.6849312516], [2022193.2867379172, 803972.0877855837], [2022221.3877315982, 803991.038207018], [2022233.8106069998, 804000.1477688239], [2022266.400436833, 803953.5783081693], [2022278.5555962627, 803925.558351089], [2022284.4916080087, 803903.3576080911], [2022296.3564136778, 803867.6929812538], [2022308.2297494996, 803821.4719450918], [2022330.4777365036, 803753.417619261], [2022340.57942234, 803701.7349798393]]]}}]}